real_name,ob318,ob319,ob365,ob371,ob372,ob418
0,7.742370459154512,7.687686386023822,7.3883242424,8.5828368997,8.5755025111,8.514997154999998
1,7.735945809559021,7.678942584599725,7.3883242424,8.5828368997,8.5755025111,8.514997154999998
2,7.742350637834792,7.688901590678777,7.3883242424,8.5828368997,8.5755025111,8.514997154999998
3,7.75256008974196,7.682103884989331,7.3883242424,8.5828368997,8.5755025111,8.514997154999998
4,7.746960230107375,7.690891352078067,7.3883242424,8.5828368997,8.5755025111,8.514997154999998
5,7.748538863792065,7.685902077203224,7.3883242424,8.5828368997,8.5755025111,8.514997154999998
6,7.7620701182795715,7.671794911621226,7.3883242424,8.5828368997,8.5755025111,8.514997154999998
7,7.75118983744559,7.695584638126208,7.3883242424,8.5828368997,8.5755025111,8.514997154999998
8,7.719361313239354,7.708362335662325,7.3883242424,8.5828368997,8.5755025111,8.514997154999998
9,7.755362311648812,7.674827772316733,7.3883242424,8.5828368997,8.5755025111,8.514997154999998
10,7.735952820290237,7.696858975816118,7.3883242424,8.5828368997,8.5755025111,8.514997154999998
11,7.737668976371518,7.682176068777356,7.3883242424,8.5828368997,8.5755025111,8.514997154999998
12,7.750211579256477,7.694425230298487,7.3883242424,8.5828368997,8.5755025111,8.514997154999998
13,7.74776893404765,7.677378095716902,7.3883242424,8.5828368997,8.5755025111,8.514997154999998
14,7.743040531615933,7.690461683032611,7.3883242424,8.5828368997,8.5755025111,8.514997154999998
15,7.761181248491832,7.686528390732355,7.3883242424,8.5828368997,8.5755025111,8.514997154999998
16,7.747741652401245,7.703848039369438,7.3883242424,8.5828368997,8.5755025111,8.514997154999998
17,7.746318142226492,7.685254540237811,7.3883242424,8.5828368997,8.5755025111,8.514997154999998
18,7.755343429633568,7.697163539084115,7.3883242424,8.5828368997,8.5755025111,8.514997154999998
19,7.716054651936374,7.693880374049683,7.3883242424,8.5828368997,8.5755025111,8.514997154999998
20,7.754490436435694,7.673403028125085,7.3883242424,8.5828368997,8.5755025111,8.514997154999998
21,7.755206676203387,7.676027190304349,7.3883242424,8.5828368997,8.5755025111,8.514997154999998
22,7.74433987157468,7.6881804560090465,7.3883242424,8.5828368997,8.5755025111,8.514997154999998
23,7.734289490355686,7.692174149339562,7.3883242424,8.5828368997,8.5755025111,8.514997154999998
24,7.7435881022348525,7.699582908639123,7.3883242424,8.5828368997,8.5755025111,8.514997154999998
25,7.754715357463191,7.683172934115967,7.3883242424,8.5828368997,8.5755025111,8.514997154999998
26,7.735212634078832,7.684343552353773,7.3883242424,8.5828368997,8.5755025111,8.514997154999998
27,7.72605538966097,7.679817501792528,7.3883242424,8.5828368997,8.5755025111,8.514997154999998
28,7.719275478902856,7.689504074305814,7.3883242424,8.5828368997,8.5755025111,8.514997154999998
29,7.734771135105613,7.688400486883504,7.3883242424,8.5828368997,8.5755025111,8.514997154999998
30,7.757118971521938,7.699518238840674,7.3883242424,8.5828368997,8.5755025111,8.514997154999998
31,7.769135316517638,7.698099510663082,7.3883242424,8.5828368997,8.5755025111,8.514997154999998
32,7.737655500699461,7.703409708564989,7.3883242424,8.5828368997,8.5755025111,8.514997154999998
33,7.746558457759168,7.694970385682984,7.3883242424,8.5828368997,8.5755025111,8.514997154999998
34,7.751995704241027,7.690289145811572,7.3883242424,8.5828368997,8.5755025111,8.514997154999998
35,7.74929741621813,7.685769418220963,7.3883242424,8.5828368997,8.5755025111,8.514997154999998
36,7.733964500925984,7.675711134220776,7.3883242424,8.5828368997,8.5755025111,8.514997154999998
37,7.7489802792823985,7.681272958751274,7.3883242424,8.5828368997,8.5755025111,8.514997154999998
38,7.733510040724509,7.701479334919323,7.3883242424,8.5828368997,8.5755025111,8.514997154999998
39,7.755334147902146,7.694552941674862,7.3883242424,8.5828368997,8.5755025111,8.514997154999998
40,7.747991500267921,7.6906910278754195,7.3883242424,8.5828368997,8.5755025111,8.514997154999998
41,7.748403035601837,7.696976102597435,7.3883242424,8.5828368997,8.5755025111,8.514997154999998
42,7.741586396287314,7.6877529683631805,7.3883242424,8.5828368997,8.5755025111,8.514997154999998
43,7.738767775641658,7.691509028433862,7.3883242424,8.5828368997,8.5755025111,8.514997154999998
44,7.743051802720477,7.6827577972945775,7.3883242424,8.5828368997,8.5755025111,8.514997154999998
45,7.742116065869935,7.702597785249525,7.3883242424,8.5828368997,8.5755025111,8.514997154999998
46,7.729156355256278,7.696244909736312,7.3883242424,8.5828368997,8.5755025111,8.514997154999998
47,7.75450937907573,7.676983276390936,7.3883242424,8.5828368997,8.5755025111,8.514997154999998
48,7.7512889012085,7.686729381412707,7.3883242424,8.5828368997,8.5755025111,8.514997154999998
49,7.7292135597408125,7.672048652074991,7.3883242424,8.5828368997,8.5755025111,8.514997154999998
50,7.726946909728502,7.682222985609427,7.3883242424,8.5828368997,8.5755025111,8.514997154999998
51,7.742172564543417,7.676371969759613,7.3883242424,8.5828368997,8.5755025111,8.514997154999998
52,7.737662581594114,7.682291307098442,7.3883242424,8.5828368997,8.5755025111,8.514997154999998
53,7.741428757974899,7.706726475923602,7.3883242424,8.5828368997,8.5755025111,8.514997154999998
54,7.727317728700485,7.700296445047789,7.3883242424,8.5828368997,8.5755025111,8.514997154999998
55,7.742346040671616,7.708867297831139,7.3883242424,8.5828368997,8.5755025111,8.514997154999998
56,7.739485532968143,7.678416345497783,7.3883242424,8.5828368997,8.5755025111,8.514997154999998
57,7.74702784172749,7.684773163244458,7.3883242424,8.5828368997,8.5755025111,8.514997154999998
58,7.733629420365733,7.693156099001945,7.3883242424,8.5828368997,8.5755025111,8.514997154999998
59,7.746336324019145,7.686270304736251,7.3883242424,8.5828368997,8.5755025111,8.514997154999998
60,7.760571044693856,7.697689445861304,7.3883242424,8.5828368997,8.5755025111,8.514997154999998
61,7.750452748536323,7.695093826330227,7.3883242424,8.5828368997,8.5755025111,8.514997154999998
62,7.749526743211421,7.673815475223706,7.3883242424,8.5828368997,8.5755025111,8.514997154999998
63,7.730735785812175,7.6931227889993155,7.3883242424,8.5828368997,8.5755025111,8.514997154999998
64,7.749503825835427,7.704687338737479,7.3883242424,8.5828368997,8.5755025111,8.514997154999998
65,7.750826200633673,7.712577870451539,7.3883242424,8.5828368997,8.5755025111,8.514997154999998
66,7.745845389356234,7.696333777416793,7.3883242424,8.5828368997,8.5755025111,8.514997154999998
67,7.759466057471013,7.696682634753187,7.3883242424,8.5828368997,8.5755025111,8.514997154999998
68,7.750269707299102,7.68678476961442,7.3883242424,8.5828368997,8.5755025111,8.514997154999998
69,7.737440178909078,7.685577228240285,7.3883242424,8.5828368997,8.5755025111,8.514997154999998
70,7.77038397765764,7.710335762406101,7.3883242424,8.5828368997,8.5755025111,8.514997154999998
71,7.762243572548998,7.689160212918755,7.3883242424,8.5828368997,8.5755025111,8.514997154999998
72,7.742209587245214,7.685434227744478,7.3883242424,8.5828368997,8.5755025111,8.514997154999998
73,7.735772919557603,7.699977803066165,7.3883242424,8.5828368997,8.5755025111,8.514997154999998
74,7.74751496368199,7.695405353711322,7.3883242424,8.5828368997,8.5755025111,8.514997154999998
75,7.741229649637787,7.695607185839973,7.3883242424,8.5828368997,8.5755025111,8.514997154999998
76,7.74626053905161,7.676809892537847,7.3883242424,8.5828368997,8.5755025111,8.514997154999998
77,7.7552138691455585,7.6860658376561934,7.3883242424,8.5828368997,8.5755025111,8.514997154999998
78,7.753614291655863,7.695077271705855,7.3883242424,8.5828368997,8.5755025111,8.514997154999998
79,7.739961705252886,7.696782393329478,7.3883242424,8.5828368997,8.5755025111,8.514997154999998
80,7.744120398725576,7.701923193552593,7.3883242424,8.5828368997,8.5755025111,8.514997154999998
81,7.750804399336735,7.703311058800144,7.3883242424,8.5828368997,8.5755025111,8.514997154999998
82,7.748079212055214,7.709293479182035,7.3883242424,8.5828368997,8.5755025111,8.514997154999998
83,7.744053475814938,7.701241056758233,7.3883242424,8.5828368997,8.5755025111,8.514997154999998
84,7.744239250106507,7.711441138309604,7.3883242424,8.5828368997,8.5755025111,8.514997154999998
85,7.753983229263747,7.685797777197585,7.3883242424,8.5828368997,8.5755025111,8.514997154999998
86,7.743927331982921,7.6893272462990225,7.3883242424,8.5828368997,8.5755025111,8.514997154999998
87,7.747459596310184,7.6873556861212196,7.3883242424,8.5828368997,8.5755025111,8.514997154999998
88,7.7365455252303885,7.696061536424836,7.3883242424,8.5828368997,8.5755025111,8.514997154999998
89,7.757228249172547,7.691393505111305,7.3883242424,8.5828368997,8.5755025111,8.514997154999998
90,7.738493751518385,7.679115438835667,7.3883242424,8.5828368997,8.5755025111,8.514997154999998
91,7.7388201791602915,7.697535672203771,7.3883242424,8.5828368997,8.5755025111,8.514997154999998
92,7.743202757694414,7.691934332697031,7.3883242424,8.5828368997,8.5755025111,8.514997154999998
93,7.742045720175123,7.67568939626379,7.3883242424,8.5828368997,8.5755025111,8.514997154999998
94,7.7474042007516974,7.694897478443882,7.3883242424,8.5828368997,8.5755025111,8.514997154999998
95,7.752250224612312,7.6804314304618115,7.3883242424,8.5828368997,8.5755025111,8.514997154999998
96,7.764126409118317,7.694017260553138,7.3883242424,8.5828368997,8.5755025111,8.514997154999998
97,7.727245774931785,7.703289740252553,7.3883242424,8.5828368997,8.5755025111,8.514997154999998
98,7.737832597286897,7.69099085914817,7.3883242424,8.5828368997,8.5755025111,8.514997154999998
99,7.74491687482942,7.69601562930746,7.3883242424,8.5828368997,8.5755025111,8.514997154999998
100,7.742923708058,7.684513395330586,7.3883242424,8.5828368997,8.5755025111,8.514997154999998
101,7.728114495129814,7.6816985330153855,7.3883242424,8.5828368997,8.5755025111,8.514997154999998
102,7.7536038045599485,7.684656631384872,7.3883242424,8.5828368997,8.5755025111,8.514997154999998
103,7.748419611150469,7.700430827680659,7.3883242424,8.5828368997,8.5755025111,8.514997154999998
104,7.765022620853631,7.692451951740774,7.3883242424,8.5828368997,8.5755025111,8.514997154999998
105,7.744218337428003,7.692262168408509,7.3883242424,8.5828368997,8.5755025111,8.514997154999998
106,7.752742229522787,7.696357700782294,7.3883242424,8.5828368997,8.5755025111,8.514997154999998
107,7.736901898862594,7.695748978255818,7.3883242424,8.5828368997,8.5755025111,8.514997154999998
108,7.735794438462943,7.691581330302566,7.3883242424,8.5828368997,8.5755025111,8.514997154999998
109,7.75398239566631,7.690041057464089,7.3883242424,8.5828368997,8.5755025111,8.514997154999998
110,7.748374760070899,7.69406151916219,7.3883242424,8.5828368997,8.5755025111,8.514997154999998
111,7.751651178216851,7.691861791729811,7.3883242424,8.5828368997,8.5755025111,8.514997154999998
112,7.74950589435033,7.698170993296837,7.3883242424,8.5828368997,8.5755025111,8.514997154999998
113,7.747248505716272,7.697781242119784,7.3883242424,8.5828368997,8.5755025111,8.514997154999998
114,7.734541182410323,7.693454211869024,7.3883242424,8.5828368997,8.5755025111,8.514997154999998
115,7.7470342857968975,7.680647833012342,7.3883242424,8.5828368997,8.5755025111,8.514997154999998
116,7.7410954841144575,7.688640284601293,7.3883242424,8.5828368997,8.5755025111,8.514997154999998
117,7.755782011310609,7.689075076948555,7.3883242424,8.5828368997,8.5755025111,8.514997154999998
118,7.736643484993903,7.68491640164069,7.3883242424,8.5828368997,8.5755025111,8.514997154999998
119,7.762777365880481,7.705936809763994,7.3883242424,8.5828368997,8.5755025111,8.514997154999998
120,7.762904908594271,7.700011269215464,7.3883242424,8.5828368997,8.5755025111,8.514997154999998
121,7.759434381710126,7.696776178352127,7.3883242424,8.5828368997,8.5755025111,8.514997154999998
122,7.757304857990911,7.699767960010429,7.3883242424,8.5828368997,8.5755025111,8.514997154999998
123,7.744008175979214,7.707660184319208,7.3883242424,8.5828368997,8.5755025111,8.514997154999998
124,7.74766457807677,7.692142161710003,7.3883242424,8.5828368997,8.5755025111,8.514997154999998
125,7.729809576672384,7.702300084444696,7.3883242424,8.5828368997,8.5755025111,8.514997154999998
126,7.74767971776507,7.705875851584216,7.3883242424,8.5828368997,8.5755025111,8.514997154999998
127,7.744286485820874,7.6920145094352605,7.3883242424,8.5828368997,8.5755025111,8.514997154999998
128,7.727779261433882,7.695284580399407,7.3883242424,8.5828368997,8.5755025111,8.514997154999998
129,7.735332785775032,7.683831582889299,7.3883242424,8.5828368997,8.5755025111,8.514997154999998
130,7.751355450569907,7.692674205424094,7.3883242424,8.5828368997,8.5755025111,8.514997154999998
131,7.732200974070492,7.7007659133008035,7.3883242424,8.5828368997,8.5755025111,8.514997154999998
132,7.73734993627371,7.673100304811851,7.3883242424,8.5828368997,8.5755025111,8.514997154999998
133,7.755531603853907,7.681642757233146,7.3883242424,8.5828368997,8.5755025111,8.514997154999998
134,7.770476332325387,7.677125391446338,7.3883242424,8.5828368997,8.5755025111,8.514997154999998
135,7.746713728245717,7.69964361900775,7.3883242424,8.5828368997,8.5755025111,8.514997154999998
136,7.760885069962211,7.702870928013507,7.3883242424,8.5828368997,8.5755025111,8.514997154999998
137,7.739925607054634,7.703967359348339,7.3883242424,8.5828368997,8.5755025111,8.514997154999998
138,7.748365791074104,7.704571767529174,7.3883242424,8.5828368997,8.5755025111,8.514997154999998
139,7.759020105185856,7.703787756511401,7.3883242424,8.5828368997,8.5755025111,8.514997154999998
140,7.763761439880796,7.693358271822915,7.3883242424,8.5828368997,8.5755025111,8.514997154999998
141,7.7568749623434865,7.688601983477574,7.3883242424,8.5828368997,8.5755025111,8.514997154999998
142,7.737597419732879,7.693707617572773,7.3883242424,8.5828368997,8.5755025111,8.514997154999998
143,7.737794615068003,7.7002035703877825,7.3883242424,8.5828368997,8.5755025111,8.514997154999998
144,7.7389589871157485,7.680638333564346,7.3883242424,8.5828368997,8.5755025111,8.514997154999998
145,7.737070728053584,7.69038190430737,7.3883242424,8.5828368997,8.5755025111,8.514997154999998
146,7.759243767056419,7.692969061889472,7.3883242424,8.5828368997,8.5755025111,8.514997154999998
147,7.757474197553136,7.689940437539906,7.3883242424,8.5828368997,8.5755025111,8.514997154999998
148,7.741421455902374,7.68346367714116,7.3883242424,8.5828368997,8.5755025111,8.514997154999998
149,7.735283866346138,7.6896437891516385,7.3883242424,8.5828368997,8.5755025111,8.514997154999998
150,7.762155559139106,7.685685027517626,7.3883242424,8.5828368997,8.5755025111,8.514997154999998
151,7.728715787583698,7.6948988601741375,7.3883242424,8.5828368997,8.5755025111,8.514997154999998
152,7.752347201750342,7.695925442200731,7.3883242424,8.5828368997,8.5755025111,8.514997154999998
153,7.74944052514302,7.691678704177768,7.3883242424,8.5828368997,8.5755025111,8.514997154999998
154,7.747971688812539,7.698309199920179,7.3883242424,8.5828368997,8.5755025111,8.514997154999998
155,7.752981756772553,7.7043714880065535,7.3883242424,8.5828368997,8.5755025111,8.514997154999998
156,7.756655094595325,7.675315801846472,7.3883242424,8.5828368997,8.5755025111,8.514997154999998
157,7.7371624665374386,7.693867594543917,7.3883242424,8.5828368997,8.5755025111,8.514997154999998
158,7.750190236586047,7.700424478771341,7.3883242424,8.5828368997,8.5755025111,8.514997154999998
159,7.755118777963552,7.713419621297283,7.3883242424,8.5828368997,8.5755025111,8.514997154999998
160,7.751003285830877,7.677418675496345,7.3883242424,8.5828368997,8.5755025111,8.514997154999998
161,7.748668120117067,7.69677917001027,7.3883242424,8.5828368997,8.5755025111,8.514997154999998
162,7.743447918614941,7.676608355370826,7.3883242424,8.5828368997,8.5755025111,8.514997154999998
163,7.753890304334567,7.678695339845253,7.3883242424,8.5828368997,8.5755025111,8.514997154999998
164,7.732305187207939,7.718099728806583,7.3883242424,8.5828368997,8.5755025111,8.514997154999998
165,7.744634808672415,7.690635417059645,7.3883242424,8.5828368997,8.5755025111,8.514997154999998
166,7.718605833377702,7.685584627913761,7.3883242424,8.5828368997,8.5755025111,8.514997154999998
167,7.746238495192083,7.694007917813181,7.3883242424,8.5828368997,8.5755025111,8.514997154999998
168,7.749206017726292,7.6802547452821885,7.3883242424,8.5828368997,8.5755025111,8.514997154999998
169,7.7600131272730595,7.6856298562339775,7.3883242424,8.5828368997,8.5755025111,8.514997154999998
170,7.750578497277599,7.7048578822018285,7.3883242424,8.5828368997,8.5755025111,8.514997154999998
171,7.745775530520141,7.69033702925255,7.3883242424,8.5828368997,8.5755025111,8.514997154999998
172,7.732719142607396,7.6832841500330575,7.3883242424,8.5828368997,8.5755025111,8.514997154999998
173,7.73353232557412,7.685551618903246,7.3883242424,8.5828368997,8.5755025111,8.514997154999998
174,7.743406214935173,7.6955911391084655,7.3883242424,8.5828368997,8.5755025111,8.514997154999998
175,7.752792693907997,7.677550162367819,7.3883242424,8.5828368997,8.5755025111,8.514997154999998
176,7.743046286073602,7.700382990104046,7.3883242424,8.5828368997,8.5755025111,8.514997154999998
177,7.743220316193341,7.698778121079697,7.3883242424,8.5828368997,8.5755025111,8.514997154999998
178,7.741087549252187,7.6727838780974915,7.3883242424,8.5828368997,8.5755025111,8.514997154999998
179,7.742871481986083,7.696529607050296,7.3883242424,8.5828368997,8.5755025111,8.514997154999998
180,7.751824682842795,7.689397836009584,7.3883242424,8.5828368997,8.5755025111,8.514997154999998
181,7.742334584952739,7.683675816622147,7.3883242424,8.5828368997,8.5755025111,8.514997154999998
182,7.748000178894563,7.701849347723677,7.3883242424,8.5828368997,8.5755025111,8.514997154999998
183,7.747272673223443,7.677782441871886,7.3883242424,8.5828368997,8.5755025111,8.514997154999998
184,7.741460299770042,7.681346945815056,7.3883242424,8.5828368997,8.5755025111,8.514997154999998
185,7.7388470565486065,7.684577007636242,7.3883242424,8.5828368997,8.5755025111,8.514997154999998
186,7.730543669690493,7.684241182744362,7.3883242424,8.5828368997,8.5755025111,8.514997154999998
187,7.741366345255795,7.690803862604128,7.3883242424,8.5828368997,8.5755025111,8.514997154999998
188,7.738056052888128,7.6903066668704865,7.3883242424,8.5828368997,8.5755025111,8.514997154999998
189,7.738207810717725,7.681391806224312,7.3883242424,8.5828368997,8.5755025111,8.514997154999998
190,7.743498273786147,7.696322428654067,7.3883242424,8.5828368997,8.5755025111,8.514997154999998
191,7.742062439742461,7.703524037527408,7.3883242424,8.5828368997,8.5755025111,8.514997154999998
192,7.750618327189027,7.6785059340259805,7.3883242424,8.5828368997,8.5755025111,8.514997154999998
193,7.733384275600387,7.700920582061098,7.3883242424,8.5828368997,8.5755025111,8.514997154999998
194,7.736432974964062,7.684268017974366,7.3883242424,8.5828368997,8.5755025111,8.514997154999998
195,7.7477036770236865,7.677299653136214,7.3883242424,8.5828368997,8.5755025111,8.514997154999998
196,7.740267226833514,7.703571187894577,7.3883242424,8.5828368997,8.5755025111,8.514997154999998
197,7.742707618969691,7.689431103708815,7.3883242424,8.5828368997,8.5755025111,8.514997154999998
198,7.73148442290068,7.681308819989321,7.3883242424,8.5828368997,8.5755025111,8.514997154999998
199,7.754788473328925,7.702689932388336,7.3883242424,8.5828368997,8.5755025111,8.514997154999998
200,7.749976891432556,7.693778562371967,7.3883242424,8.5828368997,8.5755025111,8.514997154999998
201,7.753234465485365,7.688435148673179,7.3883242424,8.5828368997,8.5755025111,8.514997154999998
202,7.76736810834293,7.681471695820066,7.3883242424,8.5828368997,8.5755025111,8.514997154999998
203,7.741908175433027,7.700076862804401,7.3883242424,8.5828368997,8.5755025111,8.514997154999998
204,7.755084628043816,7.680074019436299,7.3883242424,8.5828368997,8.5755025111,8.514997154999998
205,7.750740666488816,7.700869082132413,7.3883242424,8.5828368997,8.5755025111,8.514997154999998
206,7.724587694734686,7.689474186247093,7.3883242424,8.5828368997,8.5755025111,8.514997154999998
207,7.742024232128312,7.680819906864168,7.3883242424,8.5828368997,8.5755025111,8.514997154999998
208,7.746286510113925,7.6812000714246995,7.3883242424,8.5828368997,8.5755025111,8.514997154999998
209,7.761399474684322,7.664422328855715,7.3883242424,8.5828368997,8.5755025111,8.514997154999998
210,7.759109271895171,7.688849729811205,7.3883242424,8.5828368997,8.5755025111,8.514997154999998
211,7.7570336481398,7.6900557157456175,7.3883242424,8.5828368997,8.5755025111,8.514997154999998
212,7.742759457519683,7.719197844202575,7.3883242424,8.5828368997,8.5755025111,8.514997154999998
213,7.744915140380507,7.679003900625811,7.3883242424,8.5828368997,8.5755025111,8.514997154999998
214,7.74887808714591,7.696218691585088,7.3883242424,8.5828368997,8.5755025111,8.514997154999998
215,7.754620336337792,7.686448815465423,7.3883242424,8.5828368997,8.5755025111,8.514997154999998
216,7.7583951798135775,7.702478550999723,7.3883242424,8.5828368997,8.5755025111,8.514997154999998
217,7.730235059168127,7.675117176242696,7.3883242424,8.5828368997,8.5755025111,8.514997154999998
218,7.732696278930424,7.678276302872778,7.3883242424,8.5828368997,8.5755025111,8.514997154999998
219,7.751249205682643,7.691359954839631,7.3883242424,8.5828368997,8.5755025111,8.514997154999998
220,7.745102893944367,7.693520891447657,7.3883242424,8.5828368997,8.5755025111,8.514997154999998
221,7.742293926763934,7.7077294331787085,7.3883242424,8.5828368997,8.5755025111,8.514997154999998
222,7.744580508058739,7.687695489193824,7.3883242424,8.5828368997,8.5755025111,8.514997154999998
223,7.747867045935696,7.702479430715958,7.3883242424,8.5828368997,8.5755025111,8.514997154999998
224,7.755768137091862,7.680316439530123,7.3883242424,8.5828368997,8.5755025111,8.514997154999998
225,7.732135466413635,7.688698361987425,7.3883242424,8.5828368997,8.5755025111,8.514997154999998
226,7.749308534668626,7.715054589809715,7.3883242424,8.5828368997,8.5755025111,8.514997154999998
227,7.743539040800162,7.699382433794339,7.3883242424,8.5828368997,8.5755025111,8.514997154999998
228,7.732332783487805,7.68443650401177,7.3883242424,8.5828368997,8.5755025111,8.514997154999998
229,7.743561662446254,7.705085358466741,7.3883242424,8.5828368997,8.5755025111,8.514997154999998
230,7.7484669024315265,7.6874508766476355,7.3883242424,8.5828368997,8.5755025111,8.514997154999998
231,7.752947051562379,7.693020875099725,7.3883242424,8.5828368997,8.5755025111,8.514997154999998
232,7.728898868552912,7.697309441012391,7.3883242424,8.5828368997,8.5755025111,8.514997154999998
233,7.749920603452834,7.700344425153792,7.3883242424,8.5828368997,8.5755025111,8.514997154999998
234,7.751202199088221,7.68786042032195,7.3883242424,8.5828368997,8.5755025111,8.514997154999998
235,7.738624296301718,7.701748523991302,7.3883242424,8.5828368997,8.5755025111,8.514997154999998
236,7.75329742032144,7.682296530197414,7.3883242424,8.5828368997,8.5755025111,8.514997154999998
237,7.747768834074515,7.700664424332787,7.3883242424,8.5828368997,8.5755025111,8.514997154999998
238,7.73837771255809,7.688627539030987,7.3883242424,8.5828368997,8.5755025111,8.514997154999998
239,7.749425787946768,7.6976006644614525,7.3883242424,8.5828368997,8.5755025111,8.514997154999998
240,7.7482835188271775,7.701948296637455,7.3883242424,8.5828368997,8.5755025111,8.514997154999998
241,7.727666954232454,7.701758872101294,7.3883242424,8.5828368997,8.5755025111,8.514997154999998
242,7.734512702416915,7.683424544267757,7.3883242424,8.5828368997,8.5755025111,8.514997154999998
243,7.7378620410320895,7.6976953065103855,7.3883242424,8.5828368997,8.5755025111,8.514997154999998
244,7.7361110145591425,7.694527222586727,7.3883242424,8.5828368997,8.5755025111,8.514997154999998
245,7.740297559701745,7.702296308187553,7.3883242424,8.5828368997,8.5755025111,8.514997154999998
246,7.7501245202281135,7.6839671661839075,7.3883242424,8.5828368997,8.5755025111,8.514997154999998
247,7.751974708514174,7.70040675831303,7.3883242424,8.5828368997,8.5755025111,8.514997154999998
248,7.740324706186851,7.685943865578035,7.3883242424,8.5828368997,8.5755025111,8.514997154999998
249,7.74275651928948,7.69206293635553,7.3883242424,8.5828368997,8.5755025111,8.514997154999998
250,7.744390045356245,7.6748210734438,7.3883242424,8.5828368997,8.5755025111,8.514997154999998
251,7.73789299963945,7.706604128133758,7.3883242424,8.5828368997,8.5755025111,8.514997154999998
252,7.742610262386755,7.705175147419883,7.3883242424,8.5828368997,8.5755025111,8.514997154999998
253,7.753173228808264,7.6938513509071935,7.3883242424,8.5828368997,8.5755025111,8.514997154999998
254,7.745383127598713,7.682044764935551,7.3883242424,8.5828368997,8.5755025111,8.514997154999998
255,7.738682974973184,7.686152792606098,7.3883242424,8.5828368997,8.5755025111,8.514997154999998
256,7.728474282536445,7.69523226706527,7.3883242424,8.5828368997,8.5755025111,8.514997154999998
257,7.738080807448511,7.6781944051990525,7.3883242424,8.5828368997,8.5755025111,8.514997154999998
258,7.748159738319152,7.687502670503613,7.3883242424,8.5828368997,8.5755025111,8.514997154999998
259,7.760064723014192,7.701752569020722,7.3883242424,8.5828368997,8.5755025111,8.514997154999998
260,7.753567023385963,7.690304193507723,7.3883242424,8.5828368997,8.5755025111,8.514997154999998
261,7.747618744527037,7.698038933361702,7.3883242424,8.5828368997,8.5755025111,8.514997154999998
262,7.747942762999074,7.692670478462961,7.3883242424,8.5828368997,8.5755025111,8.514997154999998
263,7.754034630633455,7.674518726379245,7.3883242424,8.5828368997,8.5755025111,8.514997154999998
264,7.739898445111646,7.698932059651796,7.3883242424,8.5828368997,8.5755025111,8.514997154999998
265,7.74127147233124,7.6939746671451985,7.3883242424,8.5828368997,8.5755025111,8.514997154999998
266,7.7187377172986045,7.659980703520191,7.3883242424,8.5828368997,8.5755025111,8.514997154999998
267,7.762048760783807,7.68777694918321,7.3883242424,8.5828368997,8.5755025111,8.514997154999998
268,7.751850836451845,7.67796857894816,7.3883242424,8.5828368997,8.5755025111,8.514997154999998
269,7.751827499900435,7.678364370503243,7.3883242424,8.5828368997,8.5755025111,8.514997154999998
270,7.755461906269706,7.685732857152267,7.3883242424,8.5828368997,8.5755025111,8.514997154999998
271,7.752948982760965,7.699581680995011,7.3883242424,8.5828368997,8.5755025111,8.514997154999998
272,7.752773376277715,7.700333388928722,7.3883242424,8.5828368997,8.5755025111,8.514997154999998
273,7.744636291301074,7.699048811836499,7.3883242424,8.5828368997,8.5755025111,8.514997154999998
274,7.75750145871911,7.697333854067562,7.3883242424,8.5828368997,8.5755025111,8.514997154999998
275,7.74229064558093,7.69012769381133,7.3883242424,8.5828368997,8.5755025111,8.514997154999998
276,7.732644628205515,7.70640505570929,7.3883242424,8.5828368997,8.5755025111,8.514997154999998
277,7.730153943415635,7.701965398019101,7.3883242424,8.5828368997,8.5755025111,8.514997154999998
278,7.74424756033867,7.680323592845607,7.3883242424,8.5828368997,8.5755025111,8.514997154999998
279,7.752512943242259,7.706116939925581,7.3883242424,8.5828368997,8.5755025111,8.514997154999998
280,7.740865424477922,7.7123701037125105,7.3883242424,8.5828368997,8.5755025111,8.514997154999998
281,7.745330575273002,7.70496047663575,7.3883242424,8.5828368997,8.5755025111,8.514997154999998
282,7.754955158480973,7.689936951883807,7.3883242424,8.5828368997,8.5755025111,8.514997154999998
283,7.734597622425027,7.683688149490141,7.3883242424,8.5828368997,8.5755025111,8.514997154999998
284,7.7467928475353105,7.712383662386624,7.3883242424,8.5828368997,8.5755025111,8.514997154999998
285,7.771455163148363,7.699572999386131,7.3883242424,8.5828368997,8.5755025111,8.514997154999998
286,7.740645595643747,7.687459301169819,7.3883242424,8.5828368997,8.5755025111,8.514997154999998
287,7.761031471450798,7.69472549288305,7.3883242424,8.5828368997,8.5755025111,8.514997154999998
288,7.728548638517341,7.6816149030460945,7.3883242424,8.5828368997,8.5755025111,8.514997154999998
289,7.759073552132703,7.693497098632378,7.3883242424,8.5828368997,8.5755025111,8.514997154999998
290,7.748776662693863,7.689465791237587,7.3883242424,8.5828368997,8.5755025111,8.514997154999998
291,7.736495707591127,7.699105632082608,7.3883242424,8.5828368997,8.5755025111,8.514997154999998
292,7.745417723647125,7.699160608833505,7.3883242424,8.5828368997,8.5755025111,8.514997154999998
293,7.733428250546139,7.680129291149696,7.3883242424,8.5828368997,8.5755025111,8.514997154999998
294,7.73541931840325,7.695711422135072,7.3883242424,8.5828368997,8.5755025111,8.514997154999998
295,7.750940598688318,7.683113905839521,7.3883242424,8.5828368997,8.5755025111,8.514997154999998
296,7.748050165368578,7.695905099352648,7.3883242424,8.5828368997,8.5755025111,8.514997154999998
297,7.7467562215656685,7.67738932858295,7.3883242424,8.5828368997,8.5755025111,8.514997154999998
298,7.758065016197446,7.706629481951069,7.3883242424,8.5828368997,8.5755025111,8.514997154999998
299,7.743860830436954,7.697962748029697,7.3883242424,8.5828368997,8.5755025111,8.514997154999998
300,7.761378054703592,7.696615057465326,7.3883242424,8.5828368997,8.5755025111,8.514997154999998
301,7.745150230428155,7.693615248627381,7.3883242424,8.5828368997,8.5755025111,8.514997154999998
302,7.745766809883823,7.687148931127363,7.3883242424,8.5828368997,8.5755025111,8.514997154999998
303,7.746010416060054,7.694598961169059,7.3883242424,8.5828368997,8.5755025111,8.514997154999998
304,7.745910321520046,7.692297202869882,7.3883242424,8.5828368997,8.5755025111,8.514997154999998
305,7.747700887644483,7.680443270083351,7.3883242424,8.5828368997,8.5755025111,8.514997154999998
306,7.754180830251256,7.69227135866839,7.3883242424,8.5828368997,8.5755025111,8.514997154999998
307,7.752394339176846,7.689839980734942,7.3883242424,8.5828368997,8.5755025111,8.514997154999998
308,7.762158502881416,7.699991704067237,7.3883242424,8.5828368997,8.5755025111,8.514997154999998
309,7.753217738300333,7.6812463253137375,7.3883242424,8.5828368997,8.5755025111,8.514997154999998
310,7.760987130144333,7.698300366799341,7.3883242424,8.5828368997,8.5755025111,8.514997154999998
311,7.744116905904485,7.6913888381473505,7.3883242424,8.5828368997,8.5755025111,8.514997154999998
312,7.757369875608227,7.714838052266183,7.3883242424,8.5828368997,8.5755025111,8.514997154999998
313,7.732292779225787,7.691871528918189,7.3883242424,8.5828368997,8.5755025111,8.514997154999998
314,7.747160672283795,7.677974596652856,7.3883242424,8.5828368997,8.5755025111,8.514997154999998
315,7.7625021642953485,7.6675263861861405,7.3883242424,8.5828368997,8.5755025111,8.514997154999998
316,7.743268760049735,7.707253330455488,7.3883242424,8.5828368997,8.5755025111,8.514997154999998
317,7.743540318452368,7.682896211937393,7.3883242424,8.5828368997,8.5755025111,8.514997154999998
318,7.721554414200755,7.721298908628325,7.3883242424,8.5828368997,8.5755025111,8.514997154999998
319,7.750756669019306,7.681046842852253,7.3883242424,8.5828368997,8.5755025111,8.514997154999998
320,7.7482371334843245,7.706805406794073,7.3883242424,8.5828368997,8.5755025111,8.514997154999998
321,7.733230430063362,7.690481609994093,7.3883242424,8.5828368997,8.5755025111,8.514997154999998
322,7.744085569823466,7.705784979977153,7.3883242424,8.5828368997,8.5755025111,8.514997154999998
323,7.736368101229269,7.692044944537994,7.3883242424,8.5828368997,8.5755025111,8.514997154999998
324,7.749505013433361,7.685007015810152,7.3883242424,8.5828368997,8.5755025111,8.514997154999998
325,7.728641674417757,7.694723045865299,7.3883242424,8.5828368997,8.5755025111,8.514997154999998
326,7.737151290539766,7.706713277152692,7.3883242424,8.5828368997,8.5755025111,8.514997154999998
327,7.749197158539687,7.697109916501499,7.3883242424,8.5828368997,8.5755025111,8.514997154999998
328,7.750514745901136,7.708263898696657,7.3883242424,8.5828368997,8.5755025111,8.514997154999998
329,7.760152121316963,7.694348511322842,7.3883242424,8.5828368997,8.5755025111,8.514997154999998
330,7.738098637379037,7.706493130904638,7.3883242424,8.5828368997,8.5755025111,8.514997154999998
331,7.74173288173199,7.706481605175479,7.3883242424,8.5828368997,8.5755025111,8.514997154999998
332,7.734668417167311,7.703474733964557,7.3883242424,8.5828368997,8.5755025111,8.514997154999998
333,7.7400317205848514,7.679312300249458,7.3883242424,8.5828368997,8.5755025111,8.514997154999998
334,7.754186274696525,7.690936169914076,7.3883242424,8.5828368997,8.5755025111,8.514997154999998
335,7.747617099835654,7.702941664934637,7.3883242424,8.5828368997,8.5755025111,8.514997154999998
336,7.749364386200976,7.697683646939095,7.3883242424,8.5828368997,8.5755025111,8.514997154999998
337,7.736891017302932,7.696529307244445,7.3883242424,8.5828368997,8.5755025111,8.514997154999998
338,7.744713680344457,7.689174427492999,7.3883242424,8.5828368997,8.5755025111,8.514997154999998
339,7.746092734429552,7.689799478758462,7.3883242424,8.5828368997,8.5755025111,8.514997154999998
340,7.752037729219001,7.697685485426587,7.3883242424,8.5828368997,8.5755025111,8.514997154999998
341,7.751742625223958,7.701700700422831,7.3883242424,8.5828368997,8.5755025111,8.514997154999998
342,7.740184442907568,7.700758462437603,7.3883242424,8.5828368997,8.5755025111,8.514997154999998
343,7.740238695693143,7.696240214080662,7.3883242424,8.5828368997,8.5755025111,8.514997154999998
344,7.739379248910936,7.68950875727984,7.3883242424,8.5828368997,8.5755025111,8.514997154999998
345,7.758249598008,7.699601780882179,7.3883242424,8.5828368997,8.5755025111,8.514997154999998
346,7.754876167919728,7.696288076249367,7.3883242424,8.5828368997,8.5755025111,8.514997154999998
347,7.740260384787053,7.69805933290746,7.3883242424,8.5828368997,8.5755025111,8.514997154999998
348,7.732100011754173,7.690304682834187,7.3883242424,8.5828368997,8.5755025111,8.514997154999998
349,7.735174266015982,7.68710645552491,7.3883242424,8.5828368997,8.5755025111,8.514997154999998
350,7.754236847832956,7.70517846616613,7.3883242424,8.5828368997,8.5755025111,8.514997154999998
351,7.7540281931305985,7.687645286257,7.3883242424,8.5828368997,8.5755025111,8.514997154999998
352,7.732253649374227,7.698336137435443,7.3883242424,8.5828368997,8.5755025111,8.514997154999998
353,7.7378769356920944,7.691791835450296,7.3883242424,8.5828368997,8.5755025111,8.514997154999998
354,7.743364015140593,7.711147524060983,7.3883242424,8.5828368997,8.5755025111,8.514997154999998
355,7.7471891748402415,7.692901826096773,7.3883242424,8.5828368997,8.5755025111,8.514997154999998
356,7.732730802533528,7.696859988182507,7.3883242424,8.5828368997,8.5755025111,8.514997154999998
357,7.755992061976376,7.694679705716002,7.3883242424,8.5828368997,8.5755025111,8.514997154999998
358,7.768307238740809,7.698318388278145,7.3883242424,8.5828368997,8.5755025111,8.514997154999998
359,7.743678120131817,7.688757075216179,7.3883242424,8.5828368997,8.5755025111,8.514997154999998
360,7.75348587055835,7.699710898205456,7.3883242424,8.5828368997,8.5755025111,8.514997154999998
361,7.743898584264832,7.681002177989303,7.3883242424,8.5828368997,8.5755025111,8.514997154999998
362,7.767433729212059,7.711856917944086,7.3883242424,8.5828368997,8.5755025111,8.514997154999998
363,7.7440709516763375,7.710488316432001,7.3883242424,8.5828368997,8.5755025111,8.514997154999998
364,7.730802324270822,7.694300172311578,7.3883242424,8.5828368997,8.5755025111,8.514997154999998
365,7.734124578739139,7.707643428131128,7.3883242424,8.5828368997,8.5755025111,8.514997154999998
366,7.734635230202237,7.697689821169875,7.3883242424,8.5828368997,8.5755025111,8.514997154999998
367,7.747027428810397,7.677758139104901,7.3883242424,8.5828368997,8.5755025111,8.514997154999998
368,7.734553060268112,7.690420860592896,7.3883242424,8.5828368997,8.5755025111,8.514997154999998
369,7.745702623130265,7.693561514456296,7.3883242424,8.5828368997,8.5755025111,8.514997154999998
370,7.734414892834989,7.690899836732601,7.3883242424,8.5828368997,8.5755025111,8.514997154999998
371,7.750931380639261,7.673794267701473,7.3883242424,8.5828368997,8.5755025111,8.514997154999998
372,7.738697222070964,7.69147345935592,7.3883242424,8.5828368997,8.5755025111,8.514997154999998
373,7.740546078198435,7.701150810850498,7.3883242424,8.5828368997,8.5755025111,8.514997154999998
374,7.743013391342503,7.692080038511492,7.3883242424,8.5828368997,8.5755025111,8.514997154999998
375,7.742501478714892,7.709621009281869,7.3883242424,8.5828368997,8.5755025111,8.514997154999998
376,7.755337772201521,7.69556758680341,7.3883242424,8.5828368997,8.5755025111,8.514997154999998
377,7.739629709358323,7.710595171268226,7.3883242424,8.5828368997,8.5755025111,8.514997154999998
378,7.73242698079761,7.683849645138831,7.3883242424,8.5828368997,8.5755025111,8.514997154999998
379,7.741444575426499,7.710034621015095,7.3883242424,8.5828368997,8.5755025111,8.514997154999998
380,7.740516802578669,7.68838928651946,7.3883242424,8.5828368997,8.5755025111,8.514997154999998
381,7.737377910284446,7.69676778867452,7.3883242424,8.5828368997,8.5755025111,8.514997154999998
382,7.724686966058963,7.703362308617642,7.3883242424,8.5828368997,8.5755025111,8.514997154999998
383,7.743801822503744,7.699515521072071,7.3883242424,8.5828368997,8.5755025111,8.514997154999998
384,7.748215894720157,7.684648131920011,7.3883242424,8.5828368997,8.5755025111,8.514997154999998
385,7.7488389958413535,7.705320215894909,7.3883242424,8.5828368997,8.5755025111,8.514997154999998
386,7.761104439260904,7.707811315260075,7.3883242424,8.5828368997,8.5755025111,8.514997154999998
387,7.728659745220473,7.71182922478541,7.3883242424,8.5828368997,8.5755025111,8.514997154999998
388,7.7186251233228065,7.682939972678073,7.3883242424,8.5828368997,8.5755025111,8.514997154999998
389,7.743597157290457,7.680097259096834,7.3883242424,8.5828368997,8.5755025111,8.514997154999998
390,7.724720960459126,7.6901299218572285,7.3883242424,8.5828368997,8.5755025111,8.514997154999998
391,7.75528356495987,7.680304036183939,7.3883242424,8.5828368997,8.5755025111,8.514997154999998
392,7.748538186192693,7.705335813666032,7.3883242424,8.5828368997,8.5755025111,8.514997154999998
393,7.730425305284196,7.689276911971141,7.3883242424,8.5828368997,8.5755025111,8.514997154999998
394,7.755994899247447,7.6993004572343455,7.3883242424,8.5828368997,8.5755025111,8.514997154999998
395,7.744950204191504,7.702670508751701,7.3883242424,8.5828368997,8.5755025111,8.514997154999998
396,7.750287584889123,7.702770687008439,7.3883242424,8.5828368997,8.5755025111,8.514997154999998
397,7.734345335422538,7.701201861413613,7.3883242424,8.5828368997,8.5755025111,8.514997154999998
398,7.742856614695395,7.721806748272731,7.3883242424,8.5828368997,8.5755025111,8.514997154999998
399,7.726773867866076,7.686841091490323,7.3883242424,8.5828368997,8.5755025111,8.514997154999998
400,7.748973366642517,7.686537159901025,7.3883242424,8.5828368997,8.5755025111,8.514997154999998
401,7.771833189968907,7.677331562810653,7.3883242424,8.5828368997,8.5755025111,8.514997154999998
402,7.744529908351411,7.7026359630274515,7.3883242424,8.5828368997,8.5755025111,8.514997154999998
403,7.747204088004822,7.693265604456437,7.3883242424,8.5828368997,8.5755025111,8.514997154999998
404,7.730258048019394,7.695530080473395,7.3883242424,8.5828368997,8.5755025111,8.514997154999998
405,7.739559208227473,7.710369892003848,7.3883242424,8.5828368997,8.5755025111,8.514997154999998
406,7.738518038172762,7.679934579982448,7.3883242424,8.5828368997,8.5755025111,8.514997154999998
407,7.744324656269451,7.681056359652366,7.3883242424,8.5828368997,8.5755025111,8.514997154999998
408,7.722005817603748,7.6921956821459805,7.3883242424,8.5828368997,8.5755025111,8.514997154999998
409,7.748371040734351,7.706194033840789,7.3883242424,8.5828368997,8.5755025111,8.514997154999998
410,7.75519796948624,7.695317550554239,7.3883242424,8.5828368997,8.5755025111,8.514997154999998
411,7.733895048844598,7.692023757759664,7.3883242424,8.5828368997,8.5755025111,8.514997154999998
412,7.7457248830555185,7.675814042080584,7.3883242424,8.5828368997,8.5755025111,8.514997154999998
413,7.749500121680128,7.697316211610915,7.3883242424,8.5828368997,8.5755025111,8.514997154999998
414,7.738100356435543,7.6720020849853885,7.3883242424,8.5828368997,8.5755025111,8.514997154999998
415,7.744541222501981,7.706969045797238,7.3883242424,8.5828368997,8.5755025111,8.514997154999998
416,7.739388362093707,7.681020305140938,7.3883242424,8.5828368997,8.5755025111,8.514997154999998
417,7.7484887724811715,7.693810997134869,7.3883242424,8.5828368997,8.5755025111,8.514997154999998
418,7.752516793206762,7.686184368366383,7.3883242424,8.5828368997,8.5755025111,8.514997154999998
419,7.741146038019537,7.698656365046547,7.3883242424,8.5828368997,8.5755025111,8.514997154999998
420,7.753353935596943,7.676835150166551,7.3883242424,8.5828368997,8.5755025111,8.514997154999998
421,7.7556985632401245,7.680219936849578,7.3883242424,8.5828368997,8.5755025111,8.514997154999998
422,7.7301814112469,7.690069121040758,7.3883242424,8.5828368997,8.5755025111,8.514997154999998
423,7.74938169214024,7.716420626474513,7.3883242424,8.5828368997,8.5755025111,8.514997154999998
424,7.76188979158892,7.69681132708765,7.3883242424,8.5828368997,8.5755025111,8.514997154999998
425,7.7538289196312675,7.696830264840902,7.3883242424,8.5828368997,8.5755025111,8.514997154999998
426,7.757947692951048,7.68164375771875,7.3883242424,8.5828368997,8.5755025111,8.514997154999998
427,7.752936149778787,7.705091667049394,7.3883242424,8.5828368997,8.5755025111,8.514997154999998
428,7.7415141256399504,7.69181197822253,7.3883242424,8.5828368997,8.5755025111,8.514997154999998
429,7.745313303741638,7.705001378524142,7.3883242424,8.5828368997,8.5755025111,8.514997154999998
430,7.737186181946952,7.687106302525966,7.3883242424,8.5828368997,8.5755025111,8.514997154999998
431,7.745123039251421,7.698885141354981,7.3883242424,8.5828368997,8.5755025111,8.514997154999998
432,7.728693754661953,7.698513527807168,7.3883242424,8.5828368997,8.5755025111,8.514997154999998
433,7.727161370665203,7.6952390104391215,7.3883242424,8.5828368997,8.5755025111,8.514997154999998
434,7.7489370238429505,7.693323270900934,7.3883242424,8.5828368997,8.5755025111,8.514997154999998
435,7.749167480145576,7.699311880998101,7.3883242424,8.5828368997,8.5755025111,8.514997154999998
436,7.7476938235495805,7.696358524743875,7.3883242424,8.5828368997,8.5755025111,8.514997154999998
437,7.744720738024494,7.705079204594859,7.3883242424,8.5828368997,8.5755025111,8.514997154999998
438,7.739119321028989,7.691812482913223,7.3883242424,8.5828368997,8.5755025111,8.514997154999998
439,7.740864002157922,7.709948897139587,7.3883242424,8.5828368997,8.5755025111,8.514997154999998
440,7.7479312186524,7.694784598652654,7.3883242424,8.5828368997,8.5755025111,8.514997154999998
441,7.738614811980221,7.700303046938641,7.3883242424,8.5828368997,8.5755025111,8.514997154999998
442,7.7636412758518,7.711316810381558,7.3883242424,8.5828368997,8.5755025111,8.514997154999998
443,7.745547658862638,7.702312297219774,7.3883242424,8.5828368997,8.5755025111,8.514997154999998
444,7.741355295836115,7.692852643770019,7.3883242424,8.5828368997,8.5755025111,8.514997154999998
445,7.749740224643959,7.686209458936266,7.3883242424,8.5828368997,8.5755025111,8.514997154999998
446,7.759331650840517,7.700496638923793,7.3883242424,8.5828368997,8.5755025111,8.514997154999998
447,7.742294907863154,7.703276877775439,7.3883242424,8.5828368997,8.5755025111,8.514997154999998
448,7.744141232505472,7.696234887924666,7.3883242424,8.5828368997,8.5755025111,8.514997154999998
449,7.746037107819661,7.710125193277638,7.3883242424,8.5828368997,8.5755025111,8.514997154999998
450,7.728069368209499,7.691820179087736,7.3883242424,8.5828368997,8.5755025111,8.514997154999998
451,7.735596627948235,7.694086584596752,7.3883242424,8.5828368997,8.5755025111,8.514997154999998
452,7.746789900054645,7.686746862767096,7.3883242424,8.5828368997,8.5755025111,8.514997154999998
453,7.742813199180771,7.683628176950176,7.3883242424,8.5828368997,8.5755025111,8.514997154999998
454,7.753006408672817,7.700723975864086,7.3883242424,8.5828368997,8.5755025111,8.514997154999998
455,7.741026768177535,7.707552455584093,7.3883242424,8.5828368997,8.5755025111,8.514997154999998
456,7.751822584870102,7.68035884143836,7.3883242424,8.5828368997,8.5755025111,8.514997154999998
457,7.75655240322439,7.701135522993489,7.3883242424,8.5828368997,8.5755025111,8.514997154999998
458,7.739689541891464,7.6888584900111185,7.3883242424,8.5828368997,8.5755025111,8.514997154999998
459,7.742610940115549,7.679979642769051,7.3883242424,8.5828368997,8.5755025111,8.514997154999998
460,7.735877925406837,7.699696122805166,7.3883242424,8.5828368997,8.5755025111,8.514997154999998
461,7.742318046442654,7.688867086512589,7.3883242424,8.5828368997,8.5755025111,8.514997154999998
462,7.7493916214830305,7.699722669591238,7.3883242424,8.5828368997,8.5755025111,8.514997154999998
463,7.759651769158909,7.714124444261794,7.3883242424,8.5828368997,8.5755025111,8.514997154999998
464,7.745062449756613,7.702655295753942,7.3883242424,8.5828368997,8.5755025111,8.514997154999998
465,7.742235276413407,7.682266082791198,7.3883242424,8.5828368997,8.5755025111,8.514997154999998
466,7.735858057109239,7.696034547579645,7.3883242424,8.5828368997,8.5755025111,8.514997154999998
467,7.7393531978891215,7.705778162630573,7.3883242424,8.5828368997,8.5755025111,8.514997154999998
468,7.7566219769863585,7.69891251015601,7.3883242424,8.5828368997,8.5755025111,8.514997154999998
469,7.760054356332189,7.69967830681371,7.3883242424,8.5828368997,8.5755025111,8.514997154999998
470,7.740412400478176,7.702851879021417,7.3883242424,8.5828368997,8.5755025111,8.514997154999998
471,7.736489850901939,7.693253225814389,7.3883242424,8.5828368997,8.5755025111,8.514997154999998
472,7.7454355504010834,7.695068571089907,7.3883242424,8.5828368997,8.5755025111,8.514997154999998
473,7.739196340939179,7.702965862717357,7.3883242424,8.5828368997,8.5755025111,8.514997154999998
474,7.750010230225904,7.682000512857934,7.3883242424,8.5828368997,8.5755025111,8.514997154999998
475,7.740079386576611,7.686053793982448,7.3883242424,8.5828368997,8.5755025111,8.514997154999998
476,7.754315063441711,7.687967425686115,7.3883242424,8.5828368997,8.5755025111,8.514997154999998
477,7.7593232857090655,7.715121650134289,7.3883242424,8.5828368997,8.5755025111,8.514997154999998
478,7.74289560214561,7.702437406411379,7.3883242424,8.5828368997,8.5755025111,8.514997154999998
479,7.74295515927425,7.698039023056464,7.3883242424,8.5828368997,8.5755025111,8.514997154999998
480,7.749460977997603,7.691732968057545,7.3883242424,8.5828368997,8.5755025111,8.514997154999998
481,7.746439854686707,7.676698441629503,7.3883242424,8.5828368997,8.5755025111,8.514997154999998
482,7.7571858804029725,7.696401177917597,7.3883242424,8.5828368997,8.5755025111,8.514997154999998
483,7.747287863494355,7.678761328706349,7.3883242424,8.5828368997,8.5755025111,8.514997154999998
484,7.7488521912502755,7.688089264944826,7.3883242424,8.5828368997,8.5755025111,8.514997154999998
485,7.732332017725614,7.70162874745757,7.3883242424,8.5828368997,8.5755025111,8.514997154999998
486,7.74822779990506,7.690676221039526,7.3883242424,8.5828368997,8.5755025111,8.514997154999998
487,7.740103781238893,7.681267863019187,7.3883242424,8.5828368997,8.5755025111,8.514997154999998
488,7.7521054197212225,7.696446452327219,7.3883242424,8.5828368997,8.5755025111,8.514997154999998
489,7.746301559026342,7.698262825136323,7.3883242424,8.5828368997,8.5755025111,8.514997154999998
490,7.751787269982515,7.694371813662744,7.3883242424,8.5828368997,8.5755025111,8.514997154999998
491,7.754877485392805,7.675627530326586,7.3883242424,8.5828368997,8.5755025111,8.514997154999998
492,7.74635221600124,7.677339762658958,7.3883242424,8.5828368997,8.5755025111,8.514997154999998
493,7.7412933349784945,7.684873221412573,7.3883242424,8.5828368997,8.5755025111,8.514997154999998
494,7.758261910549902,7.68837287028256,7.3883242424,8.5828368997,8.5755025111,8.514997154999998
495,7.736463186198125,7.711710022859453,7.3883242424,8.5828368997,8.5755025111,8.514997154999998
496,7.757123733653079,7.703870551396871,7.3883242424,8.5828368997,8.5755025111,8.514997154999998
497,7.763812815469518,7.688688636918944,7.3883242424,8.5828368997,8.5755025111,8.514997154999998
498,7.746296258103194,7.681698584013422,7.3883242424,8.5828368997,8.5755025111,8.514997154999998
499,7.742904481485756,7.689842004593485,7.3883242424,8.5828368997,8.5755025111,8.514997154999998
500,7.748018737994397,7.687360739664304,7.3883242424,8.5828368997,8.5755025111,8.514997154999998
501,7.739497366290304,7.692830351570115,7.3883242424,8.5828368997,8.5755025111,8.514997154999998
502,7.763559715370698,7.709283859008559,7.3883242424,8.5828368997,8.5755025111,8.514997154999998
503,7.740811934708485,7.695862398708166,7.3883242424,8.5828368997,8.5755025111,8.514997154999998
504,7.736245548807034,7.675894782956216,7.3883242424,8.5828368997,8.5755025111,8.514997154999998
505,7.753067190356509,7.689556726721568,7.3883242424,8.5828368997,8.5755025111,8.514997154999998
506,7.736998602026368,7.678158228090931,7.3883242424,8.5828368997,8.5755025111,8.514997154999998
507,7.761444522329843,7.695644089710637,7.3883242424,8.5828368997,8.5755025111,8.514997154999998
508,7.749680543617285,7.6861024776350115,7.3883242424,8.5828368997,8.5755025111,8.514997154999998
509,7.735625614233961,7.691722302417418,7.3883242424,8.5828368997,8.5755025111,8.514997154999998
510,7.77347241002562,7.690310131235451,7.3883242424,8.5828368997,8.5755025111,8.514997154999998
511,7.725277191232679,7.694700551215319,7.3883242424,8.5828368997,8.5755025111,8.514997154999998
512,7.745352480963241,7.670799878259789,7.3883242424,8.5828368997,8.5755025111,8.514997154999998
513,7.747911749820835,7.676145782889365,7.3883242424,8.5828368997,8.5755025111,8.514997154999998
514,7.729301344257091,7.696013193732286,7.3883242424,8.5828368997,8.5755025111,8.514997154999998
515,7.736784392030483,7.698724564529271,7.3883242424,8.5828368997,8.5755025111,8.514997154999998
516,7.740333097217214,7.699296561431778,7.3883242424,8.5828368997,8.5755025111,8.514997154999998
517,7.751389462767187,7.695001414627854,7.3883242424,8.5828368997,8.5755025111,8.514997154999998
518,7.745540704918566,7.687969231570358,7.3883242424,8.5828368997,8.5755025111,8.514997154999998
519,7.749099454801023,7.684896781429034,7.3883242424,8.5828368997,8.5755025111,8.514997154999998
520,7.752983892666867,7.714411718470853,7.3883242424,8.5828368997,8.5755025111,8.514997154999998
521,7.747437677233769,7.685832748281807,7.3883242424,8.5828368997,8.5755025111,8.514997154999998
522,7.7432120418154655,7.703920791389133,7.3883242424,8.5828368997,8.5755025111,8.514997154999998
523,7.731314441850278,7.696734509908203,7.3883242424,8.5828368997,8.5755025111,8.514997154999998
524,7.756271711786135,7.693215729226787,7.3883242424,8.5828368997,8.5755025111,8.514997154999998
525,7.749049483847204,7.705851769687424,7.3883242424,8.5828368997,8.5755025111,8.514997154999998
526,7.746111266394767,7.701594977880631,7.3883242424,8.5828368997,8.5755025111,8.514997154999998
527,7.742269104658192,7.695134199704105,7.3883242424,8.5828368997,8.5755025111,8.514997154999998
528,7.733499135846831,7.695676723804752,7.3883242424,8.5828368997,8.5755025111,8.514997154999998
529,7.756089623798749,7.69952139276933,7.3883242424,8.5828368997,8.5755025111,8.514997154999998
530,7.755287349606661,7.684646602617331,7.3883242424,8.5828368997,8.5755025111,8.514997154999998
531,7.749129771824681,7.697142768810713,7.3883242424,8.5828368997,8.5755025111,8.514997154999998
532,7.748309968767449,7.688882122708898,7.3883242424,8.5828368997,8.5755025111,8.514997154999998
533,7.7435163743464095,7.681646485887662,7.3883242424,8.5828368997,8.5755025111,8.514997154999998
534,7.756587392648296,7.688403430390154,7.3883242424,8.5828368997,8.5755025111,8.514997154999998
535,7.728671594867887,7.688449707052294,7.3883242424,8.5828368997,8.5755025111,8.514997154999998
536,7.748678486371819,7.697188425343795,7.3883242424,8.5828368997,8.5755025111,8.514997154999998
537,7.739791680144701,7.699542920917421,7.3883242424,8.5828368997,8.5755025111,8.514997154999998
538,7.730557580582867,7.695200957854235,7.3883242424,8.5828368997,8.5755025111,8.514997154999998
539,7.736284769052192,7.7001275455851665,7.3883242424,8.5828368997,8.5755025111,8.514997154999998
540,7.748530853329557,7.712546601779534,7.3883242424,8.5828368997,8.5755025111,8.514997154999998
541,7.739872322569779,7.692305325906373,7.3883242424,8.5828368997,8.5755025111,8.514997154999998
542,7.737250601437526,7.690317761066229,7.3883242424,8.5828368997,8.5755025111,8.514997154999998
543,7.729542567919024,7.693983968217783,7.3883242424,8.5828368997,8.5755025111,8.514997154999998
544,7.732673230905485,7.697280062543536,7.3883242424,8.5828368997,8.5755025111,8.514997154999998
545,7.7481856086000835,7.692600125300091,7.3883242424,8.5828368997,8.5755025111,8.514997154999998
546,7.740797091624502,7.681732520784872,7.3883242424,8.5828368997,8.5755025111,8.514997154999998
547,7.739628503075106,7.688957745937398,7.3883242424,8.5828368997,8.5755025111,8.514997154999998
548,7.76054174360379,7.69643088226421,7.3883242424,8.5828368997,8.5755025111,8.514997154999998
549,7.741745270528874,7.678507430070271,7.3883242424,8.5828368997,8.5755025111,8.514997154999998
550,7.7505216200031315,7.687504608666115,7.3883242424,8.5828368997,8.5755025111,8.514997154999998
551,7.734952154543768,7.706585805288518,7.3883242424,8.5828368997,8.5755025111,8.514997154999998
552,7.73880586115404,7.708982356732581,7.3883242424,8.5828368997,8.5755025111,8.514997154999998
553,7.739121246713342,7.707400957093392,7.3883242424,8.5828368997,8.5755025111,8.514997154999998
554,7.7478865712418115,7.69705402329859,7.3883242424,8.5828368997,8.5755025111,8.514997154999998
555,7.745647222697741,7.690321748353617,7.3883242424,8.5828368997,8.5755025111,8.514997154999998
556,7.748087921478011,7.691188081226786,7.3883242424,8.5828368997,8.5755025111,8.514997154999998
557,7.733959268748346,7.6934523232805665,7.3883242424,8.5828368997,8.5755025111,8.514997154999998
558,7.7351056985535935,7.679049809910614,7.3883242424,8.5828368997,8.5755025111,8.514997154999998
559,7.751119975685325,7.692600010303174,7.3883242424,8.5828368997,8.5755025111,8.514997154999998
560,7.758510160130358,7.691976160402968,7.3883242424,8.5828368997,8.5755025111,8.514997154999998
561,7.747577588346557,7.69973462179833,7.3883242424,8.5828368997,8.5755025111,8.514997154999998
562,7.7478706492939695,7.702835620195365,7.3883242424,8.5828368997,8.5755025111,8.514997154999998
563,7.763550369857067,7.6912717515004845,7.3883242424,8.5828368997,8.5755025111,8.514997154999998
564,7.730368672973632,7.683081860322181,7.3883242424,8.5828368997,8.5755025111,8.514997154999998
565,7.751714576779919,7.678149784474134,7.3883242424,8.5828368997,8.5755025111,8.514997154999998
566,7.74515088505096,7.689129755858167,7.3883242424,8.5828368997,8.5755025111,8.514997154999998
567,7.754764740728558,7.695106161188423,7.3883242424,8.5828368997,8.5755025111,8.514997154999998
568,7.728902861910591,7.688274622898339,7.3883242424,8.5828368997,8.5755025111,8.514997154999998
569,7.747303560013923,7.686615212412024,7.3883242424,8.5828368997,8.5755025111,8.514997154999998
570,7.761477817880099,7.676772705424237,7.3883242424,8.5828368997,8.5755025111,8.514997154999998
571,7.733845681906864,7.684152569381769,7.3883242424,8.5828368997,8.5755025111,8.514997154999998
572,7.735041371212979,7.69372195579468,7.3883242424,8.5828368997,8.5755025111,8.514997154999998
573,7.742125251362075,7.685814832055915,7.3883242424,8.5828368997,8.5755025111,8.514997154999998
574,7.743837204927682,7.688064118621966,7.3883242424,8.5828368997,8.5755025111,8.514997154999998
575,7.737361235255368,7.682480944639037,7.3883242424,8.5828368997,8.5755025111,8.514997154999998
576,7.742245626070483,7.705871427588794,7.3883242424,8.5828368997,8.5755025111,8.514997154999998
577,7.748767740430894,7.701118521487282,7.3883242424,8.5828368997,8.5755025111,8.514997154999998
578,7.739146302621723,7.683652021238565,7.3883242424,8.5828368997,8.5755025111,8.514997154999998
579,7.738330241458215,7.675586648587669,7.3883242424,8.5828368997,8.5755025111,8.514997154999998
580,7.746816988658481,7.673369089683856,7.3883242424,8.5828368997,8.5755025111,8.514997154999998
581,7.738740796288038,7.7196349544080975,7.3883242424,8.5828368997,8.5755025111,8.514997154999998
582,7.743170904156673,7.688843245622935,7.3883242424,8.5828368997,8.5755025111,8.514997154999998
583,7.745017407154114,7.698642304805144,7.3883242424,8.5828368997,8.5755025111,8.514997154999998
584,7.743034553791037,7.702866673577814,7.3883242424,8.5828368997,8.5755025111,8.514997154999998
585,7.740391029677182,7.684033926515042,7.3883242424,8.5828368997,8.5755025111,8.514997154999998
586,7.7527787486562385,7.694613991135739,7.3883242424,8.5828368997,8.5755025111,8.514997154999998
587,7.7454486085948275,7.679672186805197,7.3883242424,8.5828368997,8.5755025111,8.514997154999998
588,7.741316126018231,7.6983498627778335,7.3883242424,8.5828368997,8.5755025111,8.514997154999998
589,7.7509858784852,7.6792159081911615,7.3883242424,8.5828368997,8.5755025111,8.514997154999998
590,7.740486665013565,7.70356190990151,7.3883242424,8.5828368997,8.5755025111,8.514997154999998
591,7.742736943836975,7.713937606683787,7.3883242424,8.5828368997,8.5755025111,8.514997154999998
592,7.748185235448272,7.704215677485296,7.3883242424,8.5828368997,8.5755025111,8.514997154999998
593,7.753628851979903,7.6966416389086065,7.3883242424,8.5828368997,8.5755025111,8.514997154999998
594,7.733813932635664,7.7039625687922815,7.3883242424,8.5828368997,8.5755025111,8.514997154999998
595,7.760340945933886,7.678471909003437,7.3883242424,8.5828368997,8.5755025111,8.514997154999998
596,7.738332003119517,7.705686169786951,7.3883242424,8.5828368997,8.5755025111,8.514997154999998
597,7.728296929747402,7.712168612033357,7.3883242424,8.5828368997,8.5755025111,8.514997154999998
598,7.743110135102141,7.669246576185194,7.3883242424,8.5828368997,8.5755025111,8.514997154999998
599,7.744656628615186,7.696638236661807,7.3883242424,8.5828368997,8.5755025111,8.514997154999998
600,7.757818637278678,7.696062991744568,7.3883242424,8.5828368997,8.5755025111,8.514997154999998
601,7.753013337690104,7.689395969023,7.3883242424,8.5828368997,8.5755025111,8.514997154999998
602,7.738743975152564,7.700160002432423,7.3883242424,8.5828368997,8.5755025111,8.514997154999998
603,7.748731527385473,7.700853703747079,7.3883242424,8.5828368997,8.5755025111,8.514997154999998
604,7.762109569377412,7.69011860680719,7.3883242424,8.5828368997,8.5755025111,8.514997154999998
605,7.744691047780842,7.689942945692259,7.3883242424,8.5828368997,8.5755025111,8.514997154999998
606,7.739550688003704,7.685417394727826,7.3883242424,8.5828368997,8.5755025111,8.514997154999998
607,7.766615659468537,7.6773836657435695,7.3883242424,8.5828368997,8.5755025111,8.514997154999998
608,7.768543387230563,7.70502786284393,7.3883242424,8.5828368997,8.5755025111,8.514997154999998
609,7.741243984344509,7.705571885591997,7.3883242424,8.5828368997,8.5755025111,8.514997154999998
610,7.751631565840624,7.697425848840342,7.3883242424,8.5828368997,8.5755025111,8.514997154999998
611,7.7439542059938065,7.684924019479388,7.3883242424,8.5828368997,8.5755025111,8.514997154999998
612,7.740371627756672,7.691501045923258,7.3883242424,8.5828368997,8.5755025111,8.514997154999998
613,7.73342275509071,7.685977256187651,7.3883242424,8.5828368997,8.5755025111,8.514997154999998
614,7.742350117184404,7.694919726647715,7.3883242424,8.5828368997,8.5755025111,8.514997154999998
615,7.749199705388093,7.69204644272837,7.3883242424,8.5828368997,8.5755025111,8.514997154999998
616,7.761776356585481,7.689871041236117,7.3883242424,8.5828368997,8.5755025111,8.514997154999998
617,7.755312408957078,7.685087706113221,7.3883242424,8.5828368997,8.5755025111,8.514997154999998
618,7.73161776370891,7.704773877816469,7.3883242424,8.5828368997,8.5755025111,8.514997154999998
619,7.74949294836689,7.70874578316487,7.3883242424,8.5828368997,8.5755025111,8.514997154999998
620,7.771806088475731,7.682935446088862,7.3883242424,8.5828368997,8.5755025111,8.514997154999998
621,7.734836984867098,7.691779082484379,7.3883242424,8.5828368997,8.5755025111,8.514997154999998
622,7.725891566366445,7.694797700722683,7.3883242424,8.5828368997,8.5755025111,8.514997154999998
623,7.725280832868535,7.687460101587501,7.3883242424,8.5828368997,8.5755025111,8.514997154999998
624,7.730681013248237,7.692387935829374,7.3883242424,8.5828368997,8.5755025111,8.514997154999998
625,7.743759720010215,7.688887407871797,7.3883242424,8.5828368997,8.5755025111,8.514997154999998
626,7.733102318924101,7.704118740265251,7.3883242424,8.5828368997,8.5755025111,8.514997154999998
627,7.746331618313648,7.695357575028205,7.3883242424,8.5828368997,8.5755025111,8.514997154999998
628,7.733479279620355,7.692414573956698,7.3883242424,8.5828368997,8.5755025111,8.514997154999998
629,7.753315186066893,7.707053529966397,7.3883242424,8.5828368997,8.5755025111,8.514997154999998
630,7.758457739722963,7.69691154993225,7.3883242424,8.5828368997,8.5755025111,8.514997154999998
631,7.7530202680857405,7.685509917343155,7.3883242424,8.5828368997,8.5755025111,8.514997154999998
632,7.75948041389507,7.681219305279635,7.3883242424,8.5828368997,8.5755025111,8.514997154999998
633,7.74748527917458,7.693174590890118,7.3883242424,8.5828368997,8.5755025111,8.514997154999998
634,7.7459521788740515,7.719119098534592,7.3883242424,8.5828368997,8.5755025111,8.514997154999998
635,7.727997351184384,7.670725088662185,7.3883242424,8.5828368997,8.5755025111,8.514997154999998
636,7.741529864296854,7.679771363788544,7.3883242424,8.5828368997,8.5755025111,8.514997154999998
637,7.74126771750061,7.691383519647294,7.3883242424,8.5828368997,8.5755025111,8.514997154999998
638,7.726123433234186,7.692784054060249,7.3883242424,8.5828368997,8.5755025111,8.514997154999998
639,7.751431356421718,7.68009792932548,7.3883242424,8.5828368997,8.5755025111,8.514997154999998
640,7.744699238748928,7.690461237195602,7.3883242424,8.5828368997,8.5755025111,8.514997154999998
641,7.751143924605859,7.695623774954705,7.3883242424,8.5828368997,8.5755025111,8.514997154999998
642,7.7460310814081454,7.703870024365056,7.3883242424,8.5828368997,8.5755025111,8.514997154999998
643,7.758472917771715,7.705868143459954,7.3883242424,8.5828368997,8.5755025111,8.514997154999998
644,7.755518892477935,7.6983325090293935,7.3883242424,8.5828368997,8.5755025111,8.514997154999998
645,7.742327175011702,7.688336049148483,7.3883242424,8.5828368997,8.5755025111,8.514997154999998
646,7.753337441840592,7.695764034763082,7.3883242424,8.5828368997,8.5755025111,8.514997154999998
647,7.745777562927113,7.695399952223258,7.3883242424,8.5828368997,8.5755025111,8.514997154999998
648,7.749040244271562,7.690426430682383,7.3883242424,8.5828368997,8.5755025111,8.514997154999998
649,7.738119890232346,7.690589567619569,7.3883242424,8.5828368997,8.5755025111,8.514997154999998
650,7.737445435891423,7.691855603659398,7.3883242424,8.5828368997,8.5755025111,8.514997154999998
651,7.7570400669569315,7.7001583914179905,7.3883242424,8.5828368997,8.5755025111,8.514997154999998
652,7.74935326762553,7.706967143908203,7.3883242424,8.5828368997,8.5755025111,8.514997154999998
653,7.7684753688099875,7.694403531688506,7.3883242424,8.5828368997,8.5755025111,8.514997154999998
654,7.744372282358715,7.70648951074115,7.3883242424,8.5828368997,8.5755025111,8.514997154999998
655,7.7425509482705746,7.686681177065781,7.3883242424,8.5828368997,8.5755025111,8.514997154999998
656,7.750776836869733,7.707013264876154,7.3883242424,8.5828368997,8.5755025111,8.514997154999998
657,7.7402327220125855,7.69130476360991,7.3883242424,8.5828368997,8.5755025111,8.514997154999998
658,7.737536827941748,7.7009869594753235,7.3883242424,8.5828368997,8.5755025111,8.514997154999998
659,7.740930645046178,7.684248589688934,7.3883242424,8.5828368997,8.5755025111,8.514997154999998
660,7.719820800778956,7.677772677429301,7.3883242424,8.5828368997,8.5755025111,8.514997154999998
661,7.742689807934631,7.702746374326749,7.3883242424,8.5828368997,8.5755025111,8.514997154999998
662,7.729474782020129,7.6835306705230275,7.3883242424,8.5828368997,8.5755025111,8.514997154999998
663,7.73282371162779,7.69509675302839,7.3883242424,8.5828368997,8.5755025111,8.514997154999998
664,7.755529993955419,7.677016807025523,7.3883242424,8.5828368997,8.5755025111,8.514997154999998
665,7.744090116403625,7.685504858357859,7.3883242424,8.5828368997,8.5755025111,8.514997154999998
666,7.758252717456541,7.704669659473369,7.3883242424,8.5828368997,8.5755025111,8.514997154999998
667,7.746034633595669,7.6845843246566705,7.3883242424,8.5828368997,8.5755025111,8.514997154999998
668,7.76867473893289,7.6967619738268125,7.3883242424,8.5828368997,8.5755025111,8.514997154999998
669,7.739885728498467,7.694742129996304,7.3883242424,8.5828368997,8.5755025111,8.514997154999998
670,7.757582294000081,7.688069878750845,7.3883242424,8.5828368997,8.5755025111,8.514997154999998
671,7.746824532367945,7.696964227954208,7.3883242424,8.5828368997,8.5755025111,8.514997154999998
672,7.747599449789728,7.687112571259701,7.3883242424,8.5828368997,8.5755025111,8.514997154999998
673,7.743566911610442,7.697491704644871,7.3883242424,8.5828368997,8.5755025111,8.514997154999998
674,7.7347455249260495,7.700983114834024,7.3883242424,8.5828368997,8.5755025111,8.514997154999998
675,7.748085178693025,7.707573427385605,7.3883242424,8.5828368997,8.5755025111,8.514997154999998
676,7.740462096464949,7.696324004499152,7.3883242424,8.5828368997,8.5755025111,8.514997154999998
677,7.769901425378653,7.692204730133151,7.3883242424,8.5828368997,8.5755025111,8.514997154999998
678,7.749173085277149,7.685410479459778,7.3883242424,8.5828368997,8.5755025111,8.514997154999998
679,7.7424843640593375,7.700328512612505,7.3883242424,8.5828368997,8.5755025111,8.514997154999998
680,7.7549756331342685,7.685365382770782,7.3883242424,8.5828368997,8.5755025111,8.514997154999998
681,7.749602165756554,7.690974922925306,7.3883242424,8.5828368997,8.5755025111,8.514997154999998
682,7.728759566534735,7.699826693038789,7.3883242424,8.5828368997,8.5755025111,8.514997154999998
683,7.737275440064235,7.684829902556807,7.3883242424,8.5828368997,8.5755025111,8.514997154999998
684,7.745746257182189,7.678103545669054,7.3883242424,8.5828368997,8.5755025111,8.514997154999998
685,7.750428350765249,7.690406704932266,7.3883242424,8.5828368997,8.5755025111,8.514997154999998
686,7.7563220294000335,7.6926581037649004,7.3883242424,8.5828368997,8.5755025111,8.514997154999998
687,7.73700418576769,7.689392188923039,7.3883242424,8.5828368997,8.5755025111,8.514997154999998
688,7.747181311064477,7.686632926561659,7.3883242424,8.5828368997,8.5755025111,8.514997154999998
689,7.744447394624631,7.697183825190844,7.3883242424,8.5828368997,8.5755025111,8.514997154999998
690,7.75569985549398,7.710753558213539,7.3883242424,8.5828368997,8.5755025111,8.514997154999998
691,7.745897212765925,7.691921815723645,7.3883242424,8.5828368997,8.5755025111,8.514997154999998
692,7.749207437102605,7.6833226132588734,7.3883242424,8.5828368997,8.5755025111,8.514997154999998
693,7.7552857009308145,7.681526295708426,7.3883242424,8.5828368997,8.5755025111,8.514997154999998
694,7.74199825422939,7.687728569765895,7.3883242424,8.5828368997,8.5755025111,8.514997154999998
695,7.753255356320518,7.689613044063299,7.3883242424,8.5828368997,8.5755025111,8.514997154999998
696,7.748715877522566,7.692591083149632,7.3883242424,8.5828368997,8.5755025111,8.514997154999998
697,7.741086133222525,7.690950344935872,7.3883242424,8.5828368997,8.5755025111,8.514997154999998
698,7.750682934483129,7.714518486510797,7.3883242424,8.5828368997,8.5755025111,8.514997154999998
699,7.740996213619579,7.690479138643677,7.3883242424,8.5828368997,8.5755025111,8.514997154999998
700,7.741058036277321,7.690514017444546,7.3883242424,8.5828368997,8.5755025111,8.514997154999998
701,7.768657199171774,7.696783551937165,7.3883242424,8.5828368997,8.5755025111,8.514997154999998
702,7.737478770626934,7.7035754668955345,7.3883242424,8.5828368997,8.5755025111,8.514997154999998
703,7.754662699990053,7.696887880446659,7.3883242424,8.5828368997,8.5755025111,8.514997154999998
704,7.737536863363246,7.696550818806583,7.3883242424,8.5828368997,8.5755025111,8.514997154999998
705,7.745627389416968,7.6819817190527555,7.3883242424,8.5828368997,8.5755025111,8.514997154999998
706,7.754681674122321,7.694178909843242,7.3883242424,8.5828368997,8.5755025111,8.514997154999998
707,7.723727243748099,7.691179739095909,7.3883242424,8.5828368997,8.5755025111,8.514997154999998
708,7.759438800600829,7.684945850043696,7.3883242424,8.5828368997,8.5755025111,8.514997154999998
709,7.759777496141125,7.686112804779904,7.3883242424,8.5828368997,8.5755025111,8.514997154999998
710,7.753138015290102,7.695712965794772,7.3883242424,8.5828368997,8.5755025111,8.514997154999998
711,7.739123500325694,7.693928085508669,7.3883242424,8.5828368997,8.5755025111,8.514997154999998
712,7.757822520087022,7.666612558730497,7.3883242424,8.5828368997,8.5755025111,8.514997154999998
713,7.743147831030118,7.680852964909395,7.3883242424,8.5828368997,8.5755025111,8.514997154999998
714,7.763811217778387,7.6901580795619155,7.3883242424,8.5828368997,8.5755025111,8.514997154999998
715,7.748134431677912,7.689530936191962,7.3883242424,8.5828368997,8.5755025111,8.514997154999998
716,7.741337910262722,7.669125883735978,7.3883242424,8.5828368997,8.5755025111,8.514997154999998
717,7.734849204997752,7.685513399710035,7.3883242424,8.5828368997,8.5755025111,8.514997154999998
718,7.743522447071054,7.70011111074217,7.3883242424,8.5828368997,8.5755025111,8.514997154999998
719,7.7469578297723825,7.695065166644286,7.3883242424,8.5828368997,8.5755025111,8.514997154999998
720,7.748654958804048,7.67710100538824,7.3883242424,8.5828368997,8.5755025111,8.514997154999998
721,7.759196305413885,7.696886388586168,7.3883242424,8.5828368997,8.5755025111,8.514997154999998
722,7.735957130849028,7.6908215117769085,7.3883242424,8.5828368997,8.5755025111,8.514997154999998
723,7.746912018919578,7.690773378280736,7.3883242424,8.5828368997,8.5755025111,8.514997154999998
724,7.750293763858296,7.7209473265457245,7.3883242424,8.5828368997,8.5755025111,8.514997154999998
725,7.749399582961343,7.687391201354894,7.3883242424,8.5828368997,8.5755025111,8.514997154999998
726,7.730958269379008,7.707712555580225,7.3883242424,8.5828368997,8.5755025111,8.514997154999998
727,7.752322841179279,7.697934791742256,7.3883242424,8.5828368997,8.5755025111,8.514997154999998
728,7.744017006569493,7.697128320705283,7.3883242424,8.5828368997,8.5755025111,8.514997154999998
729,7.728887308331408,7.687113710366912,7.3883242424,8.5828368997,8.5755025111,8.514997154999998
730,7.731072624925264,7.683496906945707,7.3883242424,8.5828368997,8.5755025111,8.514997154999998
731,7.747889730605376,7.6967212255702,7.3883242424,8.5828368997,8.5755025111,8.514997154999998
732,7.766920163108249,7.692004243638903,7.3883242424,8.5828368997,8.5755025111,8.514997154999998
733,7.752850858111251,7.703065754647622,7.3883242424,8.5828368997,8.5755025111,8.514997154999998
734,7.753051471891857,7.68769101853853,7.3883242424,8.5828368997,8.5755025111,8.514997154999998
735,7.740092881846071,7.685567217442003,7.3883242424,8.5828368997,8.5755025111,8.514997154999998
736,7.74665661151071,7.67409744920956,7.3883242424,8.5828368997,8.5755025111,8.514997154999998
737,7.749092039838047,7.692750494264756,7.3883242424,8.5828368997,8.5755025111,8.514997154999998
738,7.758319409328374,7.7086612357994015,7.3883242424,8.5828368997,8.5755025111,8.514997154999998
739,7.71744268711449,7.703669380152432,7.3883242424,8.5828368997,8.5755025111,8.514997154999998
740,7.74294783351945,7.678944545140921,7.3883242424,8.5828368997,8.5755025111,8.514997154999998
741,7.750990342371866,7.693355291421941,7.3883242424,8.5828368997,8.5755025111,8.514997154999998
742,7.763810695700162,7.692915283902359,7.3883242424,8.5828368997,8.5755025111,8.514997154999998
743,7.745606633335122,7.697984284127421,7.3883242424,8.5828368997,8.5755025111,8.514997154999998
744,7.75530765206986,7.679694423122761,7.3883242424,8.5828368997,8.5755025111,8.514997154999998
745,7.736344908372547,7.710460586437994,7.3883242424,8.5828368997,8.5755025111,8.514997154999998
746,7.7586902985301425,7.711634781100659,7.3883242424,8.5828368997,8.5755025111,8.514997154999998
747,7.747626112067983,7.687485254817106,7.3883242424,8.5828368997,8.5755025111,8.514997154999998
748,7.740230510254259,7.705055941269378,7.3883242424,8.5828368997,8.5755025111,8.514997154999998
749,7.749709646023494,7.702444949094909,7.3883242424,8.5828368997,8.5755025111,8.514997154999998
750,7.753451894567901,7.674796398764675,7.3883242424,8.5828368997,8.5755025111,8.514997154999998
751,7.742147573486527,7.686746419838408,7.3883242424,8.5828368997,8.5755025111,8.514997154999998
752,7.7433331862635555,7.6961831501005395,7.3883242424,8.5828368997,8.5755025111,8.514997154999998
753,7.746402383126092,7.690669164132122,7.3883242424,8.5828368997,8.5755025111,8.514997154999998
754,7.7543043600109,7.699408089741201,7.3883242424,8.5828368997,8.5755025111,8.514997154999998
755,7.751838815153442,7.681092369874885,7.3883242424,8.5828368997,8.5755025111,8.514997154999998
756,7.754086162289347,7.695229298187763,7.3883242424,8.5828368997,8.5755025111,8.514997154999998
757,7.757086678952451,7.696306755964726,7.3883242424,8.5828368997,8.5755025111,8.514997154999998
758,7.747310130609565,7.696623876995978,7.3883242424,8.5828368997,8.5755025111,8.514997154999998
759,7.748014526195641,7.668691508747325,7.3883242424,8.5828368997,8.5755025111,8.514997154999998
760,7.754560753818989,7.690052586460032,7.3883242424,8.5828368997,8.5755025111,8.514997154999998
761,7.742575130978033,7.696758698955674,7.3883242424,8.5828368997,8.5755025111,8.514997154999998
762,7.747295130671758,7.7041655232634545,7.3883242424,8.5828368997,8.5755025111,8.514997154999998
763,7.736996761952159,7.693300723925369,7.3883242424,8.5828368997,8.5755025111,8.514997154999998
764,7.752403198965779,7.702525402462518,7.3883242424,8.5828368997,8.5755025111,8.514997154999998
765,7.762703486908749,7.685531744868839,7.3883242424,8.5828368997,8.5755025111,8.514997154999998
766,7.730602360487622,7.695983550392706,7.3883242424,8.5828368997,8.5755025111,8.514997154999998
767,7.752079028814667,7.70554552765437,7.3883242424,8.5828368997,8.5755025111,8.514997154999998
768,7.73401304141103,7.6951837510375665,7.3883242424,8.5828368997,8.5755025111,8.514997154999998
769,7.75424489040016,7.68733023772165,7.3883242424,8.5828368997,8.5755025111,8.514997154999998
770,7.742128737812958,7.695909862479378,7.3883242424,8.5828368997,8.5755025111,8.514997154999998
771,7.752267996972311,7.683526317691791,7.3883242424,8.5828368997,8.5755025111,8.514997154999998
772,7.736557313022215,7.693681950155193,7.3883242424,8.5828368997,8.5755025111,8.514997154999998
773,7.721965443045698,7.677122145821013,7.3883242424,8.5828368997,8.5755025111,8.514997154999998
774,7.748158639558516,7.690338275054301,7.3883242424,8.5828368997,8.5755025111,8.514997154999998
775,7.752190907720815,7.709646687320573,7.3883242424,8.5828368997,8.5755025111,8.514997154999998
776,7.730536151228104,7.686248444334038,7.3883242424,8.5828368997,8.5755025111,8.514997154999998
777,7.744303848411806,7.682607111033826,7.3883242424,8.5828368997,8.5755025111,8.514997154999998
778,7.742907664588863,7.677179518245544,7.3883242424,8.5828368997,8.5755025111,8.514997154999998
779,7.754972957761363,7.699856546686419,7.3883242424,8.5828368997,8.5755025111,8.514997154999998
780,7.73594299274233,7.701997599275203,7.3883242424,8.5828368997,8.5755025111,8.514997154999998
781,7.736485659834838,7.709410702087499,7.3883242424,8.5828368997,8.5755025111,8.514997154999998
782,7.736638377248124,7.687367899797261,7.3883242424,8.5828368997,8.5755025111,8.514997154999998
783,7.760398532254005,7.679348443336256,7.3883242424,8.5828368997,8.5755025111,8.514997154999998
784,7.740323056584143,7.700741081879213,7.3883242424,8.5828368997,8.5755025111,8.514997154999998
785,7.745328853775555,7.672029507664577,7.3883242424,8.5828368997,8.5755025111,8.514997154999998
786,7.756683479996805,7.715285642482257,7.3883242424,8.5828368997,8.5755025111,8.514997154999998
787,7.742287007870605,7.696502237351423,7.3883242424,8.5828368997,8.5755025111,8.514997154999998
788,7.744206729403272,7.70754727125556,7.3883242424,8.5828368997,8.5755025111,8.514997154999998
789,7.737078032478467,7.682735511130587,7.3883242424,8.5828368997,8.5755025111,8.514997154999998
790,7.744344960744786,7.6662677310737966,7.3883242424,8.5828368997,8.5755025111,8.514997154999998
791,7.747259693629014,7.697142360445197,7.3883242424,8.5828368997,8.5755025111,8.514997154999998
792,7.755370499739877,7.69308444558805,7.3883242424,8.5828368997,8.5755025111,8.514997154999998
793,7.754836638086841,7.677671304418499,7.3883242424,8.5828368997,8.5755025111,8.514997154999998
794,7.733927513081944,7.691000011535929,7.3883242424,8.5828368997,8.5755025111,8.514997154999998
795,7.75293164346495,7.691427048843359,7.3883242424,8.5828368997,8.5755025111,8.514997154999998
796,7.739834644481623,7.701857292058995,7.3883242424,8.5828368997,8.5755025111,8.514997154999998
797,7.746449586518684,7.698985362879416,7.3883242424,8.5828368997,8.5755025111,8.514997154999998
798,7.7474956601399345,7.689294739190132,7.3883242424,8.5828368997,8.5755025111,8.514997154999998
799,7.753024376763258,7.658511228524344,7.3883242424,8.5828368997,8.5755025111,8.514997154999998
800,7.751872744620974,7.691026827678445,7.3883242424,8.5828368997,8.5755025111,8.514997154999998
801,7.732828191049042,7.687108145523645,7.3883242424,8.5828368997,8.5755025111,8.514997154999998
802,7.762760571838559,7.691365951367193,7.3883242424,8.5828368997,8.5755025111,8.514997154999998
803,7.720017017939493,7.678290329214112,7.3883242424,8.5828368997,8.5755025111,8.514997154999998
804,7.755802343831064,7.707650121864112,7.3883242424,8.5828368997,8.5755025111,8.514997154999998
805,7.759322880310761,7.709443518089734,7.3883242424,8.5828368997,8.5755025111,8.514997154999998
806,7.743412452773538,7.700666782092346,7.3883242424,8.5828368997,8.5755025111,8.514997154999998
807,7.767993792438616,7.699811621544571,7.3883242424,8.5828368997,8.5755025111,8.514997154999998
808,7.74783808687456,7.694262863136523,7.3883242424,8.5828368997,8.5755025111,8.514997154999998
809,7.745660179622701,7.681503722039251,7.3883242424,8.5828368997,8.5755025111,8.514997154999998
810,7.734260861515393,7.692616678020725,7.3883242424,8.5828368997,8.5755025111,8.514997154999998
811,7.758113727032365,7.698240427905203,7.3883242424,8.5828368997,8.5755025111,8.514997154999998
812,7.750419085626774,7.695622320921555,7.3883242424,8.5828368997,8.5755025111,8.514997154999998
813,7.7445043669320865,7.684257736903826,7.3883242424,8.5828368997,8.5755025111,8.514997154999998
814,7.748539937329507,7.691886519478596,7.3883242424,8.5828368997,8.5755025111,8.514997154999998
815,7.748256775390393,7.681200315414568,7.3883242424,8.5828368997,8.5755025111,8.514997154999998
816,7.738971375349623,7.685895288122414,7.3883242424,8.5828368997,8.5755025111,8.514997154999998
817,7.7359919375350845,7.696680286093177,7.3883242424,8.5828368997,8.5755025111,8.514997154999998
818,7.7581480427188465,7.694999737955123,7.3883242424,8.5828368997,8.5755025111,8.514997154999998
819,7.7580029012407214,7.689952011849029,7.3883242424,8.5828368997,8.5755025111,8.514997154999998
820,7.73010430164873,7.678335683507491,7.3883242424,8.5828368997,8.5755025111,8.514997154999998
821,7.7379634317942045,7.696443917304232,7.3883242424,8.5828368997,8.5755025111,8.514997154999998
822,7.748463200712424,7.683967177574653,7.3883242424,8.5828368997,8.5755025111,8.514997154999998
823,7.731794108397784,7.6991080732363475,7.3883242424,8.5828368997,8.5755025111,8.514997154999998
824,7.732443312551679,7.692032864036544,7.3883242424,8.5828368997,8.5755025111,8.514997154999998
825,7.743300145196167,7.68963080670045,7.3883242424,8.5828368997,8.5755025111,8.514997154999998
826,7.752214733279095,7.68155789458141,7.3883242424,8.5828368997,8.5755025111,8.514997154999998
827,7.755238858343606,7.697665628035507,7.3883242424,8.5828368997,8.5755025111,8.514997154999998
828,7.734986224739585,7.683977841133669,7.3883242424,8.5828368997,8.5755025111,8.514997154999998
829,7.751942140361866,7.7013298638342125,7.3883242424,8.5828368997,8.5755025111,8.514997154999998
830,7.75855109034331,7.689162773923623,7.3883242424,8.5828368997,8.5755025111,8.514997154999998
831,7.732078626251821,7.692329868993264,7.3883242424,8.5828368997,8.5755025111,8.514997154999998
832,7.746829403661778,7.696784075220567,7.3883242424,8.5828368997,8.5755025111,8.514997154999998
833,7.764005549173099,7.692114177344941,7.3883242424,8.5828368997,8.5755025111,8.514997154999998
834,7.739701669473405,7.688425907736794,7.3883242424,8.5828368997,8.5755025111,8.514997154999998
835,7.758395924343429,7.691892706501923,7.3883242424,8.5828368997,8.5755025111,8.514997154999998
836,7.747598031171086,7.6872213216644925,7.3883242424,8.5828368997,8.5755025111,8.514997154999998
837,7.734608091098044,7.692243453482415,7.3883242424,8.5828368997,8.5755025111,8.514997154999998
838,7.741752875137368,7.672169027114338,7.3883242424,8.5828368997,8.5755025111,8.514997154999998
839,7.734229653951334,7.690427044989264,7.3883242424,8.5828368997,8.5755025111,8.514997154999998
840,7.7472881192837635,7.695721523180824,7.3883242424,8.5828368997,8.5755025111,8.514997154999998
841,7.7480163867629805,7.685710876941703,7.3883242424,8.5828368997,8.5755025111,8.514997154999998
842,7.736885784342378,7.683335529824767,7.3883242424,8.5828368997,8.5755025111,8.514997154999998
843,7.745330007653587,7.689584479302376,7.3883242424,8.5828368997,8.5755025111,8.514997154999998
844,7.743565188748237,7.685869603089299,7.3883242424,8.5828368997,8.5755025111,8.514997154999998
845,7.752078174573075,7.709414487562168,7.3883242424,8.5828368997,8.5755025111,8.514997154999998
846,7.742411255024928,7.693171678291117,7.3883242424,8.5828368997,8.5755025111,8.514997154999998
847,7.733729679120398,7.703484680800464,7.3883242424,8.5828368997,8.5755025111,8.514997154999998
848,7.750164676677538,7.693945001025329,7.3883242424,8.5828368997,8.5755025111,8.514997154999998
849,7.737807564316977,7.686427675791768,7.3883242424,8.5828368997,8.5755025111,8.514997154999998
850,7.742648215754326,7.685455972375779,7.3883242424,8.5828368997,8.5755025111,8.514997154999998
851,7.754372042803833,7.698853546080253,7.3883242424,8.5828368997,8.5755025111,8.514997154999998
852,7.73138387297283,7.682250602167984,7.3883242424,8.5828368997,8.5755025111,8.514997154999998
853,7.752983546566862,7.68952113623627,7.3883242424,8.5828368997,8.5755025111,8.514997154999998
854,7.74401406108076,7.698812190935878,7.3883242424,8.5828368997,8.5755025111,8.514997154999998
855,7.744662596680668,7.69363926656541,7.3883242424,8.5828368997,8.5755025111,8.514997154999998
856,7.740372842869977,7.683635094914755,7.3883242424,8.5828368997,8.5755025111,8.514997154999998
857,7.739414849908456,7.698033737844475,7.3883242424,8.5828368997,8.5755025111,8.514997154999998
858,7.749964887121608,7.690332497697651,7.3883242424,8.5828368997,8.5755025111,8.514997154999998
859,7.736481531539491,7.69417753157827,7.3883242424,8.5828368997,8.5755025111,8.514997154999998
860,7.77575376441875,7.6954128579842465,7.3883242424,8.5828368997,8.5755025111,8.514997154999998
861,7.756920170791779,7.676267682534238,7.3883242424,8.5828368997,8.5755025111,8.514997154999998
862,7.731210636286151,7.693959316426183,7.3883242424,8.5828368997,8.5755025111,8.514997154999998
863,7.732323088542851,7.681206115121937,7.3883242424,8.5828368997,8.5755025111,8.514997154999998
864,7.73845030912765,7.6758204873627855,7.3883242424,8.5828368997,8.5755025111,8.514997154999998
865,7.750856963059442,7.691200729245295,7.3883242424,8.5828368997,8.5755025111,8.514997154999998
866,7.743755746744597,7.694246837367139,7.3883242424,8.5828368997,8.5755025111,8.514997154999998
867,7.75995162071201,7.6829477172317295,7.3883242424,8.5828368997,8.5755025111,8.514997154999998
868,7.726452106091773,7.699335889589163,7.3883242424,8.5828368997,8.5755025111,8.514997154999998
869,7.749935800911917,7.687730497591726,7.3883242424,8.5828368997,8.5755025111,8.514997154999998
870,7.76474585461249,7.689387310730045,7.3883242424,8.5828368997,8.5755025111,8.514997154999998
871,7.747981648143383,7.707820926384979,7.3883242424,8.5828368997,8.5755025111,8.514997154999998
872,7.740256219632595,7.69150493435881,7.3883242424,8.5828368997,8.5755025111,8.514997154999998
873,7.746711396870831,7.696788293865402,7.3883242424,8.5828368997,8.5755025111,8.514997154999998
874,7.746185811995506,7.692989967107253,7.3883242424,8.5828368997,8.5755025111,8.514997154999998
875,7.747917618830982,7.678757892176499,7.3883242424,8.5828368997,8.5755025111,8.514997154999998
876,7.7541036177622304,7.702677080740504,7.3883242424,8.5828368997,8.5755025111,8.514997154999998
877,7.753805366273841,7.686922891837707,7.3883242424,8.5828368997,8.5755025111,8.514997154999998
878,7.747336178372586,7.703994681864349,7.3883242424,8.5828368997,8.5755025111,8.514997154999998
879,7.732166836562145,7.689973912128254,7.3883242424,8.5828368997,8.5755025111,8.514997154999998
880,7.752100411909603,7.687443132770154,7.3883242424,8.5828368997,8.5755025111,8.514997154999998
881,7.729426563028675,7.699387463665219,7.3883242424,8.5828368997,8.5755025111,8.514997154999998
882,7.756624660924096,7.697088702261162,7.3883242424,8.5828368997,8.5755025111,8.514997154999998
883,7.735373651238067,7.671020947742416,7.3883242424,8.5828368997,8.5755025111,8.514997154999998
884,7.753587365162032,7.693225500251587,7.3883242424,8.5828368997,8.5755025111,8.514997154999998
885,7.744763067577747,7.676153190048995,7.3883242424,8.5828368997,8.5755025111,8.514997154999998
886,7.733284865757654,7.691171556036697,7.3883242424,8.5828368997,8.5755025111,8.514997154999998
887,7.7593569832074465,7.700817062230207,7.3883242424,8.5828368997,8.5755025111,8.514997154999998
888,7.7381898064960835,7.694449701904045,7.3883242424,8.5828368997,8.5755025111,8.514997154999998
889,7.727725513407795,7.689202075233022,7.3883242424,8.5828368997,8.5755025111,8.514997154999998
890,7.734385843671056,7.712816624392985,7.3883242424,8.5828368997,8.5755025111,8.514997154999998
891,7.752238020608501,7.68459604506695,7.3883242424,8.5828368997,8.5755025111,8.514997154999998
892,7.739960293733522,7.705926594354442,7.3883242424,8.5828368997,8.5755025111,8.514997154999998
893,7.740506049908757,7.6964965843380995,7.3883242424,8.5828368997,8.5755025111,8.514997154999998
894,7.749451020758342,7.711015967267696,7.3883242424,8.5828368997,8.5755025111,8.514997154999998
895,7.764188978345654,7.690794169713566,7.3883242424,8.5828368997,8.5755025111,8.514997154999998
896,7.744521075085779,7.683561793861675,7.3883242424,8.5828368997,8.5755025111,8.514997154999998
897,7.7414839116917085,7.67841964374337,7.3883242424,8.5828368997,8.5755025111,8.514997154999998
898,7.727885490986954,7.692532122793063,7.3883242424,8.5828368997,8.5755025111,8.514997154999998
899,7.754033976292683,7.7052046009965425,7.3883242424,8.5828368997,8.5755025111,8.514997154999998
900,7.757351539459693,7.6901868370852755,7.3883242424,8.5828368997,8.5755025111,8.514997154999998
901,7.758556264824944,7.713229799035585,7.3883242424,8.5828368997,8.5755025111,8.514997154999998
902,7.762544343250042,7.677579402199827,7.3883242424,8.5828368997,8.5755025111,8.514997154999998
903,7.741821601060416,7.690781419340362,7.3883242424,8.5828368997,8.5755025111,8.514997154999998
904,7.748781666600117,7.696126660924109,7.3883242424,8.5828368997,8.5755025111,8.514997154999998
905,7.747703198569037,7.702496141132338,7.3883242424,8.5828368997,8.5755025111,8.514997154999998
906,7.749270576401058,7.709608440830242,7.3883242424,8.5828368997,8.5755025111,8.514997154999998
907,7.734714458140818,7.687117912320397,7.3883242424,8.5828368997,8.5755025111,8.514997154999998
908,7.757111216195744,7.686030180040971,7.3883242424,8.5828368997,8.5755025111,8.514997154999998
909,7.761464684381184,7.68932870065643,7.3883242424,8.5828368997,8.5755025111,8.514997154999998
910,7.749598448860829,7.67158498150981,7.3883242424,8.5828368997,8.5755025111,8.514997154999998
911,7.750417901885074,7.695791552891171,7.3883242424,8.5828368997,8.5755025111,8.514997154999998
912,7.741656228863406,7.69202979537999,7.3883242424,8.5828368997,8.5755025111,8.514997154999998
913,7.746927280466691,7.71138259946911,7.3883242424,8.5828368997,8.5755025111,8.514997154999998
914,7.742718501634947,7.696540180311861,7.3883242424,8.5828368997,8.5755025111,8.514997154999998
915,7.745270109108514,7.714743506602968,7.3883242424,8.5828368997,8.5755025111,8.514997154999998
916,7.734183892463509,7.689798246314946,7.3883242424,8.5828368997,8.5755025111,8.514997154999998
917,7.753072047089069,7.694497460572112,7.3883242424,8.5828368997,8.5755025111,8.514997154999998
918,7.742036398486316,7.705046494464653,7.3883242424,8.5828368997,8.5755025111,8.514997154999998
919,7.745208086806451,7.697354805985518,7.3883242424,8.5828368997,8.5755025111,8.514997154999998
920,7.747557900719526,7.685546382718723,7.3883242424,8.5828368997,8.5755025111,8.514997154999998
921,7.726463105363104,7.684410793415244,7.3883242424,8.5828368997,8.5755025111,8.514997154999998
922,7.735199952054675,7.705222083054747,7.3883242424,8.5828368997,8.5755025111,8.514997154999998
923,7.748675372374419,7.688392154667171,7.3883242424,8.5828368997,8.5755025111,8.514997154999998
924,7.746023842084497,7.683424264410196,7.3883242424,8.5828368997,8.5755025111,8.514997154999998
925,7.7323212631624125,7.682079619920886,7.3883242424,8.5828368997,8.5755025111,8.514997154999998
926,7.754304148588846,7.6791075478935324,7.3883242424,8.5828368997,8.5755025111,8.514997154999998
927,7.742267346186367,7.702163643587977,7.3883242424,8.5828368997,8.5755025111,8.514997154999998
928,7.73370899956223,7.687314079274878,7.3883242424,8.5828368997,8.5755025111,8.514997154999998
929,7.759621752220421,7.710339582372365,7.3883242424,8.5828368997,8.5755025111,8.514997154999998
930,7.734565146142624,7.697806900302883,7.3883242424,8.5828368997,8.5755025111,8.514997154999998
931,7.75451226535389,7.699266448067146,7.3883242424,8.5828368997,8.5755025111,8.514997154999998
932,7.742359058064526,7.686656149255235,7.3883242424,8.5828368997,8.5755025111,8.514997154999998
933,7.743810326548439,7.6829863155733875,7.3883242424,8.5828368997,8.5755025111,8.514997154999998
934,7.747348955496837,7.689264159390851,7.3883242424,8.5828368997,8.5755025111,8.514997154999998
935,7.752905219654455,7.690481141208893,7.3883242424,8.5828368997,8.5755025111,8.514997154999998
936,7.737442539180648,7.687882267087243,7.3883242424,8.5828368997,8.5755025111,8.514997154999998
937,7.73740825051275,7.696253949582406,7.3883242424,8.5828368997,8.5755025111,8.514997154999998
938,7.732445775462987,7.687385841690009,7.3883242424,8.5828368997,8.5755025111,8.514997154999998
939,7.752428982284407,7.691377707381054,7.3883242424,8.5828368997,8.5755025111,8.514997154999998
940,7.74642296728653,7.695987795403018,7.3883242424,8.5828368997,8.5755025111,8.514997154999998
941,7.722653476246298,7.683032502473237,7.3883242424,8.5828368997,8.5755025111,8.514997154999998
942,7.765048986411599,7.708859385089226,7.3883242424,8.5828368997,8.5755025111,8.514997154999998
943,7.74310410908417,7.6844589612486525,7.3883242424,8.5828368997,8.5755025111,8.514997154999998
944,7.742546535065504,7.708584878574099,7.3883242424,8.5828368997,8.5755025111,8.514997154999998
945,7.748814236849326,7.687790738802368,7.3883242424,8.5828368997,8.5755025111,8.514997154999998
946,7.748843502109814,7.674308651013293,7.3883242424,8.5828368997,8.5755025111,8.514997154999998
947,7.752082893648997,7.692723451844544,7.3883242424,8.5828368997,8.5755025111,8.514997154999998
948,7.748181129839798,7.697467139161265,7.3883242424,8.5828368997,8.5755025111,8.514997154999998
949,7.76002616645931,7.694260937510787,7.3883242424,8.5828368997,8.5755025111,8.514997154999998
950,7.746691425940635,7.691611344802432,7.3883242424,8.5828368997,8.5755025111,8.514997154999998
951,7.744115458261007,7.698540458213613,7.3883242424,8.5828368997,8.5755025111,8.514997154999998
952,7.723644831041363,7.692239639510943,7.3883242424,8.5828368997,8.5755025111,8.514997154999998
953,7.755420461437804,7.693538764848832,7.3883242424,8.5828368997,8.5755025111,8.514997154999998
954,7.755294251994218,7.702621991758982,7.3883242424,8.5828368997,8.5755025111,8.514997154999998
955,7.755272620776333,7.70794215668951,7.3883242424,8.5828368997,8.5755025111,8.514997154999998
956,7.740901563698989,7.700099945115098,7.3883242424,8.5828368997,8.5755025111,8.514997154999998
957,7.722798514557101,7.683129811402501,7.3883242424,8.5828368997,8.5755025111,8.514997154999998
958,7.745073141695659,7.678148691967549,7.3883242424,8.5828368997,8.5755025111,8.514997154999998
959,7.763649430021953,7.697234822192574,7.3883242424,8.5828368997,8.5755025111,8.514997154999998
960,7.7412876563446655,7.6902508725612515,7.3883242424,8.5828368997,8.5755025111,8.514997154999998
961,7.753173250606074,7.712200573862547,7.3883242424,8.5828368997,8.5755025111,8.514997154999998
962,7.743254624947711,7.71013030910362,7.3883242424,8.5828368997,8.5755025111,8.514997154999998
963,7.750011014127958,7.690407737538527,7.3883242424,8.5828368997,8.5755025111,8.514997154999998
964,7.754080101713658,7.6920531904058915,7.3883242424,8.5828368997,8.5755025111,8.514997154999998
965,7.735505426810606,7.693962049665979,7.3883242424,8.5828368997,8.5755025111,8.514997154999998
966,7.752450418058352,7.6918975093119615,7.3883242424,8.5828368997,8.5755025111,8.514997154999998
967,7.734251510163386,7.699668549656578,7.3883242424,8.5828368997,8.5755025111,8.514997154999998
968,7.737683737677907,7.692269932765403,7.3883242424,8.5828368997,8.5755025111,8.514997154999998
969,7.735156340422531,7.6949732176338115,7.3883242424,8.5828368997,8.5755025111,8.514997154999998
970,7.740131943077306,7.692082719070389,7.3883242424,8.5828368997,8.5755025111,8.514997154999998
971,7.743679794987737,7.7073535188675715,7.3883242424,8.5828368997,8.5755025111,8.514997154999998
972,7.74491951029007,7.711262152081381,7.3883242424,8.5828368997,8.5755025111,8.514997154999998
973,7.74419012368249,7.685008919639626,7.3883242424,8.5828368997,8.5755025111,8.514997154999998
974,7.746118027338314,7.691191896109885,7.3883242424,8.5828368997,8.5755025111,8.514997154999998
975,7.744502669911043,7.690201910037275,7.3883242424,8.5828368997,8.5755025111,8.514997154999998
976,7.750541045617817,7.6924690985587905,7.3883242424,8.5828368997,8.5755025111,8.514997154999998
977,7.755482625257555,7.707886513990296,7.3883242424,8.5828368997,8.5755025111,8.514997154999998
978,7.740937796771447,7.697896136148459,7.3883242424,8.5828368997,8.5755025111,8.514997154999998
979,7.739750661117043,7.685819627181771,7.3883242424,8.5828368997,8.5755025111,8.514997154999998
980,7.769618739768462,7.688534913187278,7.3883242424,8.5828368997,8.5755025111,8.514997154999998
981,7.716025532472525,7.699564844921424,7.3883242424,8.5828368997,8.5755025111,8.514997154999998
982,7.762470367344346,7.679359047220928,7.3883242424,8.5828368997,8.5755025111,8.514997154999998
983,7.7415019212016,7.699245635594601,7.3883242424,8.5828368997,8.5755025111,8.514997154999998
984,7.752185800534118,7.698852383542362,7.3883242424,8.5828368997,8.5755025111,8.514997154999998
985,7.753358852287941,7.689733806500173,7.3883242424,8.5828368997,8.5755025111,8.514997154999998
986,7.73493426673198,7.688695595522774,7.3883242424,8.5828368997,8.5755025111,8.514997154999998
987,7.746910385961491,7.6929112870229215,7.3883242424,8.5828368997,8.5755025111,8.514997154999998
988,7.752196428667815,7.680139581210573,7.3883242424,8.5828368997,8.5755025111,8.514997154999998
989,7.744100916872621,7.686339344312658,7.3883242424,8.5828368997,8.5755025111,8.514997154999998
990,7.739501662544646,7.682807788516275,7.3883242424,8.5828368997,8.5755025111,8.514997154999998
991,7.747639297669942,7.680640170559768,7.3883242424,8.5828368997,8.5755025111,8.514997154999998
992,7.7342177147106845,7.685957030692294,7.3883242424,8.5828368997,8.5755025111,8.514997154999998
993,7.743097017681091,7.697135120432675,7.3883242424,8.5828368997,8.5755025111,8.514997154999998
994,7.745647846191948,7.69313478517737,7.3883242424,8.5828368997,8.5755025111,8.514997154999998
995,7.7408328976941405,7.686378120325577,7.3883242424,8.5828368997,8.5755025111,8.514997154999998
996,7.742214917075722,7.7030516404533085,7.3883242424,8.5828368997,8.5755025111,8.514997154999998
997,7.741922918064197,7.679519209531728,7.3883242424,8.5828368997,8.5755025111,8.514997154999998
998,7.747517354725798,7.694388639339693,7.3883242424,8.5828368997,8.5755025111,8.514997154999998
base,7.7452055997,7.6923641701,7.3883242424,8.5828368997,8.5755025111,8.514997154999998
