kper,kstp,k,i,j,PWq
1,1,0,22,40,-7.2834864912513035
1,1,0,23,40,-7.17234253303225
1,1,0,24,39,-7.089418476249438
1,1,0,25,39,-6.779291461391126
1,1,0,26,38,-7.100295450125992
1,1,0,27,38,-7.119064493032297
1,1,0,28,38,-4.861874577414277
1,1,0,29,37,-6.860545321877529
1,1,0,30,37,-6.516406818129302
1,1,0,31,37,-6.211381866342065
1,1,0,32,36,-6.213625202180042
1,1,0,33,36,-6.1225206991039105
1,1,0,34,37,-6.191135951557576
1,1,0,35,37,-6.121144537277421
1,1,0,36,37,-6.200169489495769
1,1,0,37,37,-6.009216891009438
1,1,0,38,37,-5.846275377302217
1,1,0,39,38,-5.840014002903949
1,1,0,40,38,-5.748021754724617
1,1,0,41,38,-5.698016453072638
1,1,0,42,38,-5.715992716923058
1,1,0,43,38,-5.7139534025837495
1,1,0,44,38,-5.725903977452383
1,1,0,45,37,-3.3011354213865847
1,1,0,45,38,-5.686858263042767
2,1,0,22,40,-13.654444931443162
2,1,0,23,40,-13.655257626688334
2,1,0,24,39,-13.658604396109128
2,1,0,25,39,-13.66002461835334
2,1,0,26,38,-13.663509055616085
2,1,0,27,38,-13.664828674124914
2,1,0,28,38,-13.663216792583
2,1,0,29,37,-13.673458792089997
2,1,0,30,37,-13.677715299168893
2,1,0,31,37,-13.679821392162662
2,1,0,32,36,-13.685336113339913
2,1,0,33,36,-13.688916016423734
2,1,0,34,37,-13.69440098036459
2,1,0,35,37,-13.696072794749108
2,1,0,36,37,-13.69829372837297
2,1,0,37,37,-13.700719980093334
2,1,0,38,37,-13.703256419082251
2,1,0,39,38,-13.70660983669757
2,1,0,40,38,-13.707540876923666
2,1,0,41,38,-13.708623117447262
2,1,0,42,38,-13.709597756288247
2,1,0,43,38,-13.710358375673632
2,1,0,44,38,-13.710845340993007
2,1,0,45,37,-13.711535184715107
2,1,0,45,38,-13.711030606392145
2,2,0,22,40,-13.511698876988095
2,2,0,23,40,-13.51296251252592
2,2,0,24,39,-13.517486777684692
2,2,0,25,39,-13.51936455129367
2,2,0,26,38,-13.524064545630667
2,2,0,27,38,-13.525936387751774
2,2,0,28,38,-13.525129528069053
2,2,0,29,37,-13.537885854956425
2,2,0,30,37,-13.543631604964173
2,2,0,31,37,-13.546463272259135
2,2,0,32,36,-13.553893634484103
2,2,0,33,36,-13.558916199015464
2,2,0,34,37,-13.566841489620892
2,2,0,35,37,-13.569209041067158
2,2,0,36,37,-13.572369270864757
2,2,0,37,37,-13.575837455522493
2,2,0,38,37,-13.579479284456898
2,2,0,39,38,-13.584667834737973
2,2,0,40,38,-13.586047851761721
2,2,0,41,38,-13.587678599767186
2,2,0,42,38,-13.589180269174209
2,2,0,43,38,-13.590391536273417
2,2,0,44,38,-13.591214976548276
2,2,0,45,37,-13.592070039457063
2,2,0,45,38,-13.591585637333374
2,3,0,22,40,-13.369941567993884
2,3,0,23,40,-13.371412662351428
2,3,0,24,39,-13.376448082421195
2,3,0,25,39,-13.378519954702208
2,3,0,26,38,-13.383720817048943
2,3,0,27,38,-13.385818015099696
2,3,0,28,38,-13.385357522613678
2,3,0,29,37,-13.399077232363204
2,3,0,30,37,-13.405399979011595
2,3,0,31,37,-13.408511138250978
2,3,0,32,36,-13.416679666418313
2,3,0,33,36,-13.422260204973458
2,3,0,34,37,-13.43113278839485
2,3,0,35,37,-13.43377154959767
2,3,0,36,37,-13.437299391273266
2,3,0,37,37,-13.441177239022764
2,3,0,38,37,-13.445255912952147
2,3,0,39,38,-13.4511800894437
2,3,0,40,38,-13.452740561836782
2,3,0,41,38,-13.454593093434449
2,3,0,42,38,-13.456309305528288
2,3,0,43,38,-13.457705357853595
2,3,0,44,38,-13.45866784360676
2,3,0,45,37,-13.459587430133228
2,3,0,45,38,-13.459115865596125
2,4,0,22,40,-13.229270547420137
2,4,0,23,40,-13.230829069901768
2,4,0,24,39,-13.23606849369423
2,4,0,25,39,-13.238216458624871
2,4,0,26,38,-13.24361083492079
2,4,0,27,38,-13.245795933867447
2,4,0,28,38,-13.245491442610204
2,4,0,29,37,-13.259549167231548
2,4,0,30,37,-13.266084916001446
2,4,0,31,37,-13.269298478235777
2,4,0,32,36,-13.277735272267941
2,4,0,33,36,-13.283521872379001
2,4,0,34,37,-13.292747057513076
2,4,0,35,37,-13.295485846895094
2,4,0,36,37,-13.299149384015974
2,4,0,37,37,-13.30317857517772
2,4,0,38,37,-13.307418798037995
2,4,0,39,38,-13.313620535040313
2,4,0,40,38,-13.315248423592525
2,4,0,41,38,-13.317184232848494
2,4,0,42,38,-13.318981510793751
2,4,0,43,38,-13.320447936675174
2,4,0,44,38,-13.321463945865629
2,4,0,45,37,-13.32240559115253
2,4,0,45,38,-13.321942284736293
2,5,0,22,40,-13.089886479432995
2,5,0,23,40,-13.091475410460463
2,5,0,24,39,-13.096776056591349
2,5,0,25,39,-13.09894579895468
2,5,0,26,38,-13.104395301652255
2,5,0,27,38,-13.106607073194423
2,5,0,28,38,-13.106374923687108
2,5,0,29,37,-13.120499700915214
2,5,0,30,37,-13.127091725146565
2,5,0,31,37,-13.130331861366784
2,5,0,32,36,-13.138837670857951
2,5,0,33,36,-13.144681568566353
2,5,0,34,37,-13.154008680555387
2,5,0,35,37,-13.15677555437246
2,5,0,36,37,-13.160477405313545
2,5,0,37,37,-13.164549538964357
2,5,0,38,37,-13.168835812627425
2,5,0,39,38,-13.175122750452331
2,5,0,40,38,-13.176770547910996
2,5,0,41,38,-13.17873137399375
2,5,0,42,38,-13.180553529442024
2,5,0,43,38,-13.18204214017829
2,5,0,44,38,-13.183075635904853
2,5,0,45,37,-13.184021480471966
2,5,0,45,38,-13.183564459094434
2,6,0,22,40,-12.951915045335697
2,6,0,23,40,-12.95350837138239
2,6,0,24,39,-12.958805835191944
2,6,0,25,39,-12.96097295041593
2,6,0,26,38,-12.966416214536132
2,6,0,27,38,-12.968627645917127
2,6,0,28,38,-12.968430981946083
2,6,0,29,37,-12.982504402295937
2,6,0,30,37,-12.989083903291124
2,6,0,31,37,-12.992317279456627
2,6,0,32,36,-13.000804675526568
2,6,0,33,36,-13.006640333975737
2,6,0,34,37,-13.015959098186848
2,6,0,35,37,-13.018722614406077
2,6,0,36,37,-13.022420432399585
2,6,0,37,37,-13.026488689576563
2,6,0,38,37,-13.030771496235678
2,6,0,39,38,-13.037061473116639
2,6,0,40,38,-13.038709082941882
2,6,0,41,38,-13.040670246405531
2,6,0,42,38,-13.042493342094549
2,6,0,43,38,-13.043983410705914
2,6,0,44,38,-13.045018753856953
2,6,0,45,37,-13.04596111584202
2,6,0,45,38,-13.04550941243465
2,7,0,22,40,-12.815397256192773
2,7,0,23,40,-12.816982993591822
2,7,0,24,39,-12.822247442205967
2,7,0,25,39,-12.824400525172704
2,7,0,26,38,-12.829808665522703
2,7,0,27,38,-12.832006945884661
2,7,0,28,38,-12.83182812073125
2,7,0,29,37,-12.845795329957927
2,7,0,30,37,-12.85233081491866
2,7,0,31,37,-12.855542342317102
2,7,0,32,36,-12.863972176375004
2,7,0,33,36,-12.869770562766107
2,7,0,34,37,-12.879032184845352
2,7,0,35,37,-12.881778316645725
2,7,0,36,37,-12.885453075208128
2,7,0,37,37,-12.889496211261813
2,7,0,38,37,-12.893752853327884
2,7,0,39,38,-12.900008295743579
2,7,0,40,38,-12.901646437749028
2,7,0,41,38,-12.903596667565392
2,7,0,42,38,-12.905409984418341
2,7,0,43,38,-12.90689246793875
2,7,0,44,38,-12.907922978151507
2,7,0,45,37,-12.90885856709172
2,7,0,45,38,-12.908411811422306
2,8,0,22,40,-12.680363377201948
2,8,0,23,40,-12.681936548957378
2,8,0,24,39,-12.687155814417567
2,8,0,25,39,-12.689290195123773
2,8,0,26,38,-12.6946514827163
2,8,0,27,38,-12.696831331277057
2,8,0,28,38,-12.696662784273762
2,8,0,29,37,-12.71050086250524
2,8,0,30,37,-12.71697875428875
2,8,0,31,37,-12.720161874529294
2,8,0,32,36,-12.728517222107712
2,8,0,33,36,-12.734265591862982
2,8,0,34,37,-12.743448521408451
2,8,0,35,37,-12.7461711770247
2,8,0,36,37,-12.749814639489795
2,8,0,37,37,-12.753823469787788
2,8,0,38,37,-12.758044119214492
2,8,0,39,38,-12.76424834738862
2,8,0,40,38,-12.765872898686172
2,8,0,41,38,-12.767807097043624
2,8,0,42,38,-12.769605681277056
2,8,0,43,38,-12.771076309022638
2,8,0,44,38,-12.772098783859168
2,8,0,45,37,-12.773026060892274
2,8,0,45,38,-12.772584022211216
2,9,0,22,40,-12.546815623905573
2,9,0,23,40,-12.548374160702156
2,9,0,24,39,-12.553543321116358
2,9,0,25,39,-12.555657132920937
2,9,0,26,38,-12.560966920035467
2,9,0,27,38,-12.563126236527582
2,9,0,28,38,-12.562964735902813
2,9,0,29,37,-12.57666490813353
2,9,0,30,37,-12.583079852650089
2,9,0,31,37,-12.586231964054857
2,9,0,32,36,-12.594506049722735
2,9,0,33,36,-12.600199183116466
2,9,0,34,37,-12.609294423810878
2,9,0,35,37,-12.611991039749414
2,9,0,36,37,-12.615599716651237
2,9,0,37,37,-12.6195703335691
2,9,0,38,37,-12.623750802378229
2,9,0,39,38,-12.629896684864933
2,9,0,40,38,-12.631505896450108
2,9,0,41,38,-12.63342190525567
2,9,0,42,38,-12.63520366031465
2,9,0,43,38,-12.636660619065857
2,9,0,44,38,-12.63767368947785
2,9,0,45,37,-12.638592025325659
2,9,0,45,38,-12.638154569407677
2,10,0,22,40,-12.414746164102489
2,10,0,23,40,-12.416289328641328
2,10,0,24,39,-12.421406734757433
2,10,0,25,39,-12.423499355517345
2,10,0,26,38,-12.42875609985758
2,10,0,27,38,-12.430894158909013
2,10,0,28,38,-12.430738328612767
2,10,0,29,37,-12.444297841332697
2,10,0,30,37,-12.450647986856021
2,10,0,31,37,-12.453768182688151
2,10,0,32,36,-12.461958627027387
2,10,0,33,36,-12.467594614363943
2,10,0,34,37,-12.476598791229927
2,10,0,35,37,-12.479268407799209
2,10,0,36,37,-12.482840984889252
2,10,0,37,37,-12.486771908416394
2,10,0,38,37,-12.490910602563268
2,10,0,39,38,-12.49699535822354
2,10,0,40,38,-12.498588554625627
2,10,0,41,38,-12.500485535845472
2,10,0,42,38,-12.50224964214931
2,10,0,43,38,-12.503692217154441
2,10,0,44,38,-12.504695337423048
2,10,0,45,37,-12.505604510025748
2,10,0,45,38,-12.50517154897983
2,11,0,22,40,-12.284142822011072
2,11,0,23,40,-12.285670446163492
2,11,0,24,39,-12.290735842510372
2,11,0,25,39,-12.29280718012919
2,11,0,26,38,-12.298010657620605
2,11,0,27,38,-12.300127319416674
2,11,0,28,38,-12.299976577388037
2,11,0,29,37,-12.313395252987517
2,11,0,30,37,-12.319680258681071
2,11,0,31,37,-12.322768366994499
2,11,0,32,36,-12.330874706660941
2,11,0,33,36,-12.336453093519966
2,11,0,34,37,-12.345365318662642
2,11,0,35,37,-12.348007688418324
2,11,0,36,37,-12.351543819211878
2,11,0,37,37,-12.355434650840655
2,11,0,38,37,-12.359531132781155
2,11,0,39,38,-12.36555392071945
2,11,0,40,38,-12.367130904786505
2,11,0,41,38,-12.369008608330285
2,11,0,42,38,-12.370754815061153
2,11,0,43,38,-12.372182781096392
2,11,0,44,38,-12.373175772728285
2,11,0,45,37,-12.374075741217634
2,11,0,45,38,-12.37364720840611
2,12,0,22,40,-12.154991470994025
2,12,0,23,40,-12.156503619129909
2,12,0,24,39,-12.161517317994491
2,12,0,25,39,-12.16356749797782
2,12,0,26,38,-12.168718025137812
2,12,0,27,38,-12.170813392738468
2,12,0,28,38,-12.170667490737069
2,12,0,29,37,-12.183946232428275
2,12,0,30,37,-12.19016640059558
2,12,0,31,37,-12.193222564326767
2,12,0,32,36,-12.20124516138515
2,12,0,33,36,-12.206766127088665
2,12,0,34,37,-12.215586603556764
2,12,0,35,37,-12.218201792121699
2,12,0,36,37,-12.221701556204097
2,12,0,37,37,-12.225552374295152
2,12,0,38,37,-12.229606717104314
2,12,0,39,38,-12.235567554832688
2,12,0,40,38,-12.237128340976163
2,12,0,41,38,-12.23898677689584
2,12,0,42,38,-12.240715085017301
2,12,0,43,38,-12.242128433705286
2,12,0,44,38,-12.243111280990577
2,12,0,45,37,-12.244002084482583
2,12,0,45,38,-12.243577923096403
2,13,0,22,40,-12.027277108567578
2,13,0,23,40,-12.028773933197884
2,13,0,24,39,-12.033736460966464
2,13,0,25,39,-12.035765692460279
2,13,0,26,38,-12.040863793352822
2,13,0,27,38,-12.042938065371802
2,13,0,28,38,-12.042796890582373
2,13,0,29,37,-12.055937035174175
2,13,0,30,37,-12.062092933165703
2,13,0,31,37,-12.06511742644673
2,13,0,32,36,-12.073056989382918
2,13,0,33,36,-12.078520984053096
2,13,0,34,37,-12.087250386716704
2,13,0,35,37,-12.089838595461565
2,13,0,36,37,-12.093302257713864
2,13,0,37,37,-12.097113348620208
2,13,0,38,37,-12.101125848679501
2,13,0,39,38,-12.107025130843418
2,13,0,40,38,-12.108569826401892
2,13,0,41,38,-12.110409119129335
2,13,0,42,38,-12.112119640429135
2,13,0,43,38,-12.113518458948349
2,13,0,44,38,-12.114491217996164
2,13,0,45,37,-12.115372930575036
2,13,0,45,38,-12.114953088526876
2,14,0,22,40,-11.90098436928308
2,14,0,23,40,-11.902466051171652
2,14,0,24,39,-11.907378001773132
2,14,0,25,39,-11.909386521631728
2,14,0,26,38,-11.914432788955054
2,14,0,27,38,-11.916486197521424
2,14,0,28,38,-11.916349688533796
2,14,0,29,37,-11.92935273042269
2,14,0,30,37,-11.935445027609642
2,14,0,31,37,-11.938438176100181
2,14,0,32,36,-11.946295551225571
2,14,0,33,36,-11.951703136300283
2,14,0,34,37,-11.960342338136366
2,14,0,35,37,-11.962903825660552
2,14,0,36,37,-11.966331729500833
2,14,0,37,37,-11.970103468194418
2,14,0,38,37,-11.974074517480963
2,14,0,39,38,-11.979912801627433
2,14,0,40,38,-11.981441554053317
2,14,0,41,38,-11.983261877497382
2,14,0,42,38,-11.98495477180858
2,14,0,43,38,-11.98633918885957
2,14,0,44,38,-11.9873019470669
2,14,0,45,37,-11.988174657739972
2,14,0,45,38,-11.987759085373161
2,15,0,22,40,-11.776097778820413
2,15,0,23,40,-11.777564503540866
2,15,0,24,39,-11.782426481121751
2,15,0,25,39,-11.78441453165556
2,15,0,26,38,-11.789409571542155
2,15,0,27,38,-11.791442357172476
2,15,0,28,38,-11.79131046958193
2,15,0,29,37,-11.804177946383488
2,15,0,30,37,-11.810207345305479
2,15,0,31,37,-11.813169492220306
2,15,0,32,36,-11.820945574172118
2,15,0,33,36,-11.826297352981596
2,15,0,34,37,-11.834847304731365
2,15,0,35,37,-11.837382352251032
2,15,0,36,37,-11.840774872454904
2,15,0,37,37,-11.844507669640716
2,15,0,38,37,-11.84843769901864
2,15,0,39,38,-11.854215610193219
2,15,0,40,38,-11.855728583523938
2,15,0,41,38,-11.857530132137658
2,15,0,42,38,-11.859205579335182
2,15,0,43,38,-11.860575741025151
2,15,0,44,38,-11.86152859898046
2,15,0,45,37,-11.86239240273958
2,15,0,45,38,-11.8619810517915
2,16,0,22,40,-11.652601883077399
2,16,0,23,40,-11.654053832841399
2,16,0,24,39,-11.65886643178998
2,16,0,25,39,-11.660834252707925
2,16,0,26,38,-11.66577866476382
2,16,0,27,38,-11.667791066905753
2,16,0,28,38,-11.667663760079346
2,16,0,29,37,-11.680397207659096
2,16,0,30,37,-11.686364416006898
2,16,0,31,37,-11.689295908062086
2,16,0,32,36,-11.696991602392224
2,16,0,33,36,-11.702288190449966
2,16,0,34,37,-11.710749868291584
2,16,0,35,37,-11.713258764524722
2,16,0,36,37,-11.716616286536178
2,16,0,37,37,-11.720310565365502
2,16,0,38,37,-11.724200019522918
2,16,0,39,38,-11.729918207905339
2,16,0,40,38,-11.731415572307
2,16,0,41,38,-11.73319854821547
2,16,0,42,38,-11.734856735743897
2,16,0,43,38,-11.736212794835374
2,16,0,44,38,-11.737155858244238
2,16,0,45,37,-11.73801085208559
2,16,0,45,38,-11.737603675214318
2,17,0,22,40,-11.530481315024696
2,17,0,23,40,-11.531918666590453
2,17,0,24,39,-11.536682466417693
2,17,0,25,39,-11.5386302924991
2,17,0,26,38,-11.543524664046489
2,17,0,27,38,-11.545516918045076
2,17,0,28,38,-11.545394150637454
2,17,0,29,37,-11.557995087165441
2,17,0,30,37,-11.563900807135726
2,17,0,31,37,-11.566801989042718
2,17,0,32,36,-11.57441819728111
2,17,0,33,36,-11.57966020993972
2,17,0,34,37,-11.588034593179808
2,17,0,35,37,-11.590517627857299
2,17,0,36,37,-11.593840538847573
2,17,0,37,37,-11.597496724789362
2,17,0,38,37,-11.601346051274842
2,17,0,39,38,-11.607005173511883
2,17,0,40,38,-11.608487100666064
2,17,0,41,38,-11.610251707977804
2,17,0,42,38,-11.611892825330408
2,17,0,43,38,-11.613234936474752
2,17,0,44,38,-11.614168312575826
2,17,0,45,37,-11.615014593740167
2,17,0,45,38,-11.614611544305694
2,18,0,22,40,-11.409720829949585
2,18,0,23,40,-11.411143754725957
2,18,0,24,39,-11.415859320311043
2,18,0,25,39,-11.417787381212564
2,18,0,26,38,-11.422632286818999
2,18,0,27,38,-11.424604623354595
2,18,0,28,38,-11.424486352248927
2,18,0,29,37,-11.4369562738606
2,18,0,30,37,-11.442801198666048
2,18,0,31,37,-11.445672411198448
2,18,0,32,36,-11.453210025397205
2,18,0,33,36,-11.458398072984798
2,18,0,34,37,-11.466686134869287
2,18,0,35,37,-11.46914359603072
2,18,0,36,37,-11.472432281131763
2,18,0,37,37,-11.47605079766194
2,18,0,38,37,-11.479860442175644
2,18,0,39,38,-11.485461153271627
2,18,0,40,38,-11.48692781436751
2,18,0,41,38,-11.488674256691949
2,18,0,42,38,-11.490298492995011
2,18,0,43,38,-11.491626810642538
2,18,0,44,38,-11.492550606633133
2,18,0,45,37,-11.493388271837578
2,18,0,45,38,-11.492989303799419
2,19,0,22,40,-11.290305324175545
2,19,0,23,40,-11.291713988953745
2,19,0,24,39,-11.29638187232424
2,19,0,25,39,-11.29829039305319
2,19,0,26,38,-11.303086395705442
2,19,0,27,38,-11.305039041065486
2,19,0,28,38,-11.304925221515127
2,19,0,29,37,-11.317265602226534
2,19,0,30,37,-11.323050415383179
2,19,0,31,37,-11.325891994867654
2,19,0,32,36,-11.33335189598754
2,19,0,33,36,-11.338486582084583
2,19,0,34,37,-11.346689286246004
2,19,0,35,37,-11.349121459172123
2,19,0,36,37,-11.352376299961172
2,19,0,37,37,-11.35595756679769
2,19,0,38,37,-11.359727971234355
2,19,0,39,38,-11.365270921117627
2,19,0,40,38,-11.366722485999315
2,19,0,41,38,-11.368450965388247
2,19,0,42,38,-11.370058508367308
2,19,0,43,38,-11.37137318586961
2,19,0,44,38,-11.372287508227641
2,19,0,45,37,-11.37311665333955
2,19,0,45,38,-11.372721721206874
2,20,0,22,40,-11.172219845093968
2,20,0,23,40,-11.173614412823456
2,20,0,24,39,-11.178235155054855
2,20,0,25,39,-11.180124356553089
2,20,0,26,38,-11.184872009108775
2,20,0,27,38,-11.186805185661692
2,20,0,28,38,-11.186695771762976
2,20,0,29,37,-11.198908064706826
2,20,0,30,37,-11.204633440300428
2,20,0,31,37,-11.207445718636329
2,20,0,32,36,-11.214828776406076
2,20,0,33,36,-11.21991069739758
2,20,0,34,37,-11.228028996671831
2,20,0,35,37,-11.230436163512199
2,20,0,36,37,-11.233657537460825
2,20,0,37,37,-11.237201969897894
2,20,0,38,37,-11.24093357158648
2,20,0,39,38,-11.246419403722546
2,20,0,40,38,-11.247856040543644
2,20,0,41,38,-11.24956675705849
2,20,0,42,38,-11.251157792611464
2,20,0,43,38,-11.25245898184734
2,20,0,44,38,-11.253363936046147
2,20,0,45,37,-11.254184655950148
2,20,0,45,38,-11.25379371475537
2,21,0,22,40,-11.055449596036334
2,21,0,23,40,-11.056830226467733
2,21,0,24,39,-11.061404359252403
2,21,0,25,39,-11.063274458898633
2,21,0,26,38,-11.067974305326498
2,21,0,27,38,-11.069888231956684
2,21,0,28,38,-11.069783177109153
2,21,0,29,37,-11.081868815903103
2,21,0,30,37,-11.087535419083832
2,21,0,31,37,-11.090318723911793
2,21,0,32,36,-11.097625797138662
2,21,0,33,36,-11.102655542226348
2,21,0,34,37,-11.110690378401783
2,21,0,35,37,-11.11307281808057
2,21,0,36,37,-11.116261098397446
2,21,0,37,37,-11.11976910709759
2,21,0,38,37,-11.123462338547377
2,21,0,39,38,-11.128891689441822
2,21,0,40,38,-11.130313564540256
2,21,0,41,38,-11.132006716093368
2,21,0,42,38,-11.133581428132887
2,21,0,43,38,-11.134869279369576
2,21,0,44,38,-11.135764969771701
2,21,0,45,37,-11.13657735832401
2,21,0,45,38,-11.13619036360863
2,22,0,22,40,-10.939979938782846
2,22,0,23,40,-10.941346788948016
2,22,0,24,39,-10.94587483578424
2,22,0,25,39,-10.9477260477869
2,22,0,26,38,-10.952378624146142
2,22,0,27,38,-10.954273516612044
2,22,0,28,38,-10.95417277390491
2,22,0,29,37,-10.966133173886329
2,22,0,30,37,-10.971741661376747
2,22,0,31,37,-10.974496316277532
2,22,0,32,36,-10.9817282532844
2,22,0,33,36,-10.986706404662897
2,22,0,34,37,-10.994658708589304
2,22,0,35,37,-10.997016696823131
2,22,0,36,37,-11.000172252456927
2,22,0,37,37,-11.003644243431173
2,22,0,38,37,-11.007299532287801
2,22,0,39,38,-11.012673031352344
2,22,0,40,38,-11.01408030921666
2,22,0,41,38,-11.015756091525239
2,22,0,42,38,-11.017314661928738
2,22,0,43,38,-11.018589323774203
2,22,0,44,38,-11.019475853592256
2,22,0,45,37,-11.020280003608057
2,22,0,45,38,-11.019896911411823
2,23,0,22,40,-10.82579639399459
2,23,0,23,40,-10.82714961855178
2,23,0,24,39,-10.83163209559084
2,23,0,25,39,-10.833464631269184
2,23,0,26,38,-10.838070466400684
2,23,0,27,38,-10.839946537590121
2,23,0,28,38,-10.839850060067855
2,23,0,29,37,-10.851686619215664
2,23,0,30,37,-10.857237639709767
2,23,0,31,37,-10.859963964368474
2,23,0,32,36,-10.86712160336521
2,23,0,33,36,-10.872048736406914
2,23,0,34,37,-10.879919428194993
2,23,0,35,37,-10.882253237540496
2,23,0,36,37,-10.885376433232395
2,23,0,37,37,-10.888812807884939
2,23,0,38,37,-10.892430576964875
2,23,0,39,38,-10.897748846541964
2,23,0,40,38,-10.899141689816672
2,23,0,41,38,-10.900800296407176
2,23,0,42,38,-10.902342905019713
2,23,0,43,38,-10.90360452442407
2,23,0,44,38,-10.904481995720994
2,23,0,45,37,-10.90527799898011
2,23,0,45,38,-10.904898765834572
2,24,0,22,40,-10.712884641102397
2,24,0,23,40,-10.714224392575597
2,24,0,24,39,-10.718661809221944
2,24,0,25,39,-10.720475877209628
2,24,0,26,38,-10.725035493242661
2,24,0,27,38,-10.726892953363357
2,24,0,28,38,-10.726800694217667
2,24,0,29,37,-10.738514793878698
2,24,0,30,37,-10.744008988364213
2,24,0,31,37,-10.746707298706841
2,24,0,32,36,-10.753791468112755
2,24,0,33,36,-10.758668151542581
2,24,0,34,37,-10.766458140777615
2,24,0,35,37,-10.768768040687748
2,24,0,36,37,-10.771859237038592
2,24,0,37,37,-10.775260392231836
2,24,0,38,37,-10.778841059581863
2,24,0,39,38,-10.784104715013143
2,24,0,40,38,-10.78548328451589
2,24,0,41,38,-10.78712490674281
2,24,0,42,38,-10.788651731392655
2,24,0,43,38,-10.789900453659214
2,24,0,44,38,-10.79076896735456
2,24,0,45,37,-10.791556914610574
2,24,0,45,38,-10.791181497532127
2,25,0,22,40,-10.601230517462419
2,25,0,23,40,-10.602556946408063
2,25,0,24,39,-10.606949805742573
2,25,0,25,39,-10.608745612133427
2,25,0,26,38,-10.613259524848068
2,25,0,27,38,-10.615098581565483
2,25,0,28,38,-10.615010494264904
2,25,0,29,37,-10.62660349970787
2,25,0,30,37,-10.632041501717362
2,25,0,31,37,-10.634712110020297
2,25,0,32,36,-10.641723628727283
2,25,0,33,36,-10.646550424775267
2,25,0,34,37,-10.654260610720417
2,25,0,35,37,-10.656546867599573
2,25,0,36,37,-10.659606421138605
2,25,0,37,37,-10.662972749263014
2,25,0,38,37,-10.666516728228345
2,25,0,39,38,-10.671726377945303
2,25,0,40,38,-10.673090832689812
2,25,0,41,38,-10.67471565976199
2,25,0,42,38,-10.676226876284012
2,25,0,43,38,-10.677462845087454
2,25,0,44,38,-10.678322500969465
2,25,0,45,37,-10.679102481960975
2,25,0,45,38,-10.678730838445036
2,26,0,22,40,-10.490820017134627
2,26,0,23,40,-10.492133272257945
2,26,0,24,39,-10.496482071335553
2,26,0,25,39,-10.498259819787004
2,26,0,26,38,-10.502728538869803
2,26,0,27,38,-10.504549397404693
2,26,0,28,38,-10.504465435775609
2,26,0,29,37,-10.515938696607344
2,26,0,30,37,-10.52132113240879
2,26,0,31,37,-10.523964347383735
2,26,0,32,36,-10.530904024962732
2,26,0,33,36,-10.535681489488912
2,26,0,34,37,-10.543312761261252
2,26,0,35,37,-10.545575638514
2,26,0,36,37,-10.548603901761036
2,26,0,37,37,-10.551935790800421
2,26,0,38,37,-10.555443490090038
2,26,0,39,38,-10.560599735706678
2,26,0,40,38,-10.561950232926266
2,26,0,41,38,-10.563558451934766
2,26,0,42,38,-10.56505423419624
2,26,0,43,38,-10.566277591603844
2,26,0,44,38,-10.567128488344327
2,26,0,45,37,-10.567900591807645
2,26,0,45,38,-10.56753267982329
2,27,0,22,40,-10.38163928953506
2,27,0,23,40,-10.382939517772392
2,27,0,24,39,-10.387244747838938
2,27,0,25,39,-10.389004639649082
2,27,0,26,38,-10.393428668884466
2,27,0,27,38,-10.39523153208675
2,27,0,28,38,-10.395151650365847
2,27,0,29,37,-10.406506500865463
2,27,0,30,37,-10.411833989615445
2,27,0,31,37,-10.414450116478987
2,27,0,32,36,-10.421318753352933
2,27,0,33,36,-10.426047435954906
2,27,0,34,37,-10.433600672681568
2,27,0,35,37,-10.435840430756853
2,27,0,36,37,-10.43883775227958
2,27,0,37,37,-10.442135585871775
2,27,0,38,37,-10.445607409620262
2,27,0,39,38,-10.45071084602087
2,27,0,40,38,-10.452047541190893
2,27,0,41,38,-10.453639337135272
2,27,0,42,38,-10.455119857060113
2,27,0,43,38,-10.456330743551439
2,27,0,44,38,-10.45717297871951
2,27,0,45,37,-10.457937292400517
2,27,0,45,38,-10.457573070385049
2,28,0,22,40,-10.273674637922731
2,28,0,23,40,-10.274961984501099
2,28,0,24,39,-10.279224131153894
2,28,0,25,39,-10.280966365319395
2,28,0,26,38,-10.28534620273329
2,28,0,27,38,-10.287131271137577
2,28,0,28,38,-10.287055424002864
2,28,0,29,37,-10.298293183393307
2,28,0,30,37,-10.303566337262462
2,28,0,31,37,-10.306155677794104
2,28,0,32,36,-10.312954065383332
2,28,0,33,36,-10.317634509489292
2,28,0,34,37,-10.325110580446694
2,28,0,35,37,-10.327327476877525
2,28,0,36,37,-10.330294201343373
2,28,0,37,37,-10.333558358836033
2,28,0,38,37,-10.33699470666116
2,28,0,39,38,-10.342045922084342
2,28,0,40,38,-10.343368968943857
2,28,0,41,38,-10.344944524757958
2,28,0,42,38,-10.346409952350713
2,28,0,43,38,-10.347608506837096
2,28,0,44,38,-10.348442176912648
2,28,0,45,37,-10.349198787578537
2,28,0,45,38,-10.348838214432307
2,29,0,22,40,-10.166912517866967
2,29,0,23,40,-10.168187126348856
2,29,0,24,39,-10.172406669663019
2,29,0,25,39,-10.174131442926173
2,29,0,26,38,-10.178467580903977
2,29,0,27,38,-10.180235052775904
2,29,0,28,38,-10.180163195366966
2,29,0,29,37,-10.19128516805413
2,29,0,30,37,-10.196504592337618
2,29,0,31,37,-10.19906744493173
2,29,0,32,36,-10.205796365786327
2,29,0,33,36,-10.210429108741184
2,29,0,34,37,-10.21782887348536
2,29,0,35,37,-10.220023162926616
2,29,0,36,37,-10.222959631152458
2,29,0,37,37,-10.226190487656837
2,29,0,38,37,-10.229591754715049
2,29,0,39,38,-10.234591330833227
2,29,0,40,38,-10.235900881405604
2,29,0,41,38,-10.23746037798189
2,29,0,42,38,-10.23891088135001
2,29,0,43,38,-10.24009724119269
2,29,0,44,38,-10.240922441579027
2,29,0,45,37,-10.241671435029405
2,29,0,45,38,-10.241314470110579
2,30,0,22,40,-10.061339535644066
2,30,0,23,40,-10.062601547962828
2,30,0,24,39,-10.066778962594464
2,30,0,25,39,-10.068486469482554
2,30,0,26,38,-10.072779394867421
2,30,0,27,38,-10.074529466242648
2,30,0,28,38,-10.074461554172542
2,30,0,29,37,-10.085469029959233
2,30,0,30,37,-10.090635323176025
2,30,0,31,37,-10.093171982889148
2,30,0,32,36,-10.099832210810508
2,30,0,33,36,-10.104417783956208
2,30,0,34,37,-10.11174209244702
2,30,0,35,37,-10.113914026711733
2,30,0,36,37,-10.116820575711746
2,30,0,37,37,-10.120018502154515
2,30,0,38,37,-10.123385079194891
2,30,0,39,38,-10.128333591193273
2,30,0,40,38,-10.129629795806709
2,30,0,41,38,-10.131173412020493
2,30,0,42,38,-10.132609157396695
2,30,0,43,38,-10.1337834584249
2,30,0,44,38,-10.134600283460864
2,30,0,45,37,-10.135341744538888
2,30,0,45,38,-10.13498834765815
2,31,0,22,40,-9.956942446562104
2,31,0,23,40,-9.958192003051176
2,31,0,24,39,-9.962327758321948
2,31,0,25,39,-9.96401819117933
2,31,0,26,38,-9.968268385350674
2,31,0,27,38,-9.97000125006548
2,31,0,28,38,-9.969937239421908
2,31,0,29,37,-9.98083149368848
2,31,0,30,37,-9.985945247665343
2,31,0,31,37,-9.988456006256783
2,31,0,32,36,-9.995048306401545
2,31,0,33,36,-9.999587235147857
2,31,0,34,37,-10.00683692786149
2,31,0,35,37,-10.008986755953462
2,31,0,36,37,-10.011863718982976
2,31,0,37,37,-10.015029082154614
2,31,0,38,37,-10.01836135556977
2,31,0,39,38,-10.023259372222357
2,31,0,40,38,-10.024542379529448
2,31,0,41,38,-10.026070292262588
2,31,0,42,38,-10.027491444027321
2,31,0,43,38,-10.028653820557075
2,31,0,44,38,-10.029462363530982
2,31,0,45,37,-10.030196376134727
2,31,0,45,38,-10.029846507550625
2,32,0,22,40,-9.853708153398602
2,32,0,23,40,-9.854945392815816
2,32,0,24,39,-9.859039952789177
2,32,0,25,39,-9.860713501807354
2,32,0,26,38,-9.86492144075676
2,32,0,27,38,-9.866637290478394
2,32,0,28,38,-9.866577137825741
2,32,0,29,37,-9.877359431711358
2,32,0,30,37,-9.882421231666225
2,32,0,31,37,-9.88490637763845
2,32,0,32,36,-9.891431506624041
2,32,0,33,36,-9.895924310518948
2,32,0,34,37,-9.903100218557622
2,32,0,35,37,-9.905228186704102
2,32,0,36,37,-9.908075893302662
2,32,0,37,37,-9.911209055904381
2,32,0,38,37,-9.914507407779602
2,32,0,39,38,-9.919355491520342
2,32,0,40,38,-9.920625448516937
2,32,0,41,38,-9.922137832679768
2,32,0,42,38,-9.92354455338141
2,32,0,43,38,-9.924695138231842
2,32,0,44,38,-9.925495491392299
2,32,0,45,37,-9.926222138485063
2,32,0,45,38,-9.925875758898767
2,33,0,22,40,-9.75162370479349
2,33,0,23,40,-9.752848764342863
2,33,0,24,39,-9.756902587894903
2,33,0,25,39,-9.758559441141053
2,33,0,26,38,-9.762725595544715
2,33,0,27,38,-9.764424619800623
2,33,0,28,38,-9.764368282181337
2,33,0,29,37,-9.775039862762101
2,33,0,30,37,-9.780050287387127
2,33,0,31,37,-9.782510106026079
2,33,0,32,36,-9.788968812035895
2,33,0,33,36,-9.793416004836722
2,33,0,34,37,-9.800518950040352
2,33,0,35,37,-9.802625301724655
2,33,0,36,37,-9.805444077759685
2,33,0,37,37,-9.808545398451152
2,33,0,38,37,-9.811810206614334
2,33,0,39,38,-9.816608913609603
2,33,0,40,38,-9.817865965653501
2,33,0,41,38,-9.819362994207271
2,33,0,42,38,-9.820755444582652
2,33,0,43,38,-9.821894369092274
2,33,0,44,38,-9.822686623659244
2,33,0,45,37,-9.823405987279722
2,33,0,45,38,-9.823063057829991
2,34,0,22,40,-9.650676293595305
2,34,0,23,40,-9.651889308947856
2,34,0,24,39,-9.655902849831701
2,34,0,25,39,-9.657543193274472
2,34,0,26,38,-9.66166802855659
2,34,0,27,38,-9.663350414759739
2,34,0,28,38,-9.663297849690368
2,34,0,29,37,-9.673859950140129
2,34,0,30,37,-9.678819571676536
2,34,0,31,37,-9.681254345088425
2,34,0,32,36,-9.687647367967433
2,34,0,33,36,-9.69204945770682
2,34,0,34,37,-9.699080252759092
2,34,0,35,37,-9.701165228752112
2,34,0,36,37,-9.703955396460875
2,34,0,37,37,-9.707025229906453
2,34,0,38,37,-9.710256867976685
2,34,0,39,38,-9.715006748197725
2,34,0,40,38,-9.716251039027629
2,34,0,41,38,-9.717732883007024
2,34,0,42,38,-9.71911122200254
2,34,0,43,38,-9.72023861604705
2,34,0,44,38,-9.72102286222458
2,34,0,45,37,-9.72173502349772
2,34,0,45,38,-9.721395505756178
2,35,0,22,40,-9.55085325525958
2,35,0,23,40,-9.552054360571997
2,35,0,24,39,-9.556028067477877
2,35,0,25,39,-9.55765208501119
2,35,0,26,38,-9.561736061402696
2,35,0,27,38,-9.5634019948748
2,35,0,28,38,-9.563353160340307
2,35,0,29,37,-9.57380700008359
2,35,0,30,37,-9.578716384392365
2,35,0,31,37,-9.5811263915385
2,35,0,32,36,-9.587454462884077
2,35,0,33,36,-9.591811951932108
2,35,0,34,37,-9.59877140046018
2,35,0,35,37,-9.600835238849658
2,35,0,36,37,-9.60359711687872
2,35,0,37,37,-9.60663581379096
2,35,0,38,37,-9.609834651224752
2,35,0,39,38,-9.61453624851641
2,35,0,40,38,-9.615767920269812
2,35,0,41,38,-9.617234748804421
2,35,0,42,38,-9.6185991335963
2,35,0,43,38,-9.619715125605177
2,35,0,44,38,-9.620491452593036
2,35,0,45,37,-9.621196491740388
2,35,0,45,38,-9.620860347706838
2,36,0,22,40,-9.452122684554384
2,36,0,23,40,-9.453312149542358
2,36,0,24,39,-9.457245520673405
2,36,0,25,39,-9.45885270160925
2,36,0,26,38,-9.462893754241573
2,36,0,27,38,-9.464542270201886
2,36,0,28,38,-9.464495511485358
2,36,0,29,37,-9.474837619355467
2,36,0,30,37,-9.479695185304932
2,36,0,31,37,-9.48207976751851
2,36,0,32,36,-9.488340873460174
2,36,0,33,36,-9.49265271988268
2,36,0,34,37,-9.499539871173864
2,36,0,35,37,-9.501582186986289
2,36,0,36,37,-9.504315381377841
2,36,0,37,37,-9.507322632483527
2,36,0,38,37,-9.510488465558568
2,36,0,39,38,-9.515142190412215
2,36,0,40,38,-9.516361240680718
2,36,0,41,38,-9.517813167262034
2,36,0,42,38,-9.519163869191381
2,36,0,43,38,-9.520268870116258
2,36,0,44,38,-9.521037746030085
2,36,0,45,37,-9.52173582686637
2,36,0,45,38,-9.521403207058581
2,37,0,22,40,-9.354501026927116
2,37,0,23,40,-9.355678474817248
2,37,0,24,39,-9.359571993997037
2,37,0,25,39,-9.361162692507163
2,37,0,26,38,-9.365162522778805
2,37,0,27,38,-9.366794235978336
2,37,0,28,38,-9.366750130941867
2,37,0,29,37,-9.376982991892485
2,37,0,30,37,-9.381789387437973
2,37,0,31,37,-9.384148794220872
2,37,0,32,36,-9.390344150496253
2,37,0,33,36,-9.394610793662208
2,37,0,34,37,-9.401425759961873
2,37,0,35,37,-9.403446837297508
2,37,0,36,37,-9.406151663473779
2,37,0,37,37,-9.40912776109245
2,37,0,38,37,-9.412260847578183
2,37,0,39,38,-9.416866323180964
2,37,0,40,38,-9.418072891939024
2,37,0,41,38,-9.419509992227352
2,37,0,42,38,-9.42084691546483
2,37,0,43,38,-9.421940617221646
2,37,0,44,38,-9.422701571330409
2,37,0,45,37,-9.423392647661919
2,37,0,45,38,-9.42306324078487
2,38,0,22,40,-9.25798044491842
2,38,0,23,40,-9.25914630384492
2,38,0,24,39,-9.263001229395675
2,38,0,25,39,-9.264576130474127
2,38,0,26,38,-9.268536631186405
2,38,0,27,38,-9.270152569613533
2,38,0,28,38,-9.270112256446241
2,38,0,29,37,-9.280240403709369
2,38,0,30,37,-9.284997822569617
2,38,0,31,37,-9.287332940961837
2,38,0,32,36,-9.293464104458062
2,38,0,33,36,-9.297686256781047
2,38,0,34,37,-9.304429957554476
2,38,0,35,37,-9.306430025781511
2,38,0,36,37,-9.309106886874929
2,38,0,37,37,-9.31205246813494
2,38,0,38,37,-9.31515371318882
2,38,0,39,38,-9.319712597943369
2,38,0,40,38,-9.320907114454915
2,38,0,41,38,-9.322329844975735
2,38,0,42,38,-9.323653331811844
2,38,0,43,38,-9.324735950771512
2,38,0,44,38,-9.325489116719309
2,38,0,45,37,-9.326173284885499
2,38,0,45,38,-9.32584705851652
2,39,0,22,40,-9.162526043154354
2,39,0,23,40,-9.163680563431548
2,39,0,24,39,-9.167497295200565
2,39,0,25,39,-9.169056464985411
2,39,0,26,38,-9.172977297686888
2,39,0,27,38,-9.174577131649395
2,39,0,28,38,-9.17453981675112
2,39,0,29,37,-9.184563030012791
2,39,0,30,37,-9.189271866966958
2,39,0,31,37,-9.191583154696387
2,39,0,32,36,-9.197652194710283
2,39,0,33,36,-9.201831968047998
2,39,0,34,37,-9.208507880484584
2,39,0,35,37,-9.210487780721353
2,39,0,36,37,-9.213137510268425
2,39,0,37,37,-9.216052989561112
2,39,0,38,37,-9.219122243711166
2,39,0,39,38,-9.223633699131243
2,39,0,40,38,-9.224815717929536
2,39,0,41,38,-9.226223604332201
2,39,0,42,38,-9.227533379213112
2,39,0,43,38,-9.228604905180088
2,39,0,44,38,-9.229350459332423
2,39,0,45,37,-9.230027752503156
2,39,0,45,38,-9.22970483049295
2,40,0,22,40,-9.068141073879499
2,40,0,23,40,-9.069284248369469
2,40,0,24,39,-9.073063275901724
2,40,0,25,39,-9.074607051881319
2,40,0,26,38,-9.078489568183645
2,40,0,27,38,-9.080074059372048
2,40,0,28,38,-9.08004059743475
2,40,0,29,37,-9.089962118763461
2,40,0,30,37,-9.094623614281764
2,40,0,31,37,-9.096911471254211
2,40,0,32,36,-9.102918770990161
2,40,0,33,36,-9.107055908876927
2,40,0,34,37,-9.113663603882102
2,40,0,35,37,-9.115623374960027
2,40,0,36,37,-9.11824627377488
2,40,0,37,37,-9.121132405194917
2,40,0,38,37,-9.124170949836937
2,40,0,39,38,-9.128637380971394
2,40,0,40,38,-9.129807715793252
2,40,0,41,38,-9.131201670546082
2,40,0,42,38,-9.132498429188935
2,40,0,43,38,-9.133559231038411
2,40,0,44,38,-9.134297256763224
2,40,0,45,37,-9.134967836445254
2,40,0,45,38,-9.13464803137325
2,41,0,22,40,-8.974801885103139
2,41,0,23,40,-8.97593392126941
2,41,0,24,39,-8.979675597909303
2,41,0,25,39,-8.981204020634863
2,41,0,26,38,-8.985047944457648
2,41,0,27,38,-8.986616800220437
2,41,0,28,38,-8.986586446453359
2,41,0,29,37,-8.996405811914856
2,41,0,30,37,-9.001019976849083
2,41,0,31,37,-9.003284584035885
2,41,0,32,36,-9.009231189592123
2,41,0,33,36,-9.013326852746344
2,41,0,34,37,-9.019868215645987
2,41,0,35,37,-9.021808274814815
2,41,0,36,37,-9.024404695286949
2,41,0,37,37,-9.027261524721379
2,41,0,38,37,-9.030269023639782
2,41,0,39,38,-9.034689583694265
2,41,0,40,38,-9.035847874863574
2,41,0,41,38,-9.037227526680281
2,41,0,42,38,-9.038511052394652
2,41,0,43,38,-9.03956111291023
2,41,0,44,38,-9.040291737760747
2,41,0,45,37,-9.040955631678994
2,41,0,45,38,-9.04063903168132
2,42,0,22,40,-8.882509808001643
2,42,0,23,40,-8.883630806746055
2,42,0,24,39,-8.887335752622748
2,42,0,25,39,-8.888849192481533
2,42,0,26,38,-8.892655866315742
2,42,0,27,38,-8.894209854486984
2,42,0,28,38,-8.894183474191243
2,42,0,29,37,-8.903904045121116
2,42,0,30,37,-8.908472262609983
2,42,0,31,37,-8.910714099715188
2,42,0,32,36,-8.916600602937333
2,42,0,33,36,-8.920654705194599
2,42,0,34,37,-8.92712949740166
2,42,0,35,37,-8.929049897543425
2,42,0,36,37,-8.931620122655449
2,42,0,37,37,-8.934448327154366
2,42,0,38,37,-8.937425916741683
2,42,0,39,38,-8.941802703164898
2,42,0,40,38,-8.942949638226654
2,42,0,41,38,-8.944315740942534
2,42,0,42,38,-8.94558658468257
2,42,0,43,38,-8.946626167385613
2,42,0,44,38,-8.947349427425921
2,42,0,45,37,-8.948006748082232
2,42,0,45,38,-8.947693203299053
2,43,0,22,40,-8.791237235851536
2,43,0,23,40,-8.792347413358613
2,43,0,24,39,-8.796015931819264
2,43,0,25,39,-8.79751438292824
2,43,0,26,38,-8.801283285448232
2,43,0,27,38,-8.802821953282491
2,43,0,28,38,-8.802798557179356
2,43,0,29,37,-8.81241921032673
2,43,0,30,37,-8.816941235844093
2,43,0,31,37,-8.81916042113848
2,43,0,32,36,-8.824987907555334
2,43,0,33,36,-8.829001788970693
2,43,0,34,37,-8.835412287272616
2,43,0,35,37,-8.837313556439257
2,43,0,36,37,-8.839858043641051
2,43,0,37,37,-8.842657685244582
2,43,0,38,37,-8.845604907159087
2,43,0,39,38,-8.849936690101007
2,43,0,40,38,-8.851071756063973
2,43,0,41,38,-8.85242376587043
2,43,0,42,38,-8.853681602660009
2,43,0,43,38,-8.854710677871749
2,43,0,44,38,-8.855426737562187
2,43,0,45,37,-8.856077524922599
2,43,0,45,38,-8.85576714198464
2,44,0,22,40,-8.700988034919728
2,44,0,23,40,-8.702087393341941
2,44,0,24,39,-8.705719943188287
2,44,0,25,39,-8.707203714341889
2,44,0,26,38,-8.710936096548842
2,44,0,27,38,-8.712460156369021
2,44,0,28,38,-8.712440535421067
2,44,0,29,37,-8.721964233625213
2,44,0,30,37,-8.726441143228426
2,44,0,31,37,-8.728637990703678
2,44,0,32,36,-8.734406591008081
2,44,0,33,36,-8.738379797979409
2,44,0,34,37,-8.744725217622376
2,44,0,35,37,-8.746607283733152
2,44,0,36,37,-8.749126182048345
2,44,0,37,37,-8.751897846852888
2,44,0,38,37,-8.754815808891305
2,44,0,39,38,-8.75910472527565
2,44,0,40,38,-8.760228667277564
2,44,0,41,38,-8.76156741176157
2,44,0,42,38,-8.762812851394079
2,44,0,43,38,-8.763831709216793
2,44,0,44,38,-8.76454059555247
2,44,0,45,37,-8.765184976370639
2,44,0,45,38,-8.764877574377797
2,45,0,22,40,-8.61173794981681
2,45,0,23,40,-8.612826679344913
2,45,0,24,39,-8.61642355104246
2,45,0,25,39,-8.617892648027867
2,45,0,26,38,-8.621588122112996
2,45,0,27,38,-8.623097219628477
2,45,0,28,38,-8.623080551467103
2,45,0,29,37,-8.632506555570604
2,45,0,30,37,-8.636938229283121
2,45,0,31,37,-8.639112868321432
2,45,0,32,36,-8.644823538089108
2,45,0,33,36,-8.648757192863599
2,45,0,34,37,-8.655039363167997
2,45,0,35,37,-8.656902626078848
2,45,0,36,37,-8.659396253759613
2,45,0,37,37,-8.662139929346083
2,45,0,38,37,-8.665028207879164
2,45,0,39,38,-8.66927323567515
2,45,0,40,38,-8.67038564264374
2,45,0,41,38,-8.671710690659589
2,45,0,42,38,-8.672943466745306
2,45,0,43,38,-8.673952056453562
2,45,0,44,38,-8.674653877150307
2,45,0,45,37,-8.675291866662107
2,45,0,45,38,-8.67498753687573
2,46,0,22,40,-8.523489674653876
2,46,0,23,40,-8.524567851645847
2,46,0,24,39,-8.528129616827593
2,46,0,25,39,-8.529584397491677
2,46,0,26,38,-8.533244289601912
2,46,0,27,38,-8.534739189600023
2,46,0,28,38,-8.53472634570023
2,46,0,29,37,-8.544057935791527
2,46,0,30,37,-8.548445689093377
2,46,0,31,37,-8.550598556937564
2,46,0,32,36,-8.556251741902965
2,46,0,33,36,-8.56014563383092
2,46,0,34,37,-8.566364122781344
2,46,0,35,37,-8.568208586109861
2,46,0,36,37,-8.570677171712353
2,46,0,37,37,-8.573393494482433
2,46,0,38,37,-8.576253204603683
2,46,0,39,38,-8.580456433411324
2,46,0,40,38,-8.581558000312475
2,46,0,41,38,-8.582870113910598
2,46,0,42,38,-8.584090782272296
2,46,0,43,38,-8.585089368416265
2,46,0,44,38,-8.58578415545058
2,46,0,45,37,-8.586415867319118
2,46,0,45,38,-8.586114454197183
2,47,0,22,40,-8.436216094084275
2,47,0,23,40,-8.437283922474375
2,47,0,24,39,-8.440810854990415
2,47,0,25,39,-8.442251300302782
2,47,0,26,38,-8.445875069205865
2,47,0,27,38,-8.447355314720399
2,47,0,28,38,-8.44734532063992
2,47,0,29,37,-8.4565813895088
2,47,0,30,37,-8.460924997573981
2,47,0,31,37,-8.463056222072884
2,47,0,32,36,-8.4686530430093
2,47,0,33,36,-8.472508529695531
2,47,0,34,37,-8.478665606226086
2,47,0,35,37,-8.480491789704425
2,47,0,36,37,-8.482935772005957
2,47,0,37,37,-8.485624777096684
2,47,0,38,37,-8.488455430276254
2,47,0,39,38,-8.492615581028852
2,47,0,40,38,-8.493705784510436
2,47,0,41,38,-8.49500440600773
2,47,0,42,38,-8.496212621997024
2,47,0,43,38,-8.497201147577856
2,47,0,44,38,-8.49788904098931
2,47,0,45,37,-8.498514499428147
2,47,0,45,38,-8.498216112198564
2,48,0,22,40,-8.349920475761794
2,48,0,23,40,-8.350977955759896
2,48,0,24,39,-8.354470475204227
2,48,0,25,39,-8.35589686927565
2,48,0,26,38,-8.359485659846634
2,48,0,27,38,-8.360951900018794
2,48,0,28,38,-8.360945458025684
2,48,0,29,37,-8.370088656822025
2,48,0,30,37,-8.37438904932221
2,48,0,31,37,-8.376498887371769
2,48,0,32,36,-8.382039362847568
2,48,0,33,36,-8.385855955445193
2,48,0,34,37,-8.391950822157861
2,48,0,35,37,-8.393758647251488
2,48,0,36,37,-8.396178159857996
2,48,0,37,37,-8.398840398396633
2,48,0,38,37,-8.4016430401417
2,48,0,39,38,-8.405762136390155
2,48,0,40,38,-8.406841681265053
2,48,0,41,38,-8.408127596229434
2,48,0,42,38,-8.409323945882427
2,48,0,43,38,-8.410302702228691
2,48,0,44,38,-8.41098374345236
2,48,0,45,37,-8.41160307838909
2,48,0,45,38,-8.411307544526547
2,49,0,22,40,-8.264581316309753
2,49,0,23,40,-8.265628620417608
2,49,0,24,39,-8.269087017486436
2,49,0,25,39,-8.270499383909067
2,49,0,26,38,-8.274052924162522
2,49,0,27,38,-8.275504884574813
2,49,0,28,38,-8.275501307399747
2,49,0,29,37,-8.284551171811382
2,49,0,30,37,-8.288808320292738
2,49,0,31,37,-8.290896913341838
2,49,0,32,36,-8.29638192602733
2,49,0,33,36,-8.300160614852683
2,49,0,34,37,-8.306194859920886
2,49,0,35,37,-8.307984671465407
2,49,0,36,37,-8.310379989372048
2,49,0,37,37,-8.313015457914874
2,49,0,38,37,-8.315789743273282
2,49,0,39,38,-8.31986695245725
2,49,0,40,38,-8.320935502031274
2,49,0,41,38,-8.322208358491189
2,49,0,42,38,-8.323392623567269
2,49,0,43,38,-8.324361565948603
2,49,0,44,38,-8.325035842312467
2,49,0,45,37,-8.32564906583394
2,49,0,45,38,-8.325356461175934
2,50,0,22,40,-8.180199456594949
2,50,0,23,40,-8.18123667952811
2,50,0,24,39,-8.184661512564858
2,50,0,25,39,-8.186060185101793
2,50,0,26,38,-8.189579674054324
2,50,0,27,38,-8.191018041924249
2,50,0,28,38,-8.191018097594421
2,50,0,29,37,-8.199977643750866
2,50,0,30,37,-8.204192792774544
2,50,0,31,37,-8.206260573846775
2,50,0,32,36,-8.21169065790607
2,50,0,33,36,-8.215431368904973
2,50,0,34,37,-8.221404781583525
2,50,0,35,37,-8.223176625760864
2,50,0,36,37,-8.225547999598437
2,50,0,37,37,-8.228157298843056
2,50,0,38,37,-8.230904235883434
2,50,0,39,38,-8.234941417193888
2,50,0,40,38,-8.235999579820017
2,50,0,41,38,-8.237260044183053
2,50,0,42,38,-8.238432711785476
2,50,0,43,38,-8.239392074344032
2,50,0,44,38,-8.240059619323493
2,50,0,45,37,-8.240666832620086
2,50,0,45,38,-8.240377023788662
2,51,0,22,40,-8.096749875759485
2,51,0,23,40,-8.097777207821192
2,51,0,24,39,-8.101168746894349
2,51,0,25,39,-8.102553720609034
2,51,0,26,38,-8.10603869419863
2,51,0,27,38,-8.107463064124419
2,51,0,28,38,-8.107465860118468
2,51,0,29,37,-8.11633407106304
2,51,0,30,37,-8.120506986976455
2,51,0,31,37,-8.122554053603842
2,51,0,32,36,-8.127930154216699
2,51,0,33,36,-8.13163406685739
2,51,0,34,37,-8.137548662112936
2,51,0,35,37,-8.13930300832264
2,51,0,36,37,-8.141650846911546
2,51,0,37,37,-8.144234036799487
2,51,0,38,37,-8.146953225072677
2,51,0,39,38,-8.150949297903315
2,51,0,40,38,-8.1519966222657
2,51,0,41,38,-8.153244217361136
2,51,0,42,38,-8.15440500525334
2,51,0,43,38,-8.155354767831124
2,51,0,44,38,-8.156015731605539
2,51,0,45,37,-8.156616974000183
2,51,0,45,38,-8.1563300535821
2,52,0,22,40,-8.014236327428259
2,52,0,23,40,-8.015253775205954
2,52,0,24,39,-8.018612452447577
2,52,0,25,39,-8.019984017736686
2,52,0,26,38,-8.02343564712257
2,52,0,27,38,-8.024846688982525
2,52,0,28,38,-8.024852978204118
2,52,0,29,37,-8.033632661875934
2,52,0,30,37,-8.037764384234983
2,52,0,31,37,-8.039791047576525
2,52,0,32,36,-8.04511333677073
2,52,0,33,36,-8.048780063373064
2,52,0,34,37,-8.054635148866739
2,52,0,35,37,-8.056371935694047
2,52,0,36,37,-8.058696380147083
2,52,0,37,37,-8.061254002219076
2,52,0,38,37,-8.063946462338421
2,52,0,39,38,-8.067903392341009
2,52,0,40,38,-8.068940562032184
2,52,0,41,38,-8.070176045387102
2,52,0,42,38,-8.071325508767998
2,52,0,43,38,-8.072265931316494
2,52,0,44,38,-8.072920333913112
2,52,0,45,37,-8.073515717953612
2,52,0,45,38,-8.07323152156726
3,1,0,36,37,-4.650530367475794
3,1,0,37,37,-4.65047965565021
3,1,0,38,37,-4.650478213594953
3,1,0,39,38,-4.6502568221672504
3,1,0,40,38,-4.650257947428809
3,1,0,41,38,-4.650249610172693
3,1,0,42,38,-4.650226967225834
3,1,0,43,38,-4.650187936107605
3,1,0,44,38,-4.650134007133637
3,1,0,45,37,-4.650274228562646
3,1,0,45,38,-4.650077240273548
4,1,0,36,37,-14.19840255597688
4,1,0,37,37,-14.200218721889444
4,1,0,38,37,-14.20225727484795
4,1,0,39,38,-14.204954230651484
4,1,0,40,38,-14.205742345424397
4,1,0,41,38,-14.206661066971462
4,1,0,42,38,-14.207487794249944
4,1,0,43,38,-14.208127588132411
4,1,0,44,38,-14.20852606174694
4,1,0,45,37,-14.209184276399453
4,1,0,45,38,-14.208661210152583
4,2,0,36,37,-14.07867148647122
4,2,0,37,37,-14.08151958385952
4,2,0,38,37,-14.084651951878568
4,2,0,39,38,-14.089166888523382
4,2,0,40,38,-14.090398316633658
4,2,0,41,38,-14.091858304290085
4,2,0,42,38,-14.093204898565476
4,2,0,43,38,-14.094289125132914
4,2,0,44,38,-14.095019407620876
4,2,0,45,37,-14.095840925079724
4,2,0,45,38,-14.095337375382341
4,3,0,36,37,-13.948821747316552
4,3,0,37,37,-13.952101167758661
4,3,0,38,37,-13.955693729737044
4,3,0,39,38,-13.96098507670819
4,3,0,40,38,-13.96240670824395
4,3,0,41,38,-13.964100403262435
4,3,0,42,38,-13.965673019576306
4,3,0,43,38,-13.966951857974959
4,3,0,44,38,-13.967828513930831
4,3,0,45,37,-13.968718171150446
4,3,0,45,38,-13.968227849537621
4,4,0,36,37,-13.81536930689865
4,4,0,37,37,-13.8188164192765
4,4,0,38,37,-13.822588033272412
4,4,0,39,38,-13.828186882628577
4,4,0,40,38,-13.829683328295662
4,4,0,41,38,-13.831469352341399
4,4,0,42,38,-13.83313170981576
4,4,0,43,38,-13.834488286255292
4,4,0,44,38,-13.835423916432704
4,4,0,45,37,-13.836338423443394
4,4,0,45,38,-13.835856535883414
4,5,0,36,37,-13.681076672552038
4,5,0,37,37,-13.684577449775075
4,5,0,38,37,-13.688405998757352
4,5,0,39,38,-13.694108048843777
4,5,0,40,38,-13.695628810518578
4,5,0,41,38,-13.697445282691323
4,5,0,42,38,-13.699137809231544
4,5,0,43,38,-13.700521169243478
4,5,0,44,38,-13.701477751252153
4,5,0,45,37,-13.702398279376126
4,5,0,45,38,-13.701922749948459
4,6,0,36,37,-13.547195794570314
4,6,0,37,37,-13.550700833165383
4,6,0,38,37,-13.554533748948385
4,6,0,39,38,-13.560250986315
4,6,0,40,38,-13.561774518387812
4,6,0,41,38,-13.563594907369039
4,6,0,42,38,-13.565291790223416
4,6,0,43,38,-13.566679515029168
4,6,0,44,38,-13.567640096849903
4,6,0,45,37,-13.568558338616004
4,6,0,45,38,-13.568088090769727
4,7,0,36,37,-13.414252060485525
4,7,0,37,37,-13.417739343479768
4,7,0,38,37,-13.421552899777874
4,7,0,39,38,-13.427245514041957
4,7,0,40,38,-13.428761981017125
4,7,0,41,38,-13.43057428119276
4,7,0,42,38,-13.432264024679126
4,7,0,43,38,-13.433646336829048
4,7,0,44,38,-13.434603646070048
4,7,0,45,37,-13.435516034566023
4,7,0,45,38,-13.435050636713191
4,8,0,36,37,-13.282489793765887
4,8,0,37,37,-13.285950010241821
4,8,0,38,37,-13.28973410598915
4,8,0,39,38,-13.295384769708873
4,8,0,40,38,-13.296889863854245
4,8,0,41,38,-13.29868875351572
4,8,0,42,38,-13.300366201432654
4,8,0,43,38,-13.301738676714837
4,8,0,44,38,-13.302689409361987
4,8,0,45,37,-13.303594352262676
4,8,0,45,38,-13.303133574825752
4,9,0,36,37,-13.152017393857527
4,9,0,37,37,-13.155446674709777
4,9,0,38,37,-13.159197053992424
4,9,0,39,38,-13.164798269940194
4,9,0,40,38,-13.166290138171199
4,9,0,41,38,-13.168073309526335
4,9,0,42,38,-13.16973620046357
4,9,0,43,38,-13.171096869512278
4,9,0,44,38,-13.172039532304606
4,9,0,45,37,-13.172936341517268
4,9,0,45,38,-13.172480039005428
4,10,0,36,37,-13.022870496416639
4,10,0,37,37,-13.026267482193875
4,10,0,38,37,-13.029982620932286
4,10,0,39,38,-13.035531600414176
4,10,0,40,38,-13.03700955688412
4,10,0,41,38,-13.038776149435694
4,10,0,42,38,-13.040423633037419
4,10,0,43,38,-13.041771747919565
4,10,0,44,38,-13.042705766699655
4,10,0,45,37,-13.043594205345306
4,10,0,45,38,-13.043142288351966
4,11,0,36,37,-12.895055675861714
4,11,0,37,37,-12.898420063622995
4,11,0,38,37,-12.902099595311537
4,11,0,39,38,-12.907595550094848
4,11,0,40,38,-12.909059405580857
4,11,0,41,38,-12.910809173962358
4,11,0,42,38,-12.912440999409515
4,11,0,43,38,-12.913776331672553
4,11,0,44,38,-12.914701524007555
4,11,0,45,37,-12.91558154710064
4,11,0,45,38,-12.915133950942225
4,12,0,36,37,-12.768567348286906
4,12,0,37,37,-12.77189926148037
4,12,0,38,37,-12.775543293173582
4,12,0,39,38,-12.78098626594045
4,12,0,40,38,-12.782436038031355
4,12,0,41,38,-12.78416899374532
4,12,0,42,38,-12.785785161225785
4,12,0,43,38,-12.787107700396703
4,12,0,44,38,-12.788024048528733
4,12,0,45,37,-12.788895691193078
4,12,0,45,38,-12.788452362279248
4,13,0,36,37,-12.643394879041189
4,13,0,37,37,-12.646694603761869
4,13,0,38,37,-12.650303428006747
4,13,0,39,38,-12.6556937970884
4,13,0,40,38,-12.65712958731167
4,13,0,41,38,-12.658845846798629
4,13,0,42,38,-12.660446459686366
4,13,0,43,38,-12.661756285395477
4,13,0,44,38,-12.662663839939084
4,13,0,45,37,-12.663527170062354
4,13,0,45,38,-12.663088060039726
4,14,0,36,37,-12.519525642479396
4,14,0,37,37,-12.522793519354135
4,14,0,38,37,-12.526367494620322
4,14,0,39,38,-12.531705765406338
4,14,0,40,38,-12.53312770735332
4,14,0,41,38,-12.534827427650436
4,14,0,42,38,-12.536412629716159
4,14,0,43,38,-12.537709857236349
4,14,0,44,38,-12.538608696085012
4,14,0,45,37,-12.539463794201337
4,14,0,45,38,-12.53902885734264
4,15,0,36,37,-12.39694632373972
4,15,0,37,37,-12.400182705422072
4,15,0,38,37,-12.40372220800631
4,15,0,39,38,-12.409008926866084
4,15,0,40,38,-12.410417164679618
4,15,0,41,38,-12.4121005165921
4,15,0,42,38,-12.413670465686266
4,15,0,43,38,-12.414955223006102
4,15,0,44,38,-12.415845433974969
4,15,0,45,37,-12.416692384824167
4,15,0,45,38,-12.416261576849045
4,16,0,36,37,-12.27564345826775
4,16,0,37,37,-12.278848694120162
4,16,0,38,37,-12.28235410001166
4,16,0,39,38,-12.287589820273224
4,16,0,40,38,-12.288984500068269
4,16,0,41,38,-12.290651657366414
4,16,0,42,38,-12.29220651472764
4,16,0,43,38,-12.293478933167249
4,16,0,44,38,-12.294360606849091
4,16,0,45,37,-12.295199495941537
4,16,0,45,38,-12.294772773478462
4,17,0,36,37,-12.155603645215505
4,17,0,37,37,-12.158778076860095
4,17,0,38,37,-12.162249755825956
4,17,0,39,38,-12.167435025465236
4,17,0,40,38,-12.168816292167854
4,17,0,41,38,-12.170467427529799
4,17,0,42,38,-12.172007353698598
4,17,0,43,38,-12.173267564270304
4,17,0,44,38,-12.174140791234247
4,17,0,45,37,-12.174971703532465
4,17,0,45,38,-12.174549023868522
4,18,0,36,37,-12.036813623084075
4,18,0,37,37,-12.039957583981897
4,18,0,38,37,-12.043395898362066
4,18,0,39,38,-12.048531256421843
4,18,0,40,38,-12.049899252803561
4,18,0,41,38,-12.051534536516359
4,18,0,42,38,-12.053059689974427
4,18,0,43,38,-12.05430782213321
4,18,0,44,38,-12.055172691941728
4,18,0,45,37,-12.05599571141932
4,18,0,45,38,-12.055577032383468
4,19,0,36,37,-11.919260290715433
4,19,0,37,37,-11.922374107004725
4,19,0,38,37,-11.925779412117251
4,19,0,39,38,-11.930865388367932
4,19,0,40,38,-11.93222025490864
4,19,0,41,38,-11.933839854626266
4,19,0,42,38,-11.935350391493689
4,19,0,43,38,-11.9365865728248
4,19,0,44,38,-11.937443173769063
4,19,0,45,37,-11.938258383310695
4,19,0,45,38,-11.937843663216896
4,20,0,36,37,-11.802930707924697
4,20,0,37,37,-11.806014699471579
4,20,0,38,37,-11.809387344418473
4,20,0,39,38,-11.814424460044522
4,20,0,40,38,-11.815766335067336
4,20,0,41,38,-11.817370415928213
4,20,0,42,38,-11.81886649003192
4,20,0,43,38,-11.820090846275361
4,20,0,44,38,-11.820939265373196
4,20,0,45,37,-11.821746746795363
4,20,0,45,38,-11.821335944413232
4,21,0,36,37,-11.687812089528022
4,21,0,37,37,-11.690866570838148
4,21,0,38,37,-11.69420689927557
4,21,0,39,38,-11.69919566773885
4,21,0,40,38,-11.70052468760096
4,21,0,41,38,-11.702113412431652
4,21,0,42,38,-11.703595175473852
4,21,0,43,38,-11.704807830647756
4,21,0,44,38,-11.705648153723203
4,21,0,45,37,-11.70644798782877
4,21,0,45,38,-11.70604106236785
4,22,0,36,37,-11.573891798640789
4,22,0,37,37,-11.576917079559935
4,22,0,38,37,-11.580225430315663
4,22,0,39,38,-11.58516635810993
4,22,0,40,38,-11.586482657374944
4,22,0,41,38,-11.58805618688153
4,22,0,42,38,-11.589523788605483
4,22,0,43,38,-11.590724865133977
4,22,0,44,38,-11.591557176904235
4,22,0,45,37,-11.592349443536923
4,22,0,45,38,-11.591946354636542
4,23,0,36,37,-11.461157340519646
4,23,0,37,37,-11.464153726740307
4,23,0,38,37,-11.467430434271273
4,23,0,39,38,-11.472324021509651
4,23,0,40,38,-11.473627733083816
4,23,0,41,38,-11.475186226006453
4,23,0,42,38,-11.476639814333993
4,23,0,43,38,-11.477829433156456
4,23,0,44,38,-11.478653817308253
4,23,0,45,37,-11.479438595399001
4,23,0,45,38,-11.479039303121485
4,24,0,36,37,-11.349596357855946
4,24,0,37,37,-11.352564151276455
4,24,0,38,37,-11.355809545998724
4,24,0,39,38,-11.360656286845341
4,24,0,40,38,-11.361947542079047
4,24,0,41,38,-11.363491155307653
4,24,0,42,38,-11.364930876442417
4,24,0,43,38,-11.36610915709535
4,24,0,44,38,-11.366925696341827
4,24,0,45,37,-11.367703063944283
4,24,0,45,38,-11.367307528768865
4,25,0,36,37,-11.239196626773541
4,25,0,37,37,-11.242136125749083
4,25,0,38,37,-11.245350534272143
4,25,0,39,38,-11.25015091725808
4,25,0,40,38,-11.25142984602063
4,25,0,41,38,-11.25295873468134
4,25,0,42,38,-11.254384733187395
4,25,0,43,38,-11.255551793868374
4,25,0,44,38,-11.256360569994621
4,25,0,45,37,-11.257130604313389
4,25,0,45,38,-11.256738787131567
4,26,0,36,37,-11.129946053903709
4,26,0,37,37,-11.132857553423541
4,26,0,38,37,-11.136041298717858
4,26,0,39,38,-11.140795806967738
4,26,0,40,38,-11.14206253770185
4,26,0,41,38,-11.143576855220033
4,26,0,42,38,-11.144989274078677
4,26,0,43,38,-11.146145231691689
4,26,0,44,38,-11.146946325586246
4,26,0,45,37,-11.147709102997798
4,26,0,45,38,-11.147320965108523
4,27,0,36,37,-11.02183267382891
4,27,0,37,37,-11.024716465643094
4,27,0,38,37,-11.027869867162202
4,27,0,39,38,-11.032578978563732
4,27,0,40,38,-11.033833638326698
4,27,0,41,38,-11.035333536474884
4,27,0,42,38,-11.036732517128707
4,27,0,43,38,-11.037877487320184
4,27,0,44,38,-11.038670979000692
4,27,0,45,37,-11.039426575070856
4,27,0,45,38,-11.039042078176152
4,28,0,36,37,-10.914844647088833
4,28,0,37,37,-10.917701019802317
4,28,0,38,37,-10.920824393574687
4,28,0,39,38,-10.925488580906245
4,28,0,40,38,-10.926731295401344
4,28,0,41,38,-10.928216924335885
4,28,0,42,38,-10.929602606722092
4,28,0,43,38,-10.93073670390776
4,28,0,44,38,-10.931522672539627
4,28,0,45,37,-10.932271162037301
4,28,0,45,38,-10.93189026823786
4,29,0,36,37,-10.80897025827908
4,29,0,37,37,-10.811799497422214
4,29,0,38,37,-10.814893156121867
4,29,0,39,38,-10.81951288715401
4,29,0,40,38,-10.820743780755862
4,29,0,41,38,-10.822215289046976
4,29,0,42,38,-10.823587811625423
4,29,0,43,38,-10.824711149013474
4,29,0,44,38,-10.825489672926407
4,29,0,45,37,-10.826231129835753
4,29,0,45,38,-10.825853801627044
4,30,0,36,37,-10.704197914573326
4,30,0,37,37,-10.707000302659544
4,30,0,38,37,-10.710064555664495
4,30,0,39,38,-10.714640293242054
4,30,0,40,38,-10.715859489017465
4,30,0,41,38,-10.717317023673568
4,30,0,42,38,-10.718676523448726
4,30,0,43,38,-10.719789213057277
4,30,0,44,38,-10.720560369757136
4,30,0,45,37,-10.721294867287744
4,30,0,45,38,-10.7209210675555
4,31,0,36,37,-10.600516144120213
4,31,0,37,37,-10.603291960692701
4,31,0,38,37,-10.606327114133348
4,31,0,39,38,-10.610859316247545
4,31,0,40,38,-10.612066935973901
4,31,0,41,38,-10.613510642463618
4,31,0,42,38,-10.614857255005477
4,31,0,43,38,-10.615959407680107
4,31,0,44,38,-10.616723273861519
4,31,0,45,37,-10.617450884458437
4,31,0,45,38,-10.617080576474912
4,32,0,36,37,-10.497913594822418
4,32,0,37,37,-10.500663116497046
4,32,0,38,37,-10.503669473300986
4,32,0,39,38,-10.508158593152265
4,32,0,40,38,-10.509354757333961
4,32,0,41,38,-10.510784779605217
4,32,0,42,38,-10.51211863906627
4,32,0,43,38,-10.513210364493174
4,32,0,44,38,-10.51396701604809
4,32,0,45,37,-10.514687811400115
4,32,0,45,38,-10.51432095881958
4,33,0,36,37,-10.39637903277129
4,33,0,37,37,-10.399102533272375
4,33,0,38,37,-10.402080393202903
4,33,0,39,38,-10.406526879260797
4,33,0,40,38,-10.40771170714465
4,33,0,41,38,-10.409128187643546
4,33,0,42,38,-10.41044942677719
4,33,0,43,38,-10.411530833499086
4,33,0,44,38,-10.41228034552864
4,33,0,45,37,-10.412994396577668
4,33,0,45,38,-10.412630963433024
4,34,0,36,37,-10.295901341142368
4,34,0,37,37,-10.298599091336753
4,34,0,38,37,-10.30154875102917
4,34,0,39,38,-10.305953047084266
4,34,0,40,38,-10.307126656673336
4,34,0,41,38,-10.308529736360311
4,34,0,42,38,-10.309838486535325
4,34,0,43,38,-10.310909681962743
4,34,0,44,38,-10.311652128784534
4,34,0,45,37,-10.312359505733163
4,34,0,45,38,-10.311999456431643
4,35,0,36,37,-10.196429952966794
4,35,0,37,37,-10.19910160061533
4,35,0,38,37,-10.202022818301689
4,35,0,39,38,-10.206385271437961
4,35,0,40,38,-10.207547640192656
4,35,0,41,38,-10.208937402930323
4,35,0,42,38,-10.210233900524626
4,35,0,43,38,-10.211295259961078
4,35,0,44,38,-10.21203108309256
4,35,0,45,37,-10.212731931277904
4,35,0,45,38,-10.212375421555164
4,36,0,36,37,-10.098005017311415
4,36,0,37,37,-10.100650751658234
4,36,0,38,37,-10.103543682901078
4,36,0,39,38,-10.107863772795529
4,36,0,40,38,-10.109015017142351
4,36,0,41,38,-10.110391520481667
4,36,0,42,38,-10.111675664196893
4,36,0,43,38,-10.1127268832697
4,36,0,44,38,-10.113455612235164
4,36,0,45,37,-10.114149890255172
4,36,0,45,38,-10.113796601618896
4,37,0,36,37,-10.000629551351684
4,37,0,37,37,-10.003249910374382
4,37,0,38,37,-10.006115368104046
4,37,0,39,38,-10.01039464152291
4,37,0,40,38,-10.011535152399208
4,37,0,41,38,-10.01289880787116
4,37,0,42,38,-10.014170903909228
4,37,0,43,38,-10.015212182048943
4,37,0,44,38,-10.015933951421768
4,37,0,45,37,-10.016621748283855
4,37,0,45,38,-10.016271661008334
4,38,0,36,37,-9.904263195305195
4,38,0,37,37,-9.906858550773794
4,38,0,38,37,-9.90969634676533
4,38,0,39,38,-9.913933877059335
4,38,0,40,38,-9.915063188587238
4,38,0,41,38,-9.916413489781403
4,38,0,42,38,-9.917673218775906
4,38,0,43,38,-9.918704489834408
4,38,0,44,38,-9.919419423623761
4,38,0,45,37,-9.92010074403827
4,38,0,45,38,-9.919753979958415
4,39,0,36,37,-9.808907487200434
4,39,0,37,37,-9.81147849490023
4,39,0,38,37,-9.814289840441452
4,39,0,39,38,-9.81848800500293
4,39,0,40,38,-9.819606932571405
4,39,0,41,38,-9.820944804756616
4,39,0,42,38,-9.822192887627711
4,39,0,43,38,-9.823214556574783
4,39,0,44,38,-9.823922771030494
4,39,0,45,37,-9.824597793109918
4,39,0,45,38,-9.824254166809732
4,40,0,36,37,-9.714537301484818
4,40,0,37,37,-9.717083929544462
4,40,0,38,37,-9.719868399975674
4,40,0,39,38,-9.724026178903753
4,40,0,40,38,-9.725134312855404
4,40,0,41,38,-9.726459318775168
4,40,0,42,38,-9.727695468156108
4,40,0,43,38,-9.728707447445961
4,40,0,44,38,-9.72940901597712
4,40,0,45,37,-9.730077733696643
4,40,0,45,38,-9.72973733899182
4,41,0,36,37,-9.621161447343622
4,41,0,37,37,-9.623684287307084
4,41,0,38,37,-9.626442950001007
4,41,0,39,38,-9.630562372476358
4,41,0,40,38,-9.631660390442123
4,41,0,41,38,-9.632973276255358
4,41,0,42,38,-9.6341980418288
4,41,0,43,38,-9.635200602299717
4,41,0,44,38,-9.635895568351343
4,41,0,45,37,-9.636558099727113
4,41,0,45,38,-9.636220784588328
4,42,0,36,37,-9.5287476166411
4,42,0,37,37,-9.531246691379286
4,42,0,38,37,-9.533979048503149
4,42,0,39,38,-9.53805880259556
4,42,0,40,38,-9.539146168482342
4,42,0,41,38,-9.540446357298718
4,42,0,42,38,-9.541659374256444
4,42,0,43,38,-9.54265244131251
4,42,0,44,38,-9.54334093159256
4,42,0,45,37,-9.543997293562322
4,42,0,45,38,-9.543663167168587
4,43,0,36,37,-9.437302826194617
4,43,0,37,37,-9.439778640192367
4,43,0,38,37,-9.44248574267856
4,43,0,39,38,-9.44652794282246
4,43,0,40,38,-9.447605403040033
4,43,0,41,38,-9.448893732415597
4,43,0,42,38,-9.45009563082276
4,43,0,43,38,-9.451079524405158
4,43,0,44,38,-9.451761592934737
4,43,0,45,37,-9.452411926256374
4,43,0,45,38,-9.45208080879381
4,44,0,36,37,-9.346801585455205
4,44,0,37,37,-9.349254060351718
4,44,0,38,37,-9.351935395124894
4,44,0,39,38,-9.35593882801734
4,44,0,40,38,-9.35700591257067
4,44,0,41,38,-9.35828187556452
4,44,0,42,38,-9.35947231278959
4,44,0,43,38,-9.360446912385262
4,44,0,44,38,-9.361122616533757
4,44,0,45,37,-9.361766904021128
4,44,0,45,38,-9.36143889406107
4,45,0,36,37,-9.257253265637745
4,45,0,37,37,-9.259682956395697
4,45,0,38,37,-9.262339587541872
4,45,0,39,38,-9.266306326837393
4,45,0,40,38,-9.267363737672849
4,45,0,41,38,-9.268628110680813
4,45,0,42,38,-9.269807663624325
4,45,0,43,38,-9.270773261491676
4,45,0,44,38,-9.271442655087299
4,45,0,45,37,-9.272081024992067
4,45,0,45,38,-9.271755962912108
4,46,0,36,37,-9.168627918306075
4,46,0,37,37,-9.171034805951331
4,46,0,38,37,-9.173666176737166
4,46,0,39,38,-9.177594794094059
4,46,0,40,38,-9.17864196669757
4,46,0,41,38,-9.179894135876939
4,46,0,42,38,-9.181062395051795
4,46,0,43,38,-9.1820188630888
4,46,0,44,38,-9.1826820276029
4,46,0,45,37,-9.183314469201873
4,46,0,45,38,-9.182992467664558
4,47,0,36,37,-9.080929694165981
4,47,0,37,37,-9.083314251706858
4,47,0,38,37,-9.085921357156659
4,47,0,39,38,-9.089813875081273
4,47,0,40,38,-9.09085151919196
4,47,0,41,38,-9.09209228671365
4,47,0,42,38,-9.093249869389334
4,47,0,43,38,-9.094197544370427
4,47,0,44,38,-9.094854563211706
4,47,0,45,37,-9.095481227944102
4,47,0,45,38,-9.095162116772835
4,48,0,36,37,-8.994137845257308
4,48,0,37,37,-8.996499998743705
4,48,0,38,37,-8.99908242024238
4,48,0,39,38,-9.002937864334518
4,48,0,40,38,-9.003965604562879
4,48,0,41,38,-9.005194565313056
4,48,0,42,38,-9.00634119215309
4,48,0,43,38,-9.007279963667267
4,48,0,44,38,-9.007930870801758
4,48,0,45,37,-9.008551738819865
4,48,0,45,38,-9.008235597231302
4,49,0,36,37,-8.908260196299354
4,49,0,37,37,-8.910600468462432
4,49,0,38,37,-8.913159139990677
4,49,0,39,38,-8.91697927589045
4,49,0,40,38,-8.917997699664527
4,49,0,41,38,-8.91921549932906
4,49,0,42,38,-8.920351645601691
4,49,0,43,38,-8.921281748499126
4,49,0,44,38,-8.921926582460284
4,49,0,45,37,-8.922541757843945
4,49,0,45,38,-8.922228452710911
4,50,0,36,37,-8.823267155156087
4,50,0,37,37,-8.825585576802297
4,50,0,38,37,-8.828120083621629
4,50,0,39,38,-8.83190381030658
4,50,0,40,38,-8.83291246351153
4,50,0,41,38,-8.834118616794486
4,50,0,42,38,-8.835243983665737
4,50,0,43,38,-8.836165372067816
4,50,0,44,38,-8.836804257531563
4,50,0,45,37,-8.83741376522587
4,50,0,45,38,-8.837103388524065
4,51,0,36,37,-8.739167096858239
4,51,0,37,37,-8.741464142568317
4,51,0,38,37,-8.743975460791539
4,51,0,39,38,-8.747724726252857
4,51,0,40,38,-8.74872429477109
4,51,0,41,38,-8.74991956660733
4,51,0,42,38,-8.751034720814884
4,51,0,43,38,-8.75194766960999
4,51,0,44,38,-8.752580639366103
4,51,0,45,37,-8.753184598355096
4,51,0,45,38,-8.752876986199217
4,52,0,36,37,-8.655934121660616
4,52,0,37,37,-8.658209728647313
4,52,0,38,37,-8.660697325215846
4,52,0,39,38,-8.664410832257902
4,52,0,40,38,-8.665400810137657
4,52,0,41,38,-8.666584651667854
4,52,0,42,38,-8.667689223404714
4,52,0,43,38,-8.668593608648242
4,52,0,44,38,-8.66922072850805
4,52,0,45,37,-8.66981912314917
4,52,0,45,38,-8.669514379668643
