,0,1,2,sidx,idx_strs,pargp3,parval1_3,3
0,0,16,47,"(0, 16, 47)",idx0:0_idx1:16_idx2:47,mbr_cond_condcn,1.0,1.00000000000000000000000000000000000000000000000000000000000
1,0,16,48,"(0, 16, 48)",idx0:0_idx1:16_idx2:48,mbr_cond_condcn,1.0,1.00000000000000000000000000000000000000000000000000000000000
2,0,16,49,"(0, 16, 49)",idx0:0_idx1:16_idx2:49,mbr_cond_condcn,1.0,1.00000000000000000000000000000000000000000000000000000000000
3,0,16,50,"(0, 16, 50)",idx0:0_idx1:16_idx2:50,mbr_cond_condcn,1.0,1.00000000000000000000000000000000000000000000000000000000000
4,0,17,52,"(0, 17, 52)",idx0:0_idx1:17_idx2:52,mbr_cond_condcn,1.0,1.00000000000000000000000000000000000000000000000000000000000
5,0,17,53,"(0, 17, 53)",idx0:0_idx1:17_idx2:53,mbr_cond_condcn,1.0,1.00000000000000000000000000000000000000000000000000000000000
6,0,18,54,"(0, 18, 54)",idx0:0_idx1:18_idx2:54,mbr_cond_condcn,1.0,1.00000000000000000000000000000000000000000000000000000000000
7,0,18,55,"(0, 18, 55)",idx0:0_idx1:18_idx2:55,mbr_cond_condcn,1.0,1.00000000000000000000000000000000000000000000000000000000000
8,0,18,56,"(0, 18, 56)",idx0:0_idx1:18_idx2:56,mbr_cond_condcn,1.0,1.00000000000000000000000000000000000000000000000000000000000
9,0,19,57,"(0, 19, 57)",idx0:0_idx1:19_idx2:57,mbr_cond_condcn,1.0,1.00000000000000000000000000000000000000000000000000000000000
10,0,19,58,"(0, 19, 58)",idx0:0_idx1:19_idx2:58,mbr_cond_condcn,1.0,1.00000000000000000000000000000000000000000000000000000000000
11,0,33,23,"(0, 33, 23)",idx0:0_idx1:33_idx2:23,mbr_cond_condcn,1.0,1.00000000000000000000000000000000000000000000000000000000000
12,0,33,24,"(0, 33, 24)",idx0:0_idx1:33_idx2:24,mbr_cond_condcn,1.0,1.00000000000000000000000000000000000000000000000000000000000
13,0,33,25,"(0, 33, 25)",idx0:0_idx1:33_idx2:25,mbr_cond_condcn,1.0,1.00000000000000000000000000000000000000000000000000000000000
14,0,33,26,"(0, 33, 26)",idx0:0_idx1:33_idx2:26,mbr_cond_condcn,1.0,1.00000000000000000000000000000000000000000000000000000000000
15,0,33,27,"(0, 33, 27)",idx0:0_idx1:33_idx2:27,mbr_cond_condcn,1.0,1.00000000000000000000000000000000000000000000000000000000000
16,0,33,28,"(0, 33, 28)",idx0:0_idx1:33_idx2:28,mbr_cond_condcn,1.0,1.00000000000000000000000000000000000000000000000000000000000
17,0,33,29,"(0, 33, 29)",idx0:0_idx1:33_idx2:29,mbr_cond_condcn,1.0,1.00000000000000000000000000000000000000000000000000000000000
18,0,33,30,"(0, 33, 30)",idx0:0_idx1:33_idx2:30,mbr_cond_condcn,1.0,1.00000000000000000000000000000000000000000000000000000000000
19,0,34,17,"(0, 34, 17)",idx0:0_idx1:34_idx2:17,mbr_cond_condcn,1.0,1.00000000000000000000000000000000000000000000000000000000000
20,0,34,18,"(0, 34, 18)",idx0:0_idx1:34_idx2:18,mbr_cond_condcn,1.0,1.00000000000000000000000000000000000000000000000000000000000
21,0,34,19,"(0, 34, 19)",idx0:0_idx1:34_idx2:19,mbr_cond_condcn,1.0,1.00000000000000000000000000000000000000000000000000000000000
22,0,34,20,"(0, 34, 20)",idx0:0_idx1:34_idx2:20,mbr_cond_condcn,1.0,1.00000000000000000000000000000000000000000000000000000000000
23,0,34,21,"(0, 34, 21)",idx0:0_idx1:34_idx2:21,mbr_cond_condcn,1.0,1.00000000000000000000000000000000000000000000000000000000000
24,0,34,22,"(0, 34, 22)",idx0:0_idx1:34_idx2:22,mbr_cond_condcn,1.0,1.00000000000000000000000000000000000000000000000000000000000
25,0,34,31,"(0, 34, 31)",idx0:0_idx1:34_idx2:31,mbr_cond_condcn,1.0,1.00000000000000000000000000000000000000000000000000000000000
26,0,34,32,"(0, 34, 32)",idx0:0_idx1:34_idx2:32,mbr_cond_condcn,1.0,1.00000000000000000000000000000000000000000000000000000000000
27,0,35,14,"(0, 35, 14)",idx0:0_idx1:35_idx2:14,mbr_cond_condcn,1.0,1.00000000000000000000000000000000000000000000000000000000000
28,0,35,15,"(0, 35, 15)",idx0:0_idx1:35_idx2:15,mbr_cond_condcn,1.0,1.00000000000000000000000000000000000000000000000000000000000
29,0,35,16,"(0, 35, 16)",idx0:0_idx1:35_idx2:16,mbr_cond_condcn,1.0,1.00000000000000000000000000000000000000000000000000000000000
30,0,35,33,"(0, 35, 33)",idx0:0_idx1:35_idx2:33,mbr_cond_condcn,1.0,1.00000000000000000000000000000000000000000000000000000000000
31,0,36,12,"(0, 36, 12)",idx0:0_idx1:36_idx2:12,mbr_cond_condcn,1.0,1.00000000000000000000000000000000000000000000000000000000000
32,0,36,13,"(0, 36, 13)",idx0:0_idx1:36_idx2:13,mbr_cond_condcn,1.0,1.00000000000000000000000000000000000000000000000000000000000
33,0,36,34,"(0, 36, 34)",idx0:0_idx1:36_idx2:34,mbr_cond_condcn,1.0,1.00000000000000000000000000000000000000000000000000000000000
34,0,37,11,"(0, 37, 11)",idx0:0_idx1:37_idx2:11,mbr_cond_condcn,1.0,1.00000000000000000000000000000000000000000000000000000000000
35,0,37,35,"(0, 37, 35)",idx0:0_idx1:37_idx2:35,mbr_cond_condcn,1.0,1.00000000000000000000000000000000000000000000000000000000000
36,0,38,9,"(0, 38, 9)",idx0:0_idx1:38_idx2:9,mbr_cond_condcn,1.0,1.00000000000000000000000000000000000000000000000000000000000
37,0,38,10,"(0, 38, 10)",idx0:0_idx1:38_idx2:10,mbr_cond_condcn,1.0,1.00000000000000000000000000000000000000000000000000000000000
38,0,38,36,"(0, 38, 36)",idx0:0_idx1:38_idx2:36,mbr_cond_condcn,1.0,1.00000000000000000000000000000000000000000000000000000000000
39,0,39,7,"(0, 39, 7)",idx0:0_idx1:39_idx2:7,mbr_cond_condcn,1.0,1.00000000000000000000000000000000000000000000000000000000000
40,0,39,8,"(0, 39, 8)",idx0:0_idx1:39_idx2:8,mbr_cond_condcn,1.0,1.00000000000000000000000000000000000000000000000000000000000
41,0,39,37,"(0, 39, 37)",idx0:0_idx1:39_idx2:37,mbr_cond_condcn,1.0,1.00000000000000000000000000000000000000000000000000000000000
42,0,40,5,"(0, 40, 5)",idx0:0_idx1:40_idx2:5,mbr_cond_condcn,1.0,1.00000000000000000000000000000000000000000000000000000000000
43,0,40,6,"(0, 40, 6)",idx0:0_idx1:40_idx2:6,mbr_cond_condcn,1.0,1.00000000000000000000000000000000000000000000000000000000000
44,0,40,38,"(0, 40, 38)",idx0:0_idx1:40_idx2:38,mbr_cond_condcn,1.0,1.00000000000000000000000000000000000000000000000000000000000
45,0,41,4,"(0, 41, 4)",idx0:0_idx1:41_idx2:4,mbr_cond_condcn,1.0,1.00000000000000000000000000000000000000000000000000000000000
46,0,41,38,"(0, 41, 38)",idx0:0_idx1:41_idx2:38,mbr_cond_condcn,1.0,1.00000000000000000000000000000000000000000000000000000000000
47,0,42,2,"(0, 42, 2)",idx0:0_idx1:42_idx2:2,mbr_cond_condcn,1.0,1.00000000000000000000000000000000000000000000000000000000000
48,0,42,3,"(0, 42, 3)",idx0:0_idx1:42_idx2:3,mbr_cond_condcn,1.0,1.00000000000000000000000000000000000000000000000000000000000
49,0,42,38,"(0, 42, 38)",idx0:0_idx1:42_idx2:38,mbr_cond_condcn,1.0,1.00000000000000000000000000000000000000000000000000000000000
50,0,43,1,"(0, 43, 1)",idx0:0_idx1:43_idx2:1,mbr_cond_condcn,1.0,1.00000000000000000000000000000000000000000000000000000000000
51,0,43,39,"(0, 43, 39)",idx0:0_idx1:43_idx2:39,mbr_cond_condcn,1.0,1.00000000000000000000000000000000000000000000000000000000000
52,0,44,39,"(0, 44, 39)",idx0:0_idx1:44_idx2:39,mbr_cond_condcn,1.0,1.00000000000000000000000000000000000000000000000000000000000
53,0,45,39,"(0, 45, 39)",idx0:0_idx1:45_idx2:39,mbr_cond_condcn,1.0,1.00000000000000000000000000000000000000000000000000000000000
54,0,46,39,"(0, 46, 39)",idx0:0_idx1:46_idx2:39,mbr_cond_condcn,1.0,1.00000000000000000000000000000000000000000000000000000000000
55,0,47,39,"(0, 47, 39)",idx0:0_idx1:47_idx2:39,mbr_cond_condcn,1.0,1.00000000000000000000000000000000000000000000000000000000000
56,0,48,39,"(0, 48, 39)",idx0:0_idx1:48_idx2:39,mbr_cond_condcn,1.0,1.00000000000000000000000000000000000000000000000000000000000
57,1,16,47,"(1, 16, 47)",idx0:1_idx1:16_idx2:47,mbr_cond_condcn,1.0,1.00000000000000000000000000000000000000000000000000000000000
58,1,16,48,"(1, 16, 48)",idx0:1_idx1:16_idx2:48,mbr_cond_condcn,1.0,1.00000000000000000000000000000000000000000000000000000000000
59,1,16,49,"(1, 16, 49)",idx0:1_idx1:16_idx2:49,mbr_cond_condcn,1.0,1.00000000000000000000000000000000000000000000000000000000000
60,1,16,50,"(1, 16, 50)",idx0:1_idx1:16_idx2:50,mbr_cond_condcn,1.0,1.00000000000000000000000000000000000000000000000000000000000
61,1,17,52,"(1, 17, 52)",idx0:1_idx1:17_idx2:52,mbr_cond_condcn,1.0,1.00000000000000000000000000000000000000000000000000000000000
62,1,17,53,"(1, 17, 53)",idx0:1_idx1:17_idx2:53,mbr_cond_condcn,1.0,1.00000000000000000000000000000000000000000000000000000000000
63,1,18,54,"(1, 18, 54)",idx0:1_idx1:18_idx2:54,mbr_cond_condcn,1.0,1.00000000000000000000000000000000000000000000000000000000000
64,1,18,55,"(1, 18, 55)",idx0:1_idx1:18_idx2:55,mbr_cond_condcn,1.0,1.00000000000000000000000000000000000000000000000000000000000
65,1,18,56,"(1, 18, 56)",idx0:1_idx1:18_idx2:56,mbr_cond_condcn,1.0,1.00000000000000000000000000000000000000000000000000000000000
66,1,19,42,"(1, 19, 42)",idx0:1_idx1:19_idx2:42,mbr_cond_condcn,1.0,1.00000000000000000000000000000000000000000000000000000000000
67,1,19,57,"(1, 19, 57)",idx0:1_idx1:19_idx2:57,mbr_cond_condcn,1.0,1.00000000000000000000000000000000000000000000000000000000000
68,1,19,58,"(1, 19, 58)",idx0:1_idx1:19_idx2:58,mbr_cond_condcn,1.0,1.00000000000000000000000000000000000000000000000000000000000
69,1,20,41,"(1, 20, 41)",idx0:1_idx1:20_idx2:41,mbr_cond_condcn,1.0,1.00000000000000000000000000000000000000000000000000000000000
70,1,21,41,"(1, 21, 41)",idx0:1_idx1:21_idx2:41,mbr_cond_condcn,1.0,1.00000000000000000000000000000000000000000000000000000000000
71,1,22,40,"(1, 22, 40)",idx0:1_idx1:22_idx2:40,mbr_cond_condcn,1.0,1.00000000000000000000000000000000000000000000000000000000000
72,1,23,40,"(1, 23, 40)",idx0:1_idx1:23_idx2:40,mbr_cond_condcn,1.0,1.00000000000000000000000000000000000000000000000000000000000
73,1,24,40,"(1, 24, 40)",idx0:1_idx1:24_idx2:40,mbr_cond_condcn,1.0,1.00000000000000000000000000000000000000000000000000000000000
74,1,25,39,"(1, 25, 39)",idx0:1_idx1:25_idx2:39,mbr_cond_condcn,1.0,1.00000000000000000000000000000000000000000000000000000000000
75,1,26,39,"(1, 26, 39)",idx0:1_idx1:26_idx2:39,mbr_cond_condcn,1.0,1.00000000000000000000000000000000000000000000000000000000000
76,1,27,39,"(1, 27, 39)",idx0:1_idx1:27_idx2:39,mbr_cond_condcn,1.0,1.00000000000000000000000000000000000000000000000000000000000
77,1,33,23,"(1, 33, 23)",idx0:1_idx1:33_idx2:23,mbr_cond_condcn,1.0,1.00000000000000000000000000000000000000000000000000000000000
78,1,33,24,"(1, 33, 24)",idx0:1_idx1:33_idx2:24,mbr_cond_condcn,1.0,1.00000000000000000000000000000000000000000000000000000000000
79,1,33,25,"(1, 33, 25)",idx0:1_idx1:33_idx2:25,mbr_cond_condcn,1.0,1.00000000000000000000000000000000000000000000000000000000000
80,1,33,26,"(1, 33, 26)",idx0:1_idx1:33_idx2:26,mbr_cond_condcn,1.0,1.00000000000000000000000000000000000000000000000000000000000
81,1,33,27,"(1, 33, 27)",idx0:1_idx1:33_idx2:27,mbr_cond_condcn,1.0,1.00000000000000000000000000000000000000000000000000000000000
82,1,33,28,"(1, 33, 28)",idx0:1_idx1:33_idx2:28,mbr_cond_condcn,1.0,1.00000000000000000000000000000000000000000000000000000000000
83,1,33,29,"(1, 33, 29)",idx0:1_idx1:33_idx2:29,mbr_cond_condcn,1.0,1.00000000000000000000000000000000000000000000000000000000000
84,1,33,30,"(1, 33, 30)",idx0:1_idx1:33_idx2:30,mbr_cond_condcn,1.0,1.00000000000000000000000000000000000000000000000000000000000
85,1,34,17,"(1, 34, 17)",idx0:1_idx1:34_idx2:17,mbr_cond_condcn,1.0,1.00000000000000000000000000000000000000000000000000000000000
86,1,34,18,"(1, 34, 18)",idx0:1_idx1:34_idx2:18,mbr_cond_condcn,1.0,1.00000000000000000000000000000000000000000000000000000000000
87,1,34,19,"(1, 34, 19)",idx0:1_idx1:34_idx2:19,mbr_cond_condcn,1.0,1.00000000000000000000000000000000000000000000000000000000000
88,1,34,20,"(1, 34, 20)",idx0:1_idx1:34_idx2:20,mbr_cond_condcn,1.0,1.00000000000000000000000000000000000000000000000000000000000
89,1,34,21,"(1, 34, 21)",idx0:1_idx1:34_idx2:21,mbr_cond_condcn,1.0,1.00000000000000000000000000000000000000000000000000000000000
90,1,34,22,"(1, 34, 22)",idx0:1_idx1:34_idx2:22,mbr_cond_condcn,1.0,1.00000000000000000000000000000000000000000000000000000000000
91,1,34,31,"(1, 34, 31)",idx0:1_idx1:34_idx2:31,mbr_cond_condcn,1.0,1.00000000000000000000000000000000000000000000000000000000000
92,1,34,32,"(1, 34, 32)",idx0:1_idx1:34_idx2:32,mbr_cond_condcn,1.0,1.00000000000000000000000000000000000000000000000000000000000
93,1,35,14,"(1, 35, 14)",idx0:1_idx1:35_idx2:14,mbr_cond_condcn,1.0,1.00000000000000000000000000000000000000000000000000000000000
94,1,35,15,"(1, 35, 15)",idx0:1_idx1:35_idx2:15,mbr_cond_condcn,1.0,1.00000000000000000000000000000000000000000000000000000000000
95,1,35,16,"(1, 35, 16)",idx0:1_idx1:35_idx2:16,mbr_cond_condcn,1.0,1.00000000000000000000000000000000000000000000000000000000000
96,1,35,33,"(1, 35, 33)",idx0:1_idx1:35_idx2:33,mbr_cond_condcn,1.0,1.00000000000000000000000000000000000000000000000000000000000
97,1,36,12,"(1, 36, 12)",idx0:1_idx1:36_idx2:12,mbr_cond_condcn,1.0,1.00000000000000000000000000000000000000000000000000000000000
98,1,36,13,"(1, 36, 13)",idx0:1_idx1:36_idx2:13,mbr_cond_condcn,1.0,1.00000000000000000000000000000000000000000000000000000000000
99,1,36,34,"(1, 36, 34)",idx0:1_idx1:36_idx2:34,mbr_cond_condcn,1.0,1.00000000000000000000000000000000000000000000000000000000000
100,1,37,11,"(1, 37, 11)",idx0:1_idx1:37_idx2:11,mbr_cond_condcn,1.0,1.00000000000000000000000000000000000000000000000000000000000
101,1,37,35,"(1, 37, 35)",idx0:1_idx1:37_idx2:35,mbr_cond_condcn,1.0,1.00000000000000000000000000000000000000000000000000000000000
102,1,38,9,"(1, 38, 9)",idx0:1_idx1:38_idx2:9,mbr_cond_condcn,1.0,1.00000000000000000000000000000000000000000000000000000000000
103,1,38,10,"(1, 38, 10)",idx0:1_idx1:38_idx2:10,mbr_cond_condcn,1.0,1.00000000000000000000000000000000000000000000000000000000000
104,1,38,36,"(1, 38, 36)",idx0:1_idx1:38_idx2:36,mbr_cond_condcn,1.0,1.00000000000000000000000000000000000000000000000000000000000
105,1,39,7,"(1, 39, 7)",idx0:1_idx1:39_idx2:7,mbr_cond_condcn,1.0,1.00000000000000000000000000000000000000000000000000000000000
106,1,39,8,"(1, 39, 8)",idx0:1_idx1:39_idx2:8,mbr_cond_condcn,1.0,1.00000000000000000000000000000000000000000000000000000000000
107,1,39,37,"(1, 39, 37)",idx0:1_idx1:39_idx2:37,mbr_cond_condcn,1.0,1.00000000000000000000000000000000000000000000000000000000000
108,1,40,5,"(1, 40, 5)",idx0:1_idx1:40_idx2:5,mbr_cond_condcn,1.0,1.00000000000000000000000000000000000000000000000000000000000
109,1,40,6,"(1, 40, 6)",idx0:1_idx1:40_idx2:6,mbr_cond_condcn,1.0,1.00000000000000000000000000000000000000000000000000000000000
110,1,40,38,"(1, 40, 38)",idx0:1_idx1:40_idx2:38,mbr_cond_condcn,1.0,1.00000000000000000000000000000000000000000000000000000000000
111,1,41,4,"(1, 41, 4)",idx0:1_idx1:41_idx2:4,mbr_cond_condcn,1.0,1.00000000000000000000000000000000000000000000000000000000000
112,1,41,38,"(1, 41, 38)",idx0:1_idx1:41_idx2:38,mbr_cond_condcn,1.0,1.00000000000000000000000000000000000000000000000000000000000
113,1,42,2,"(1, 42, 2)",idx0:1_idx1:42_idx2:2,mbr_cond_condcn,1.0,1.00000000000000000000000000000000000000000000000000000000000
114,1,42,3,"(1, 42, 3)",idx0:1_idx1:42_idx2:3,mbr_cond_condcn,1.0,1.00000000000000000000000000000000000000000000000000000000000
115,1,42,38,"(1, 42, 38)",idx0:1_idx1:42_idx2:38,mbr_cond_condcn,1.0,1.00000000000000000000000000000000000000000000000000000000000
116,1,43,1,"(1, 43, 1)",idx0:1_idx1:43_idx2:1,mbr_cond_condcn,1.0,1.00000000000000000000000000000000000000000000000000000000000
117,1,43,39,"(1, 43, 39)",idx0:1_idx1:43_idx2:39,mbr_cond_condcn,1.0,1.00000000000000000000000000000000000000000000000000000000000
118,1,44,39,"(1, 44, 39)",idx0:1_idx1:44_idx2:39,mbr_cond_condcn,1.0,1.00000000000000000000000000000000000000000000000000000000000
119,1,45,39,"(1, 45, 39)",idx0:1_idx1:45_idx2:39,mbr_cond_condcn,1.0,1.00000000000000000000000000000000000000000000000000000000000
120,1,45,40,"(1, 45, 40)",idx0:1_idx1:45_idx2:40,mbr_cond_condcn,1.0,1.00000000000000000000000000000000000000000000000000000000000
121,1,46,39,"(1, 46, 39)",idx0:1_idx1:46_idx2:39,mbr_cond_condcn,1.0,1.00000000000000000000000000000000000000000000000000000000000
122,1,46,40,"(1, 46, 40)",idx0:1_idx1:46_idx2:40,mbr_cond_condcn,1.0,1.00000000000000000000000000000000000000000000000000000000000
123,1,47,39,"(1, 47, 39)",idx0:1_idx1:47_idx2:39,mbr_cond_condcn,1.0,1.00000000000000000000000000000000000000000000000000000000000
124,1,47,40,"(1, 47, 40)",idx0:1_idx1:47_idx2:40,mbr_cond_condcn,1.0,1.00000000000000000000000000000000000000000000000000000000000
125,1,48,39,"(1, 48, 39)",idx0:1_idx1:48_idx2:39,mbr_cond_condcn,1.0,1.00000000000000000000000000000000000000000000000000000000000
126,1,48,40,"(1, 48, 40)",idx0:1_idx1:48_idx2:40,mbr_cond_condcn,1.0,1.00000000000000000000000000000000000000000000000000000000000
127,2,16,47,"(2, 16, 47)",idx0:2_idx1:16_idx2:47,mbr_cond_condcn,1.0,1.00000000000000000000000000000000000000000000000000000000000
128,2,16,48,"(2, 16, 48)",idx0:2_idx1:16_idx2:48,mbr_cond_condcn,1.0,1.00000000000000000000000000000000000000000000000000000000000
129,2,16,49,"(2, 16, 49)",idx0:2_idx1:16_idx2:49,mbr_cond_condcn,1.0,1.00000000000000000000000000000000000000000000000000000000000
130,2,16,50,"(2, 16, 50)",idx0:2_idx1:16_idx2:50,mbr_cond_condcn,1.0,1.00000000000000000000000000000000000000000000000000000000000
131,2,17,52,"(2, 17, 52)",idx0:2_idx1:17_idx2:52,mbr_cond_condcn,1.0,1.00000000000000000000000000000000000000000000000000000000000
132,2,17,53,"(2, 17, 53)",idx0:2_idx1:17_idx2:53,mbr_cond_condcn,1.0,1.00000000000000000000000000000000000000000000000000000000000
133,2,18,54,"(2, 18, 54)",idx0:2_idx1:18_idx2:54,mbr_cond_condcn,1.0,1.00000000000000000000000000000000000000000000000000000000000
134,2,18,55,"(2, 18, 55)",idx0:2_idx1:18_idx2:55,mbr_cond_condcn,1.0,1.00000000000000000000000000000000000000000000000000000000000
135,2,18,56,"(2, 18, 56)",idx0:2_idx1:18_idx2:56,mbr_cond_condcn,1.0,1.00000000000000000000000000000000000000000000000000000000000
136,2,19,42,"(2, 19, 42)",idx0:2_idx1:19_idx2:42,mbr_cond_condcn,1.0,1.00000000000000000000000000000000000000000000000000000000000
137,2,19,57,"(2, 19, 57)",idx0:2_idx1:19_idx2:57,mbr_cond_condcn,1.0,1.00000000000000000000000000000000000000000000000000000000000
138,2,19,58,"(2, 19, 58)",idx0:2_idx1:19_idx2:58,mbr_cond_condcn,1.0,1.00000000000000000000000000000000000000000000000000000000000
139,2,20,41,"(2, 20, 41)",idx0:2_idx1:20_idx2:41,mbr_cond_condcn,1.0,1.00000000000000000000000000000000000000000000000000000000000
140,2,21,41,"(2, 21, 41)",idx0:2_idx1:21_idx2:41,mbr_cond_condcn,1.0,1.00000000000000000000000000000000000000000000000000000000000
141,2,22,40,"(2, 22, 40)",idx0:2_idx1:22_idx2:40,mbr_cond_condcn,1.0,1.00000000000000000000000000000000000000000000000000000000000
142,2,23,40,"(2, 23, 40)",idx0:2_idx1:23_idx2:40,mbr_cond_condcn,1.0,1.00000000000000000000000000000000000000000000000000000000000
143,2,24,40,"(2, 24, 40)",idx0:2_idx1:24_idx2:40,mbr_cond_condcn,1.0,1.00000000000000000000000000000000000000000000000000000000000
144,2,25,39,"(2, 25, 39)",idx0:2_idx1:25_idx2:39,mbr_cond_condcn,1.0,1.00000000000000000000000000000000000000000000000000000000000
145,2,26,39,"(2, 26, 39)",idx0:2_idx1:26_idx2:39,mbr_cond_condcn,1.0,1.00000000000000000000000000000000000000000000000000000000000
146,2,27,39,"(2, 27, 39)",idx0:2_idx1:27_idx2:39,mbr_cond_condcn,1.0,1.00000000000000000000000000000000000000000000000000000000000
147,2,33,23,"(2, 33, 23)",idx0:2_idx1:33_idx2:23,mbr_cond_condcn,1.0,1.00000000000000000000000000000000000000000000000000000000000
148,2,33,24,"(2, 33, 24)",idx0:2_idx1:33_idx2:24,mbr_cond_condcn,1.0,1.00000000000000000000000000000000000000000000000000000000000
149,2,33,25,"(2, 33, 25)",idx0:2_idx1:33_idx2:25,mbr_cond_condcn,1.0,1.00000000000000000000000000000000000000000000000000000000000
150,2,33,26,"(2, 33, 26)",idx0:2_idx1:33_idx2:26,mbr_cond_condcn,1.0,1.00000000000000000000000000000000000000000000000000000000000
151,2,33,27,"(2, 33, 27)",idx0:2_idx1:33_idx2:27,mbr_cond_condcn,1.0,1.00000000000000000000000000000000000000000000000000000000000
152,2,33,28,"(2, 33, 28)",idx0:2_idx1:33_idx2:28,mbr_cond_condcn,1.0,1.00000000000000000000000000000000000000000000000000000000000
153,2,33,29,"(2, 33, 29)",idx0:2_idx1:33_idx2:29,mbr_cond_condcn,1.0,1.00000000000000000000000000000000000000000000000000000000000
154,2,33,30,"(2, 33, 30)",idx0:2_idx1:33_idx2:30,mbr_cond_condcn,1.0,1.00000000000000000000000000000000000000000000000000000000000
155,2,34,17,"(2, 34, 17)",idx0:2_idx1:34_idx2:17,mbr_cond_condcn,1.0,1.00000000000000000000000000000000000000000000000000000000000
156,2,34,18,"(2, 34, 18)",idx0:2_idx1:34_idx2:18,mbr_cond_condcn,1.0,1.00000000000000000000000000000000000000000000000000000000000
157,2,34,19,"(2, 34, 19)",idx0:2_idx1:34_idx2:19,mbr_cond_condcn,1.0,1.00000000000000000000000000000000000000000000000000000000000
158,2,34,20,"(2, 34, 20)",idx0:2_idx1:34_idx2:20,mbr_cond_condcn,1.0,1.00000000000000000000000000000000000000000000000000000000000
159,2,34,21,"(2, 34, 21)",idx0:2_idx1:34_idx2:21,mbr_cond_condcn,1.0,1.00000000000000000000000000000000000000000000000000000000000
160,2,34,22,"(2, 34, 22)",idx0:2_idx1:34_idx2:22,mbr_cond_condcn,1.0,1.00000000000000000000000000000000000000000000000000000000000
161,2,34,31,"(2, 34, 31)",idx0:2_idx1:34_idx2:31,mbr_cond_condcn,1.0,1.00000000000000000000000000000000000000000000000000000000000
162,2,34,32,"(2, 34, 32)",idx0:2_idx1:34_idx2:32,mbr_cond_condcn,1.0,1.00000000000000000000000000000000000000000000000000000000000
163,2,35,14,"(2, 35, 14)",idx0:2_idx1:35_idx2:14,mbr_cond_condcn,1.0,1.00000000000000000000000000000000000000000000000000000000000
164,2,35,15,"(2, 35, 15)",idx0:2_idx1:35_idx2:15,mbr_cond_condcn,1.0,1.00000000000000000000000000000000000000000000000000000000000
165,2,35,16,"(2, 35, 16)",idx0:2_idx1:35_idx2:16,mbr_cond_condcn,1.0,1.00000000000000000000000000000000000000000000000000000000000
166,2,35,33,"(2, 35, 33)",idx0:2_idx1:35_idx2:33,mbr_cond_condcn,1.0,1.00000000000000000000000000000000000000000000000000000000000
167,2,36,12,"(2, 36, 12)",idx0:2_idx1:36_idx2:12,mbr_cond_condcn,1.0,1.00000000000000000000000000000000000000000000000000000000000
168,2,36,13,"(2, 36, 13)",idx0:2_idx1:36_idx2:13,mbr_cond_condcn,1.0,1.00000000000000000000000000000000000000000000000000000000000
169,2,36,34,"(2, 36, 34)",idx0:2_idx1:36_idx2:34,mbr_cond_condcn,1.0,1.00000000000000000000000000000000000000000000000000000000000
170,2,37,11,"(2, 37, 11)",idx0:2_idx1:37_idx2:11,mbr_cond_condcn,1.0,1.00000000000000000000000000000000000000000000000000000000000
171,2,37,35,"(2, 37, 35)",idx0:2_idx1:37_idx2:35,mbr_cond_condcn,1.0,1.00000000000000000000000000000000000000000000000000000000000
172,2,38,9,"(2, 38, 9)",idx0:2_idx1:38_idx2:9,mbr_cond_condcn,1.0,1.00000000000000000000000000000000000000000000000000000000000
173,2,38,10,"(2, 38, 10)",idx0:2_idx1:38_idx2:10,mbr_cond_condcn,1.0,1.00000000000000000000000000000000000000000000000000000000000
174,2,38,36,"(2, 38, 36)",idx0:2_idx1:38_idx2:36,mbr_cond_condcn,1.0,1.00000000000000000000000000000000000000000000000000000000000
175,2,39,7,"(2, 39, 7)",idx0:2_idx1:39_idx2:7,mbr_cond_condcn,1.0,1.00000000000000000000000000000000000000000000000000000000000
176,2,39,8,"(2, 39, 8)",idx0:2_idx1:39_idx2:8,mbr_cond_condcn,1.0,1.00000000000000000000000000000000000000000000000000000000000
177,2,39,37,"(2, 39, 37)",idx0:2_idx1:39_idx2:37,mbr_cond_condcn,1.0,1.00000000000000000000000000000000000000000000000000000000000
178,2,40,5,"(2, 40, 5)",idx0:2_idx1:40_idx2:5,mbr_cond_condcn,1.0,1.00000000000000000000000000000000000000000000000000000000000
179,2,40,6,"(2, 40, 6)",idx0:2_idx1:40_idx2:6,mbr_cond_condcn,1.0,1.00000000000000000000000000000000000000000000000000000000000
180,2,40,38,"(2, 40, 38)",idx0:2_idx1:40_idx2:38,mbr_cond_condcn,1.0,1.00000000000000000000000000000000000000000000000000000000000
181,2,41,4,"(2, 41, 4)",idx0:2_idx1:41_idx2:4,mbr_cond_condcn,1.0,1.00000000000000000000000000000000000000000000000000000000000
182,2,41,38,"(2, 41, 38)",idx0:2_idx1:41_idx2:38,mbr_cond_condcn,1.0,1.00000000000000000000000000000000000000000000000000000000000
183,2,42,2,"(2, 42, 2)",idx0:2_idx1:42_idx2:2,mbr_cond_condcn,1.0,1.00000000000000000000000000000000000000000000000000000000000
184,2,42,3,"(2, 42, 3)",idx0:2_idx1:42_idx2:3,mbr_cond_condcn,1.0,1.00000000000000000000000000000000000000000000000000000000000
185,2,42,38,"(2, 42, 38)",idx0:2_idx1:42_idx2:38,mbr_cond_condcn,1.0,1.00000000000000000000000000000000000000000000000000000000000
186,2,43,1,"(2, 43, 1)",idx0:2_idx1:43_idx2:1,mbr_cond_condcn,1.0,1.00000000000000000000000000000000000000000000000000000000000
187,2,43,39,"(2, 43, 39)",idx0:2_idx1:43_idx2:39,mbr_cond_condcn,1.0,1.00000000000000000000000000000000000000000000000000000000000
188,2,44,39,"(2, 44, 39)",idx0:2_idx1:44_idx2:39,mbr_cond_condcn,1.0,1.00000000000000000000000000000000000000000000000000000000000
189,2,45,39,"(2, 45, 39)",idx0:2_idx1:45_idx2:39,mbr_cond_condcn,1.0,1.00000000000000000000000000000000000000000000000000000000000
190,2,45,40,"(2, 45, 40)",idx0:2_idx1:45_idx2:40,mbr_cond_condcn,1.0,1.00000000000000000000000000000000000000000000000000000000000
191,2,46,39,"(2, 46, 39)",idx0:2_idx1:46_idx2:39,mbr_cond_condcn,1.0,1.00000000000000000000000000000000000000000000000000000000000
192,2,46,40,"(2, 46, 40)",idx0:2_idx1:46_idx2:40,mbr_cond_condcn,1.0,1.00000000000000000000000000000000000000000000000000000000000
193,2,47,39,"(2, 47, 39)",idx0:2_idx1:47_idx2:39,mbr_cond_condcn,1.0,1.00000000000000000000000000000000000000000000000000000000000
194,2,47,40,"(2, 47, 40)",idx0:2_idx1:47_idx2:40,mbr_cond_condcn,1.0,1.00000000000000000000000000000000000000000000000000000000000
195,2,48,39,"(2, 48, 39)",idx0:2_idx1:48_idx2:39,mbr_cond_condcn,1.0,1.00000000000000000000000000000000000000000000000000000000000
196,2,48,40,"(2, 48, 40)",idx0:2_idx1:48_idx2:40,mbr_cond_condcn,1.0,1.00000000000000000000000000000000000000000000000000000000000
197,3,16,47,"(3, 16, 47)",idx0:3_idx1:16_idx2:47,mbr_cond_condcn,1.0,1.00000000000000000000000000000000000000000000000000000000000
198,3,16,48,"(3, 16, 48)",idx0:3_idx1:16_idx2:48,mbr_cond_condcn,1.0,1.00000000000000000000000000000000000000000000000000000000000
199,3,16,49,"(3, 16, 49)",idx0:3_idx1:16_idx2:49,mbr_cond_condcn,1.0,1.00000000000000000000000000000000000000000000000000000000000
200,3,16,50,"(3, 16, 50)",idx0:3_idx1:16_idx2:50,mbr_cond_condcn,1.0,1.00000000000000000000000000000000000000000000000000000000000
201,3,17,52,"(3, 17, 52)",idx0:3_idx1:17_idx2:52,mbr_cond_condcn,1.0,1.00000000000000000000000000000000000000000000000000000000000
202,3,17,53,"(3, 17, 53)",idx0:3_idx1:17_idx2:53,mbr_cond_condcn,1.0,1.00000000000000000000000000000000000000000000000000000000000
203,3,18,54,"(3, 18, 54)",idx0:3_idx1:18_idx2:54,mbr_cond_condcn,1.0,1.00000000000000000000000000000000000000000000000000000000000
204,3,18,55,"(3, 18, 55)",idx0:3_idx1:18_idx2:55,mbr_cond_condcn,1.0,1.00000000000000000000000000000000000000000000000000000000000
205,3,18,56,"(3, 18, 56)",idx0:3_idx1:18_idx2:56,mbr_cond_condcn,1.0,1.00000000000000000000000000000000000000000000000000000000000
206,3,19,42,"(3, 19, 42)",idx0:3_idx1:19_idx2:42,mbr_cond_condcn,1.0,1.00000000000000000000000000000000000000000000000000000000000
207,3,19,57,"(3, 19, 57)",idx0:3_idx1:19_idx2:57,mbr_cond_condcn,1.0,1.00000000000000000000000000000000000000000000000000000000000
208,3,19,58,"(3, 19, 58)",idx0:3_idx1:19_idx2:58,mbr_cond_condcn,1.0,1.00000000000000000000000000000000000000000000000000000000000
209,3,20,41,"(3, 20, 41)",idx0:3_idx1:20_idx2:41,mbr_cond_condcn,1.0,1.00000000000000000000000000000000000000000000000000000000000
210,3,21,41,"(3, 21, 41)",idx0:3_idx1:21_idx2:41,mbr_cond_condcn,1.0,1.00000000000000000000000000000000000000000000000000000000000
211,3,22,40,"(3, 22, 40)",idx0:3_idx1:22_idx2:40,mbr_cond_condcn,1.0,1.00000000000000000000000000000000000000000000000000000000000
212,3,23,40,"(3, 23, 40)",idx0:3_idx1:23_idx2:40,mbr_cond_condcn,1.0,1.00000000000000000000000000000000000000000000000000000000000
213,3,24,40,"(3, 24, 40)",idx0:3_idx1:24_idx2:40,mbr_cond_condcn,1.0,1.00000000000000000000000000000000000000000000000000000000000
214,3,25,39,"(3, 25, 39)",idx0:3_idx1:25_idx2:39,mbr_cond_condcn,1.0,1.00000000000000000000000000000000000000000000000000000000000
215,3,26,39,"(3, 26, 39)",idx0:3_idx1:26_idx2:39,mbr_cond_condcn,1.0,1.00000000000000000000000000000000000000000000000000000000000
216,3,27,39,"(3, 27, 39)",idx0:3_idx1:27_idx2:39,mbr_cond_condcn,1.0,1.00000000000000000000000000000000000000000000000000000000000
217,3,33,23,"(3, 33, 23)",idx0:3_idx1:33_idx2:23,mbr_cond_condcn,1.0,1.00000000000000000000000000000000000000000000000000000000000
218,3,33,24,"(3, 33, 24)",idx0:3_idx1:33_idx2:24,mbr_cond_condcn,1.0,1.00000000000000000000000000000000000000000000000000000000000
219,3,33,25,"(3, 33, 25)",idx0:3_idx1:33_idx2:25,mbr_cond_condcn,1.0,1.00000000000000000000000000000000000000000000000000000000000
220,3,33,26,"(3, 33, 26)",idx0:3_idx1:33_idx2:26,mbr_cond_condcn,1.0,1.00000000000000000000000000000000000000000000000000000000000
221,3,33,27,"(3, 33, 27)",idx0:3_idx1:33_idx2:27,mbr_cond_condcn,1.0,1.00000000000000000000000000000000000000000000000000000000000
222,3,33,28,"(3, 33, 28)",idx0:3_idx1:33_idx2:28,mbr_cond_condcn,1.0,1.00000000000000000000000000000000000000000000000000000000000
223,3,33,29,"(3, 33, 29)",idx0:3_idx1:33_idx2:29,mbr_cond_condcn,1.0,1.00000000000000000000000000000000000000000000000000000000000
224,3,33,30,"(3, 33, 30)",idx0:3_idx1:33_idx2:30,mbr_cond_condcn,1.0,1.00000000000000000000000000000000000000000000000000000000000
225,3,34,17,"(3, 34, 17)",idx0:3_idx1:34_idx2:17,mbr_cond_condcn,1.0,1.00000000000000000000000000000000000000000000000000000000000
226,3,34,18,"(3, 34, 18)",idx0:3_idx1:34_idx2:18,mbr_cond_condcn,1.0,1.00000000000000000000000000000000000000000000000000000000000
227,3,34,19,"(3, 34, 19)",idx0:3_idx1:34_idx2:19,mbr_cond_condcn,1.0,1.00000000000000000000000000000000000000000000000000000000000
228,3,34,20,"(3, 34, 20)",idx0:3_idx1:34_idx2:20,mbr_cond_condcn,1.0,1.00000000000000000000000000000000000000000000000000000000000
229,3,34,21,"(3, 34, 21)",idx0:3_idx1:34_idx2:21,mbr_cond_condcn,1.0,1.00000000000000000000000000000000000000000000000000000000000
230,3,34,22,"(3, 34, 22)",idx0:3_idx1:34_idx2:22,mbr_cond_condcn,1.0,1.00000000000000000000000000000000000000000000000000000000000
231,3,34,31,"(3, 34, 31)",idx0:3_idx1:34_idx2:31,mbr_cond_condcn,1.0,1.00000000000000000000000000000000000000000000000000000000000
232,3,34,32,"(3, 34, 32)",idx0:3_idx1:34_idx2:32,mbr_cond_condcn,1.0,1.00000000000000000000000000000000000000000000000000000000000
233,3,35,14,"(3, 35, 14)",idx0:3_idx1:35_idx2:14,mbr_cond_condcn,1.0,1.00000000000000000000000000000000000000000000000000000000000
234,3,35,15,"(3, 35, 15)",idx0:3_idx1:35_idx2:15,mbr_cond_condcn,1.0,1.00000000000000000000000000000000000000000000000000000000000
235,3,35,16,"(3, 35, 16)",idx0:3_idx1:35_idx2:16,mbr_cond_condcn,1.0,1.00000000000000000000000000000000000000000000000000000000000
236,3,35,33,"(3, 35, 33)",idx0:3_idx1:35_idx2:33,mbr_cond_condcn,1.0,1.00000000000000000000000000000000000000000000000000000000000
237,3,36,12,"(3, 36, 12)",idx0:3_idx1:36_idx2:12,mbr_cond_condcn,1.0,1.00000000000000000000000000000000000000000000000000000000000
238,3,36,13,"(3, 36, 13)",idx0:3_idx1:36_idx2:13,mbr_cond_condcn,1.0,1.00000000000000000000000000000000000000000000000000000000000
239,3,36,34,"(3, 36, 34)",idx0:3_idx1:36_idx2:34,mbr_cond_condcn,1.0,1.00000000000000000000000000000000000000000000000000000000000
240,3,37,11,"(3, 37, 11)",idx0:3_idx1:37_idx2:11,mbr_cond_condcn,1.0,1.00000000000000000000000000000000000000000000000000000000000
241,3,37,35,"(3, 37, 35)",idx0:3_idx1:37_idx2:35,mbr_cond_condcn,1.0,1.00000000000000000000000000000000000000000000000000000000000
242,3,38,9,"(3, 38, 9)",idx0:3_idx1:38_idx2:9,mbr_cond_condcn,1.0,1.00000000000000000000000000000000000000000000000000000000000
243,3,38,10,"(3, 38, 10)",idx0:3_idx1:38_idx2:10,mbr_cond_condcn,1.0,1.00000000000000000000000000000000000000000000000000000000000
244,3,38,36,"(3, 38, 36)",idx0:3_idx1:38_idx2:36,mbr_cond_condcn,1.0,1.00000000000000000000000000000000000000000000000000000000000
245,3,39,7,"(3, 39, 7)",idx0:3_idx1:39_idx2:7,mbr_cond_condcn,1.0,1.00000000000000000000000000000000000000000000000000000000000
246,3,39,8,"(3, 39, 8)",idx0:3_idx1:39_idx2:8,mbr_cond_condcn,1.0,1.00000000000000000000000000000000000000000000000000000000000
247,3,39,37,"(3, 39, 37)",idx0:3_idx1:39_idx2:37,mbr_cond_condcn,1.0,1.00000000000000000000000000000000000000000000000000000000000
248,3,40,5,"(3, 40, 5)",idx0:3_idx1:40_idx2:5,mbr_cond_condcn,1.0,1.00000000000000000000000000000000000000000000000000000000000
249,3,40,6,"(3, 40, 6)",idx0:3_idx1:40_idx2:6,mbr_cond_condcn,1.0,1.00000000000000000000000000000000000000000000000000000000000
250,3,40,38,"(3, 40, 38)",idx0:3_idx1:40_idx2:38,mbr_cond_condcn,1.0,1.00000000000000000000000000000000000000000000000000000000000
251,3,41,4,"(3, 41, 4)",idx0:3_idx1:41_idx2:4,mbr_cond_condcn,1.0,1.00000000000000000000000000000000000000000000000000000000000
252,3,41,38,"(3, 41, 38)",idx0:3_idx1:41_idx2:38,mbr_cond_condcn,1.0,1.00000000000000000000000000000000000000000000000000000000000
253,3,42,2,"(3, 42, 2)",idx0:3_idx1:42_idx2:2,mbr_cond_condcn,1.0,1.00000000000000000000000000000000000000000000000000000000000
254,3,42,3,"(3, 42, 3)",idx0:3_idx1:42_idx2:3,mbr_cond_condcn,1.0,1.00000000000000000000000000000000000000000000000000000000000
255,3,42,38,"(3, 42, 38)",idx0:3_idx1:42_idx2:38,mbr_cond_condcn,1.0,1.00000000000000000000000000000000000000000000000000000000000
256,3,43,1,"(3, 43, 1)",idx0:3_idx1:43_idx2:1,mbr_cond_condcn,1.0,1.00000000000000000000000000000000000000000000000000000000000
257,3,43,39,"(3, 43, 39)",idx0:3_idx1:43_idx2:39,mbr_cond_condcn,1.0,1.00000000000000000000000000000000000000000000000000000000000
258,3,44,39,"(3, 44, 39)",idx0:3_idx1:44_idx2:39,mbr_cond_condcn,1.0,1.00000000000000000000000000000000000000000000000000000000000
259,3,45,39,"(3, 45, 39)",idx0:3_idx1:45_idx2:39,mbr_cond_condcn,1.0,1.00000000000000000000000000000000000000000000000000000000000
260,3,45,40,"(3, 45, 40)",idx0:3_idx1:45_idx2:40,mbr_cond_condcn,1.0,1.00000000000000000000000000000000000000000000000000000000000
261,3,46,39,"(3, 46, 39)",idx0:3_idx1:46_idx2:39,mbr_cond_condcn,1.0,1.00000000000000000000000000000000000000000000000000000000000
262,3,46,40,"(3, 46, 40)",idx0:3_idx1:46_idx2:40,mbr_cond_condcn,1.0,1.00000000000000000000000000000000000000000000000000000000000
263,3,47,39,"(3, 47, 39)",idx0:3_idx1:47_idx2:39,mbr_cond_condcn,1.0,1.00000000000000000000000000000000000000000000000000000000000
264,3,47,40,"(3, 47, 40)",idx0:3_idx1:47_idx2:40,mbr_cond_condcn,1.0,1.00000000000000000000000000000000000000000000000000000000000
265,3,48,39,"(3, 48, 39)",idx0:3_idx1:48_idx2:39,mbr_cond_condcn,1.0,1.00000000000000000000000000000000000000000000000000000000000
266,3,48,40,"(3, 48, 40)",idx0:3_idx1:48_idx2:40,mbr_cond_condcn,1.0,1.00000000000000000000000000000000000000000000000000000000000
267,4,16,47,"(4, 16, 47)",idx0:4_idx1:16_idx2:47,mbr_cond_condcn,1.0,1.00000000000000000000000000000000000000000000000000000000000
268,4,16,48,"(4, 16, 48)",idx0:4_idx1:16_idx2:48,mbr_cond_condcn,1.0,1.00000000000000000000000000000000000000000000000000000000000
269,4,16,49,"(4, 16, 49)",idx0:4_idx1:16_idx2:49,mbr_cond_condcn,1.0,1.00000000000000000000000000000000000000000000000000000000000
270,4,16,50,"(4, 16, 50)",idx0:4_idx1:16_idx2:50,mbr_cond_condcn,1.0,1.00000000000000000000000000000000000000000000000000000000000
271,4,17,52,"(4, 17, 52)",idx0:4_idx1:17_idx2:52,mbr_cond_condcn,1.0,1.00000000000000000000000000000000000000000000000000000000000
272,4,17,53,"(4, 17, 53)",idx0:4_idx1:17_idx2:53,mbr_cond_condcn,1.0,1.00000000000000000000000000000000000000000000000000000000000
273,4,18,54,"(4, 18, 54)",idx0:4_idx1:18_idx2:54,mbr_cond_condcn,1.0,1.00000000000000000000000000000000000000000000000000000000000
274,4,18,55,"(4, 18, 55)",idx0:4_idx1:18_idx2:55,mbr_cond_condcn,1.0,1.00000000000000000000000000000000000000000000000000000000000
275,4,18,56,"(4, 18, 56)",idx0:4_idx1:18_idx2:56,mbr_cond_condcn,1.0,1.00000000000000000000000000000000000000000000000000000000000
276,4,19,42,"(4, 19, 42)",idx0:4_idx1:19_idx2:42,mbr_cond_condcn,1.0,1.00000000000000000000000000000000000000000000000000000000000
277,4,19,57,"(4, 19, 57)",idx0:4_idx1:19_idx2:57,mbr_cond_condcn,1.0,1.00000000000000000000000000000000000000000000000000000000000
278,4,19,58,"(4, 19, 58)",idx0:4_idx1:19_idx2:58,mbr_cond_condcn,1.0,1.00000000000000000000000000000000000000000000000000000000000
279,4,20,41,"(4, 20, 41)",idx0:4_idx1:20_idx2:41,mbr_cond_condcn,1.0,1.00000000000000000000000000000000000000000000000000000000000
280,4,21,41,"(4, 21, 41)",idx0:4_idx1:21_idx2:41,mbr_cond_condcn,1.0,1.00000000000000000000000000000000000000000000000000000000000
281,4,22,40,"(4, 22, 40)",idx0:4_idx1:22_idx2:40,mbr_cond_condcn,1.0,1.00000000000000000000000000000000000000000000000000000000000
282,4,23,40,"(4, 23, 40)",idx0:4_idx1:23_idx2:40,mbr_cond_condcn,1.0,1.00000000000000000000000000000000000000000000000000000000000
283,4,24,40,"(4, 24, 40)",idx0:4_idx1:24_idx2:40,mbr_cond_condcn,1.0,1.00000000000000000000000000000000000000000000000000000000000
284,4,25,39,"(4, 25, 39)",idx0:4_idx1:25_idx2:39,mbr_cond_condcn,1.0,1.00000000000000000000000000000000000000000000000000000000000
285,4,26,39,"(4, 26, 39)",idx0:4_idx1:26_idx2:39,mbr_cond_condcn,1.0,1.00000000000000000000000000000000000000000000000000000000000
286,4,27,39,"(4, 27, 39)",idx0:4_idx1:27_idx2:39,mbr_cond_condcn,1.0,1.00000000000000000000000000000000000000000000000000000000000
287,4,33,23,"(4, 33, 23)",idx0:4_idx1:33_idx2:23,mbr_cond_condcn,1.0,1.00000000000000000000000000000000000000000000000000000000000
288,4,33,24,"(4, 33, 24)",idx0:4_idx1:33_idx2:24,mbr_cond_condcn,1.0,1.00000000000000000000000000000000000000000000000000000000000
289,4,33,25,"(4, 33, 25)",idx0:4_idx1:33_idx2:25,mbr_cond_condcn,1.0,1.00000000000000000000000000000000000000000000000000000000000
290,4,33,26,"(4, 33, 26)",idx0:4_idx1:33_idx2:26,mbr_cond_condcn,1.0,1.00000000000000000000000000000000000000000000000000000000000
291,4,33,27,"(4, 33, 27)",idx0:4_idx1:33_idx2:27,mbr_cond_condcn,1.0,1.00000000000000000000000000000000000000000000000000000000000
292,4,33,28,"(4, 33, 28)",idx0:4_idx1:33_idx2:28,mbr_cond_condcn,1.0,1.00000000000000000000000000000000000000000000000000000000000
293,4,33,29,"(4, 33, 29)",idx0:4_idx1:33_idx2:29,mbr_cond_condcn,1.0,1.00000000000000000000000000000000000000000000000000000000000
294,4,33,30,"(4, 33, 30)",idx0:4_idx1:33_idx2:30,mbr_cond_condcn,1.0,1.00000000000000000000000000000000000000000000000000000000000
295,4,34,17,"(4, 34, 17)",idx0:4_idx1:34_idx2:17,mbr_cond_condcn,1.0,1.00000000000000000000000000000000000000000000000000000000000
296,4,34,18,"(4, 34, 18)",idx0:4_idx1:34_idx2:18,mbr_cond_condcn,1.0,1.00000000000000000000000000000000000000000000000000000000000
297,4,34,19,"(4, 34, 19)",idx0:4_idx1:34_idx2:19,mbr_cond_condcn,1.0,1.00000000000000000000000000000000000000000000000000000000000
298,4,34,20,"(4, 34, 20)",idx0:4_idx1:34_idx2:20,mbr_cond_condcn,1.0,1.00000000000000000000000000000000000000000000000000000000000
299,4,34,21,"(4, 34, 21)",idx0:4_idx1:34_idx2:21,mbr_cond_condcn,1.0,1.00000000000000000000000000000000000000000000000000000000000
300,4,34,22,"(4, 34, 22)",idx0:4_idx1:34_idx2:22,mbr_cond_condcn,1.0,1.00000000000000000000000000000000000000000000000000000000000
301,4,34,31,"(4, 34, 31)",idx0:4_idx1:34_idx2:31,mbr_cond_condcn,1.0,1.00000000000000000000000000000000000000000000000000000000000
302,4,34,32,"(4, 34, 32)",idx0:4_idx1:34_idx2:32,mbr_cond_condcn,1.0,1.00000000000000000000000000000000000000000000000000000000000
303,4,35,14,"(4, 35, 14)",idx0:4_idx1:35_idx2:14,mbr_cond_condcn,1.0,1.00000000000000000000000000000000000000000000000000000000000
304,4,35,15,"(4, 35, 15)",idx0:4_idx1:35_idx2:15,mbr_cond_condcn,1.0,1.00000000000000000000000000000000000000000000000000000000000
305,4,35,16,"(4, 35, 16)",idx0:4_idx1:35_idx2:16,mbr_cond_condcn,1.0,1.00000000000000000000000000000000000000000000000000000000000
306,4,35,33,"(4, 35, 33)",idx0:4_idx1:35_idx2:33,mbr_cond_condcn,1.0,1.00000000000000000000000000000000000000000000000000000000000
307,4,36,12,"(4, 36, 12)",idx0:4_idx1:36_idx2:12,mbr_cond_condcn,1.0,1.00000000000000000000000000000000000000000000000000000000000
308,4,36,13,"(4, 36, 13)",idx0:4_idx1:36_idx2:13,mbr_cond_condcn,1.0,1.00000000000000000000000000000000000000000000000000000000000
309,4,36,34,"(4, 36, 34)",idx0:4_idx1:36_idx2:34,mbr_cond_condcn,1.0,1.00000000000000000000000000000000000000000000000000000000000
310,4,37,11,"(4, 37, 11)",idx0:4_idx1:37_idx2:11,mbr_cond_condcn,1.0,1.00000000000000000000000000000000000000000000000000000000000
311,4,37,35,"(4, 37, 35)",idx0:4_idx1:37_idx2:35,mbr_cond_condcn,1.0,1.00000000000000000000000000000000000000000000000000000000000
312,4,38,9,"(4, 38, 9)",idx0:4_idx1:38_idx2:9,mbr_cond_condcn,1.0,1.00000000000000000000000000000000000000000000000000000000000
313,4,38,10,"(4, 38, 10)",idx0:4_idx1:38_idx2:10,mbr_cond_condcn,1.0,1.00000000000000000000000000000000000000000000000000000000000
314,4,38,36,"(4, 38, 36)",idx0:4_idx1:38_idx2:36,mbr_cond_condcn,1.0,1.00000000000000000000000000000000000000000000000000000000000
315,4,39,7,"(4, 39, 7)",idx0:4_idx1:39_idx2:7,mbr_cond_condcn,1.0,1.00000000000000000000000000000000000000000000000000000000000
316,4,39,8,"(4, 39, 8)",idx0:4_idx1:39_idx2:8,mbr_cond_condcn,1.0,1.00000000000000000000000000000000000000000000000000000000000
317,4,39,37,"(4, 39, 37)",idx0:4_idx1:39_idx2:37,mbr_cond_condcn,1.0,1.00000000000000000000000000000000000000000000000000000000000
318,4,40,5,"(4, 40, 5)",idx0:4_idx1:40_idx2:5,mbr_cond_condcn,1.0,1.00000000000000000000000000000000000000000000000000000000000
319,4,40,6,"(4, 40, 6)",idx0:4_idx1:40_idx2:6,mbr_cond_condcn,1.0,1.00000000000000000000000000000000000000000000000000000000000
320,4,40,38,"(4, 40, 38)",idx0:4_idx1:40_idx2:38,mbr_cond_condcn,1.0,1.00000000000000000000000000000000000000000000000000000000000
321,4,41,4,"(4, 41, 4)",idx0:4_idx1:41_idx2:4,mbr_cond_condcn,1.0,1.00000000000000000000000000000000000000000000000000000000000
322,4,41,38,"(4, 41, 38)",idx0:4_idx1:41_idx2:38,mbr_cond_condcn,1.0,1.00000000000000000000000000000000000000000000000000000000000
323,4,42,2,"(4, 42, 2)",idx0:4_idx1:42_idx2:2,mbr_cond_condcn,1.0,1.00000000000000000000000000000000000000000000000000000000000
324,4,42,3,"(4, 42, 3)",idx0:4_idx1:42_idx2:3,mbr_cond_condcn,1.0,1.00000000000000000000000000000000000000000000000000000000000
325,4,42,38,"(4, 42, 38)",idx0:4_idx1:42_idx2:38,mbr_cond_condcn,1.0,1.00000000000000000000000000000000000000000000000000000000000
326,4,43,1,"(4, 43, 1)",idx0:4_idx1:43_idx2:1,mbr_cond_condcn,1.0,1.00000000000000000000000000000000000000000000000000000000000
327,4,43,39,"(4, 43, 39)",idx0:4_idx1:43_idx2:39,mbr_cond_condcn,1.0,1.00000000000000000000000000000000000000000000000000000000000
328,4,44,39,"(4, 44, 39)",idx0:4_idx1:44_idx2:39,mbr_cond_condcn,1.0,1.00000000000000000000000000000000000000000000000000000000000
329,4,45,39,"(4, 45, 39)",idx0:4_idx1:45_idx2:39,mbr_cond_condcn,1.0,1.00000000000000000000000000000000000000000000000000000000000
330,4,45,40,"(4, 45, 40)",idx0:4_idx1:45_idx2:40,mbr_cond_condcn,1.0,1.00000000000000000000000000000000000000000000000000000000000
331,4,46,39,"(4, 46, 39)",idx0:4_idx1:46_idx2:39,mbr_cond_condcn,1.0,1.00000000000000000000000000000000000000000000000000000000000
332,4,46,40,"(4, 46, 40)",idx0:4_idx1:46_idx2:40,mbr_cond_condcn,1.0,1.00000000000000000000000000000000000000000000000000000000000
333,4,47,39,"(4, 47, 39)",idx0:4_idx1:47_idx2:39,mbr_cond_condcn,1.0,1.00000000000000000000000000000000000000000000000000000000000
334,4,47,40,"(4, 47, 40)",idx0:4_idx1:47_idx2:40,mbr_cond_condcn,1.0,1.00000000000000000000000000000000000000000000000000000000000
335,4,48,39,"(4, 48, 39)",idx0:4_idx1:48_idx2:39,mbr_cond_condcn,1.0,1.00000000000000000000000000000000000000000000000000000000000
336,4,48,40,"(4, 48, 40)",idx0:4_idx1:48_idx2:40,mbr_cond_condcn,1.0,1.00000000000000000000000000000000000000000000000000000000000
337,5,16,47,"(5, 16, 47)",idx0:5_idx1:16_idx2:47,mbr_cond_condcn,1.0,1.00000000000000000000000000000000000000000000000000000000000
338,5,16,48,"(5, 16, 48)",idx0:5_idx1:16_idx2:48,mbr_cond_condcn,1.0,1.00000000000000000000000000000000000000000000000000000000000
339,5,16,49,"(5, 16, 49)",idx0:5_idx1:16_idx2:49,mbr_cond_condcn,1.0,1.00000000000000000000000000000000000000000000000000000000000
340,5,16,50,"(5, 16, 50)",idx0:5_idx1:16_idx2:50,mbr_cond_condcn,1.0,1.00000000000000000000000000000000000000000000000000000000000
341,5,17,52,"(5, 17, 52)",idx0:5_idx1:17_idx2:52,mbr_cond_condcn,1.0,1.00000000000000000000000000000000000000000000000000000000000
342,5,17,53,"(5, 17, 53)",idx0:5_idx1:17_idx2:53,mbr_cond_condcn,1.0,1.00000000000000000000000000000000000000000000000000000000000
343,5,18,54,"(5, 18, 54)",idx0:5_idx1:18_idx2:54,mbr_cond_condcn,1.0,1.00000000000000000000000000000000000000000000000000000000000
344,5,18,55,"(5, 18, 55)",idx0:5_idx1:18_idx2:55,mbr_cond_condcn,1.0,1.00000000000000000000000000000000000000000000000000000000000
345,5,18,56,"(5, 18, 56)",idx0:5_idx1:18_idx2:56,mbr_cond_condcn,1.0,1.00000000000000000000000000000000000000000000000000000000000
346,5,19,42,"(5, 19, 42)",idx0:5_idx1:19_idx2:42,mbr_cond_condcn,1.0,1.00000000000000000000000000000000000000000000000000000000000
347,5,19,57,"(5, 19, 57)",idx0:5_idx1:19_idx2:57,mbr_cond_condcn,1.0,1.00000000000000000000000000000000000000000000000000000000000
348,5,19,58,"(5, 19, 58)",idx0:5_idx1:19_idx2:58,mbr_cond_condcn,1.0,1.00000000000000000000000000000000000000000000000000000000000
349,5,20,41,"(5, 20, 41)",idx0:5_idx1:20_idx2:41,mbr_cond_condcn,1.0,1.00000000000000000000000000000000000000000000000000000000000
350,5,21,41,"(5, 21, 41)",idx0:5_idx1:21_idx2:41,mbr_cond_condcn,1.0,1.00000000000000000000000000000000000000000000000000000000000
351,5,22,40,"(5, 22, 40)",idx0:5_idx1:22_idx2:40,mbr_cond_condcn,1.0,1.00000000000000000000000000000000000000000000000000000000000
352,5,23,40,"(5, 23, 40)",idx0:5_idx1:23_idx2:40,mbr_cond_condcn,1.0,1.00000000000000000000000000000000000000000000000000000000000
353,5,24,40,"(5, 24, 40)",idx0:5_idx1:24_idx2:40,mbr_cond_condcn,1.0,1.00000000000000000000000000000000000000000000000000000000000
354,5,25,39,"(5, 25, 39)",idx0:5_idx1:25_idx2:39,mbr_cond_condcn,1.0,1.00000000000000000000000000000000000000000000000000000000000
355,5,26,39,"(5, 26, 39)",idx0:5_idx1:26_idx2:39,mbr_cond_condcn,1.0,1.00000000000000000000000000000000000000000000000000000000000
356,5,27,39,"(5, 27, 39)",idx0:5_idx1:27_idx2:39,mbr_cond_condcn,1.0,1.00000000000000000000000000000000000000000000000000000000000
357,5,33,23,"(5, 33, 23)",idx0:5_idx1:33_idx2:23,mbr_cond_condcn,1.0,1.00000000000000000000000000000000000000000000000000000000000
358,5,33,24,"(5, 33, 24)",idx0:5_idx1:33_idx2:24,mbr_cond_condcn,1.0,1.00000000000000000000000000000000000000000000000000000000000
359,5,33,25,"(5, 33, 25)",idx0:5_idx1:33_idx2:25,mbr_cond_condcn,1.0,1.00000000000000000000000000000000000000000000000000000000000
360,5,33,26,"(5, 33, 26)",idx0:5_idx1:33_idx2:26,mbr_cond_condcn,1.0,1.00000000000000000000000000000000000000000000000000000000000
361,5,33,27,"(5, 33, 27)",idx0:5_idx1:33_idx2:27,mbr_cond_condcn,1.0,1.00000000000000000000000000000000000000000000000000000000000
362,5,33,28,"(5, 33, 28)",idx0:5_idx1:33_idx2:28,mbr_cond_condcn,1.0,1.00000000000000000000000000000000000000000000000000000000000
363,5,33,29,"(5, 33, 29)",idx0:5_idx1:33_idx2:29,mbr_cond_condcn,1.0,1.00000000000000000000000000000000000000000000000000000000000
364,5,33,30,"(5, 33, 30)",idx0:5_idx1:33_idx2:30,mbr_cond_condcn,1.0,1.00000000000000000000000000000000000000000000000000000000000
365,5,34,17,"(5, 34, 17)",idx0:5_idx1:34_idx2:17,mbr_cond_condcn,1.0,1.00000000000000000000000000000000000000000000000000000000000
366,5,34,18,"(5, 34, 18)",idx0:5_idx1:34_idx2:18,mbr_cond_condcn,1.0,1.00000000000000000000000000000000000000000000000000000000000
367,5,34,19,"(5, 34, 19)",idx0:5_idx1:34_idx2:19,mbr_cond_condcn,1.0,1.00000000000000000000000000000000000000000000000000000000000
368,5,34,20,"(5, 34, 20)",idx0:5_idx1:34_idx2:20,mbr_cond_condcn,1.0,1.00000000000000000000000000000000000000000000000000000000000
369,5,34,21,"(5, 34, 21)",idx0:5_idx1:34_idx2:21,mbr_cond_condcn,1.0,1.00000000000000000000000000000000000000000000000000000000000
370,5,34,22,"(5, 34, 22)",idx0:5_idx1:34_idx2:22,mbr_cond_condcn,1.0,1.00000000000000000000000000000000000000000000000000000000000
371,5,34,31,"(5, 34, 31)",idx0:5_idx1:34_idx2:31,mbr_cond_condcn,1.0,1.00000000000000000000000000000000000000000000000000000000000
372,5,34,32,"(5, 34, 32)",idx0:5_idx1:34_idx2:32,mbr_cond_condcn,1.0,1.00000000000000000000000000000000000000000000000000000000000
373,5,35,14,"(5, 35, 14)",idx0:5_idx1:35_idx2:14,mbr_cond_condcn,1.0,1.00000000000000000000000000000000000000000000000000000000000
374,5,35,15,"(5, 35, 15)",idx0:5_idx1:35_idx2:15,mbr_cond_condcn,1.0,1.00000000000000000000000000000000000000000000000000000000000
375,5,35,16,"(5, 35, 16)",idx0:5_idx1:35_idx2:16,mbr_cond_condcn,1.0,1.00000000000000000000000000000000000000000000000000000000000
376,5,35,33,"(5, 35, 33)",idx0:5_idx1:35_idx2:33,mbr_cond_condcn,1.0,1.00000000000000000000000000000000000000000000000000000000000
377,5,36,12,"(5, 36, 12)",idx0:5_idx1:36_idx2:12,mbr_cond_condcn,1.0,1.00000000000000000000000000000000000000000000000000000000000
378,5,36,13,"(5, 36, 13)",idx0:5_idx1:36_idx2:13,mbr_cond_condcn,1.0,1.00000000000000000000000000000000000000000000000000000000000
379,5,36,34,"(5, 36, 34)",idx0:5_idx1:36_idx2:34,mbr_cond_condcn,1.0,1.00000000000000000000000000000000000000000000000000000000000
380,5,37,11,"(5, 37, 11)",idx0:5_idx1:37_idx2:11,mbr_cond_condcn,1.0,1.00000000000000000000000000000000000000000000000000000000000
381,5,37,35,"(5, 37, 35)",idx0:5_idx1:37_idx2:35,mbr_cond_condcn,1.0,1.00000000000000000000000000000000000000000000000000000000000
382,5,38,9,"(5, 38, 9)",idx0:5_idx1:38_idx2:9,mbr_cond_condcn,1.0,1.00000000000000000000000000000000000000000000000000000000000
383,5,38,10,"(5, 38, 10)",idx0:5_idx1:38_idx2:10,mbr_cond_condcn,1.0,1.00000000000000000000000000000000000000000000000000000000000
384,5,38,36,"(5, 38, 36)",idx0:5_idx1:38_idx2:36,mbr_cond_condcn,1.0,1.00000000000000000000000000000000000000000000000000000000000
385,5,39,7,"(5, 39, 7)",idx0:5_idx1:39_idx2:7,mbr_cond_condcn,1.0,1.00000000000000000000000000000000000000000000000000000000000
386,5,39,8,"(5, 39, 8)",idx0:5_idx1:39_idx2:8,mbr_cond_condcn,1.0,1.00000000000000000000000000000000000000000000000000000000000
387,5,39,37,"(5, 39, 37)",idx0:5_idx1:39_idx2:37,mbr_cond_condcn,1.0,1.00000000000000000000000000000000000000000000000000000000000
388,5,40,5,"(5, 40, 5)",idx0:5_idx1:40_idx2:5,mbr_cond_condcn,1.0,1.00000000000000000000000000000000000000000000000000000000000
389,5,40,6,"(5, 40, 6)",idx0:5_idx1:40_idx2:6,mbr_cond_condcn,1.0,1.00000000000000000000000000000000000000000000000000000000000
390,5,40,38,"(5, 40, 38)",idx0:5_idx1:40_idx2:38,mbr_cond_condcn,1.0,1.00000000000000000000000000000000000000000000000000000000000
391,5,41,4,"(5, 41, 4)",idx0:5_idx1:41_idx2:4,mbr_cond_condcn,1.0,1.00000000000000000000000000000000000000000000000000000000000
392,5,41,38,"(5, 41, 38)",idx0:5_idx1:41_idx2:38,mbr_cond_condcn,1.0,1.00000000000000000000000000000000000000000000000000000000000
393,5,42,2,"(5, 42, 2)",idx0:5_idx1:42_idx2:2,mbr_cond_condcn,1.0,1.00000000000000000000000000000000000000000000000000000000000
394,5,42,3,"(5, 42, 3)",idx0:5_idx1:42_idx2:3,mbr_cond_condcn,1.0,1.00000000000000000000000000000000000000000000000000000000000
395,5,42,38,"(5, 42, 38)",idx0:5_idx1:42_idx2:38,mbr_cond_condcn,1.0,1.00000000000000000000000000000000000000000000000000000000000
396,5,43,1,"(5, 43, 1)",idx0:5_idx1:43_idx2:1,mbr_cond_condcn,1.0,1.00000000000000000000000000000000000000000000000000000000000
397,5,43,39,"(5, 43, 39)",idx0:5_idx1:43_idx2:39,mbr_cond_condcn,1.0,1.00000000000000000000000000000000000000000000000000000000000
398,5,44,39,"(5, 44, 39)",idx0:5_idx1:44_idx2:39,mbr_cond_condcn,1.0,1.00000000000000000000000000000000000000000000000000000000000
399,5,45,39,"(5, 45, 39)",idx0:5_idx1:45_idx2:39,mbr_cond_condcn,1.0,1.00000000000000000000000000000000000000000000000000000000000
400,5,45,40,"(5, 45, 40)",idx0:5_idx1:45_idx2:40,mbr_cond_condcn,1.0,1.00000000000000000000000000000000000000000000000000000000000
401,5,46,39,"(5, 46, 39)",idx0:5_idx1:46_idx2:39,mbr_cond_condcn,1.0,1.00000000000000000000000000000000000000000000000000000000000
402,5,46,40,"(5, 46, 40)",idx0:5_idx1:46_idx2:40,mbr_cond_condcn,1.0,1.00000000000000000000000000000000000000000000000000000000000
403,5,47,39,"(5, 47, 39)",idx0:5_idx1:47_idx2:39,mbr_cond_condcn,1.0,1.00000000000000000000000000000000000000000000000000000000000
404,5,47,40,"(5, 47, 40)",idx0:5_idx1:47_idx2:40,mbr_cond_condcn,1.0,1.00000000000000000000000000000000000000000000000000000000000
405,5,48,39,"(5, 48, 39)",idx0:5_idx1:48_idx2:39,mbr_cond_condcn,1.0,1.00000000000000000000000000000000000000000000000000000000000
406,5,48,40,"(5, 48, 40)",idx0:5_idx1:48_idx2:40,mbr_cond_condcn,1.0,1.00000000000000000000000000000000000000000000000000000000000
