time,Unnamed: 0,kper,kstp,sample,flux,package,pk4-spr-diff,weight,std
1.0,0,1,1,spring,-1.4323859866984745,GHB_SP,0.15520559968429382,0.3333333333333333,3
2.0,1,2,1,spring,-1.4,GHB_SP,0.15169642929755334,0.3333333333333333,3
3.0,2,2,2,spring,-1.3588078117348736,GHB_SP,0.1472330665298589,0.3333333333333333,3
4.0,3,2,3,spring,-1.3157369591664336,GHB_SP,0.14256614185740624,0.3333333333333333,3
5.0,4,2,4,spring,-1.2808050140575418,GHB_SP,0.13878110518495124,0.3333333333333333,3
6.0,5,2,5,spring,-1.2439050331723296,GHB_SP,0.1347828227982122,0.3333333333333333,3
7.0,6,2,6,spring,-1.2155240451598013,GHB_SP,0.13170761241147133,0.3333333333333333,3
8.0,7,2,7,spring,-1.1748895707472182,GHB_SP,0.12730468050092014,0.3333333333333333,3
9.0,8,2,8,spring,-1.1290465571247532,GHB_SP,0.1223373794475151,0.3333333333333333,3
10.0,9,2,9,spring,-1.0796455814867423,GHB_SP,0.11698455687029963,0.3333333333333333,3
11.0,10,2,10,spring,-1.0440462157021868,GHB_SP,0.11312720210260352,0.3333333333333333,3
12.0,11,2,11,spring,-0.9985455595118574,GHB_SP,0.10819699704919739,0.3333333333333333,3
13.0,12,2,12,spring,-0.9584723604507336,GHB_SP,0.1038548819005527,0.3333333333333333,3
14.0,13,2,13,spring,-0.9094016162727844,GHB_SP,0.09853784141857513,0.3333333333333333,3
15.0,14,2,14,spring,-0.8540760432607305,GHB_SP,0.09254306150802538,0.3333333333333333,3
16.0,15,2,15,spring,-0.8008508756535491,GHB_SP,0.08677587016890165,0.3333333333333333,3
17.0,16,2,16,spring,-0.7439859792194083,GHB_SP,0.08061429749644855,0.3333333333333333,3
18.0,17,2,17,spring,-0.6733525987389368,GHB_SP,0.07296084634780353,0.3333333333333333,3
19.0,18,2,18,spring,-0.591475499418827,GHB_SP,0.06408908662773083,0.3333333333333333,3
20.0,19,2,19,spring,-0.5077723812885223,GHB_SP,0.055019469383846165,0.3333333333333333,3
21.0,20,2,20,spring,-0.4169216407321683,GHB_SP,0.04517537442567665,0.3333333333333333,3
22.0,21,2,21,spring,-0.34304595673181154,GHB_SP,0.037170604800842,0.3333333333333333,3
23.0,22,2,22,spring,-0.2740700197905957,GHB_SP,0.029696745271245106,0.3333333333333333,3
24.0,23,2,23,spring,-0.21828575525238708,GHB_SP,0.02365226402736198,0.3333333333333333,3
25.0,24,2,24,spring,-0.176194982883271,GHB_SP,0.019091535545382676,0.3333333333333333,3
26.0,25,2,25,spring,-0.1557737163943481,GHB_SP,0.016878797539594537,0.3333333333333333,3
27.0,26,2,26,spring,-0.1368159587546283,GHB_SP,0.01482463743857032,0.3333333333333333,3
28.0,27,2,27,spring,-0.13995101557454734,GHB_SP,0.01516433524230365,0.3333333333333333,3
29.0,28,2,28,spring,-0.14507390208873425,GHB_SP,0.015719423522231324,0.3333333333333333,3
30.0,29,2,29,spring,-0.13029180678725316,GHB_SP,0.014117715611680737,0.3333333333333333,3
31.0,30,2,30,spring,-0.11033604543244939,GHB_SP,0.011955417224939424,0.3333333333333333,3
32.0,31,2,31,spring,-0.1083033216375528,GHB_SP,0.011735162266772292,0.3333333333333333,3
33.0,32,2,32,spring,-0.09576545934081741,GHB_SP,0.01037662730860145,0.3333333333333333,3
34.0,33,2,33,spring,-0.0657334968492389,GHB_SP,0.0071225262551939394,0.3333333333333333,3
35.0,34,2,34,spring,-0.06848837332964279,GHB_SP,0.007421029773217569,0.3333333333333333,3
36.0,35,2,35,spring,-0.08138775930040652,GHB_SP,0.008818737481714578,0.3333333333333333,3
37.0,36,2,36,spring,-0.07462420474926777,GHB_SP,0.00808587528545246,0.3333333333333333,3
38.0,37,2,37,spring,-0.06458437356478497,GHB_SP,0.00699801347014084,0.3333333333333333,3
39.0,38,2,38,spring,-0.08569783817779382,GHB_SP,0.009285754321493478,0.3333333333333333,3
40.0,39,2,39,spring,-0.08019712504103853,GHB_SP,0.00868972679189639,0.3333333333333333,3
41.0,40,2,40,spring,-0.07471903603602373,GHB_SP,0.00809615069087144,0.3333333333333333,3
42.0,41,2,41,spring,-0.06414877004144558,GHB_SP,0.006950813827940827,0.3333333333333333,3
43.0,42,2,42,spring,-0.05742256024976685,GHB_SP,0.006221998107866611,0.3333333333333333,3
44.0,43,2,43,spring,-0.035697482803779025,GHB_SP,0.003867986197317208,0.3333333333333333,3
45.0,44,2,44,spring,-0.05249697024301781,GHB_SP,0.00568828781057551,0.3333333333333333,3
46.0,45,2,45,spring,-0.062464360151699254,GHB_SP,0.006768300280977968,0.3333333333333333,3
47.0,46,2,46,spring,-0.053442386368654664,GHB_SP,0.0057907279894751085,0.3333333333333333,3
48.0,47,2,47,spring,-0.05379812046305018,GHB_SP,0.00582927341226025,0.3333333333333333,3
49.0,48,2,48,spring,-0.07681832650701581,GHB_SP,0.008323618454091353,0.3333333333333333,3
50.0,49,2,49,spring,-0.0965189624354063,GHB_SP,0.010458272829254156,0.3333333333333333,3
51.0,50,2,50,spring,-0.1240717084772991,GHB_SP,0.013443739394895182,0.3333333333333333,3
52.0,51,2,51,spring,-0.15545993218572657,GHB_SP,0.016844797579581794,0.3333333333333333,3
53.0,52,2,52,spring,-0.19204282881417614,GHB_SP,0.02080872243093701,0.3333333333333333,3
54.0,53,3,1,spring,-9.22895816653596,GHB_SP,1.0,0.0,0
55.0,54,4,1,spring,-9.22895816653596,GHB_SP,1.0,0.0,0
56.0,55,4,2,spring,-9.22895816653596,GHB_SP,1.0,0.0,0
57.0,56,4,3,spring,-9.22895816653596,GHB_SP,1.0,0.0,0
58.0,57,4,4,spring,-9.22895816653596,GHB_SP,1.0,0.0,0
59.0,58,4,5,spring,-9.22895816653596,GHB_SP,1.0,0.0,0
60.0,59,4,6,spring,-9.22895816653596,GHB_SP,1.0,0.0,0
61.0,60,4,7,spring,-9.22895816653596,GHB_SP,1.0,0.0,0
62.0,61,4,8,spring,-9.22895816653596,GHB_SP,1.0,0.0,0
63.0,62,4,9,spring,-9.22895816653596,GHB_SP,1.0,0.0,0
64.0,63,4,10,spring,-9.22895816653596,GHB_SP,1.0,0.0,0
65.0,64,4,11,spring,-9.22895816653596,GHB_SP,1.0,0.0,0
66.0,65,4,12,spring,-9.22895816653596,GHB_SP,1.0,0.0,0
67.0,66,4,13,spring,-9.22895816653596,GHB_SP,1.0,0.0,0
68.0,67,4,14,spring,-9.22895816653596,GHB_SP,1.0,0.0,0
69.0,68,4,15,spring,-9.22895816653596,GHB_SP,1.0,0.0,0
70.0,69,4,16,spring,-9.22895816653596,GHB_SP,1.0,0.0,0
71.0,70,4,17,spring,-9.22895816653596,GHB_SP,1.0,0.0,0
72.0,71,4,18,spring,-9.22895816653596,GHB_SP,1.0,0.0,0
73.0,72,4,19,spring,-9.22895816653596,GHB_SP,1.0,0.0,0
74.0,73,4,20,spring,-9.22895816653596,GHB_SP,1.0,0.0,0
75.0,74,4,21,spring,-9.22895816653596,GHB_SP,1.0,0.0,0
76.0,75,4,22,spring,-9.22895816653596,GHB_SP,1.0,0.0,0
77.0,76,4,23,spring,-9.22895816653596,GHB_SP,1.0,0.0,0
78.0,77,4,24,spring,-9.22895816653596,GHB_SP,1.0,0.0,0
79.0,78,4,25,spring,-9.22895816653596,GHB_SP,1.0,0.0,0
80.0,79,4,26,spring,-9.22895816653596,GHB_SP,1.0,0.0,0
81.0,80,4,27,spring,-9.22895816653596,GHB_SP,1.0,0.0,0
82.0,81,4,28,spring,-9.22895816653596,GHB_SP,1.0,0.0,0
83.0,82,4,29,spring,-9.22895816653596,GHB_SP,1.0,0.0,0
84.0,83,4,30,spring,-9.22895816653596,GHB_SP,1.0,0.0,0
85.0,84,4,31,spring,-9.22895816653596,GHB_SP,1.0,0.0,0
86.0,85,4,32,spring,-9.22895816653596,GHB_SP,1.0,0.0,0
87.0,86,4,33,spring,-9.22895816653596,GHB_SP,1.0,0.0,0
88.0,87,4,34,spring,-9.22895816653596,GHB_SP,1.0,0.0,0
89.0,88,4,35,spring,-9.22895816653596,GHB_SP,1.0,0.0,0
90.0,89,4,36,spring,-9.22895816653596,GHB_SP,1.0,0.0,0
91.0,90,4,37,spring,-9.22895816653596,GHB_SP,1.0,0.0,0
92.0,91,4,38,spring,-9.22895816653596,GHB_SP,1.0,0.0,0
93.0,92,4,39,spring,-9.22895816653596,GHB_SP,1.0,0.0,0
94.0,93,4,40,spring,-9.22895816653596,GHB_SP,1.0,0.0,0
95.0,94,4,41,spring,-9.22895816653596,GHB_SP,1.0,0.0,0
96.0,95,4,42,spring,-9.22895816653596,GHB_SP,1.0,0.0,0
97.0,96,4,43,spring,-9.22895816653596,GHB_SP,1.0,0.0,0
98.0,97,4,44,spring,-9.22895816653596,GHB_SP,1.0,0.0,0
99.0,98,4,45,spring,-9.22895816653596,GHB_SP,1.0,0.0,0
100.0,99,4,46,spring,-9.22895816653596,GHB_SP,1.0,0.0,0
101.0,100,4,47,spring,-9.22895816653596,GHB_SP,1.0,0.0,0
102.0,101,4,48,spring,-9.22895816653596,GHB_SP,1.0,0.0,0
103.0,102,4,49,spring,-9.22895816653596,GHB_SP,1.0,0.0,0
104.0,103,4,50,spring,-9.22895816653596,GHB_SP,1.0,0.0,0
105.0,104,4,51,spring,-9.22895816653596,GHB_SP,1.0,0.0,0
106.0,105,4,52,spring,-9.22895816653596,GHB_SP,1.0,0.0,0
