kper,kstp,time,k,i,j,SPq,weight,std
1,1,1.0,0,32,30,-3.0,0.5555555555555556,1.8
1,1,1.0,0,33,30,-3.0,0.5555555555555556,1.8
1,1,1.0,0,33,31,-3.0,0.5555555555555556,1.8
1,1,1.0,0,33,32,-3.0,0.5555555555555556,1.8
1,1,1.0,0,33,33,-3.0,0.5555555555555556,1.8
1,1,1.0,0,34,30,-3.0,0.5555555555555556,1.8
1,1,1.0,0,34,31,-3.0,0.5555555555555556,1.8
1,1,1.0,0,34,33,-3.0,0.5555555555555556,1.8
1,1,1.0,0,35,33,-3.0,0.5555555555555556,1.8
1,1,1.0,0,36,32,-3.0,0.5555555555555556,1.8
1,1,1.0,0,36,33,-3.0,0.5555555555555556,1.8
1,1,1.0,0,37,32,-3.0,0.5555555555555556,1.8
2,1,2.0,0,32,30,-3.0,0.0,1.8
2,1,2.0,0,33,30,-3.0,0.0,1.8
2,1,2.0,0,33,31,-3.0,0.0,1.8
2,1,2.0,0,33,32,-3.0,0.0,1.8
2,1,2.0,0,33,33,-3.0,0.0,1.8
2,1,2.0,0,34,30,-3.0,0.0,1.8
2,1,2.0,0,34,31,-3.0,0.0,1.8
2,1,2.0,0,34,33,-3.0,0.0,1.8
2,1,2.0,0,35,33,-3.0,0.0,1.8
2,1,2.0,0,36,32,-3.0,0.0,1.8
2,1,2.0,0,36,33,-3.0,0.0,1.8
2,1,2.0,0,37,32,-3.0,0.0,1.8
2,2,3.0,0,32,30,-3.0,0.0,1.8
2,2,3.0,0,33,30,-3.0,0.0,1.8
2,2,3.0,0,33,31,-3.0,0.0,1.8
2,2,3.0,0,33,32,-3.0,0.0,1.8
2,2,3.0,0,33,33,-3.0,0.0,1.8
2,2,3.0,0,34,30,-3.0,0.0,1.8
2,2,3.0,0,34,31,-3.0,0.0,1.8
2,2,3.0,0,34,33,-3.0,0.0,1.8
2,2,3.0,0,35,33,-3.0,0.0,1.8
2,2,3.0,0,36,32,-3.0,0.0,1.8
2,2,3.0,0,36,33,-3.0,0.0,1.8
2,2,3.0,0,37,32,-3.0,0.0,1.8
2,3,4.0,0,32,30,-3.0,0.0,1.8
2,3,4.0,0,33,30,-3.0,0.0,1.8
2,3,4.0,0,33,31,-3.0,0.0,1.8
2,3,4.0,0,33,32,-3.0,0.0,1.8
2,3,4.0,0,33,33,-3.0,0.0,1.8
2,3,4.0,0,34,30,-3.0,0.0,1.8
2,3,4.0,0,34,31,-3.0,0.0,1.8
2,3,4.0,0,34,33,-3.0,0.0,1.8
2,3,4.0,0,35,33,-3.0,0.0,1.8
2,3,4.0,0,36,32,-3.0,0.0,1.8
2,3,4.0,0,36,33,-3.0,0.0,1.8
2,3,4.0,0,37,32,-3.0,0.0,1.8
2,4,5.0,0,32,30,-3.0,0.0,1.8
2,4,5.0,0,33,30,-3.0,0.0,1.8
2,4,5.0,0,33,31,-3.0,0.0,1.8
2,4,5.0,0,33,32,-3.0,0.0,1.8
2,4,5.0,0,33,33,-3.0,0.0,1.8
2,4,5.0,0,34,30,-3.0,0.0,1.8
2,4,5.0,0,34,31,-3.0,0.0,1.8
2,4,5.0,0,34,33,-3.0,0.0,1.8
2,4,5.0,0,35,33,-3.0,0.0,1.8
2,4,5.0,0,36,32,-3.0,0.0,1.8
2,4,5.0,0,36,33,-3.0,0.0,1.8
2,4,5.0,0,37,32,-3.0,0.0,1.8
2,5,6.0,0,32,30,-3.0,0.0,1.8
2,5,6.0,0,33,30,-3.0,0.0,1.8
2,5,6.0,0,33,31,-3.0,0.0,1.8
2,5,6.0,0,33,32,-3.0,0.0,1.8
2,5,6.0,0,33,33,-3.0,0.0,1.8
2,5,6.0,0,34,30,-3.0,0.0,1.8
2,5,6.0,0,34,31,-3.0,0.0,1.8
2,5,6.0,0,34,33,-3.0,0.0,1.8
2,5,6.0,0,35,33,-3.0,0.0,1.8
2,5,6.0,0,36,32,-3.0,0.0,1.8
2,5,6.0,0,36,33,-3.0,0.0,1.8
2,5,6.0,0,37,32,-3.0,0.0,1.8
2,6,7.0,0,32,30,-3.0,0.0,1.8
2,6,7.0,0,33,30,-3.0,0.0,1.8
2,6,7.0,0,33,31,-3.0,0.0,1.8
2,6,7.0,0,33,32,-3.0,0.0,1.8
2,6,7.0,0,33,33,-3.0,0.0,1.8
2,6,7.0,0,34,30,-3.0,0.0,1.8
2,6,7.0,0,34,31,-3.0,0.0,1.8
2,6,7.0,0,34,33,-3.0,0.0,1.8
2,6,7.0,0,35,33,-3.0,0.0,1.8
2,6,7.0,0,36,32,-3.0,0.0,1.8
2,6,7.0,0,36,33,-3.0,0.0,1.8
2,6,7.0,0,37,32,-3.0,0.0,1.8
2,7,8.0,0,32,30,-3.0,0.0,1.8
2,7,8.0,0,33,30,-3.0,0.0,1.8
2,7,8.0,0,33,31,-3.0,0.0,1.8
2,7,8.0,0,33,32,-3.0,0.0,1.8
2,7,8.0,0,33,33,-3.0,0.0,1.8
2,7,8.0,0,34,30,-3.0,0.0,1.8
2,7,8.0,0,34,31,-3.0,0.0,1.8
2,7,8.0,0,34,33,-3.0,0.0,1.8
2,7,8.0,0,35,33,-3.0,0.0,1.8
2,7,8.0,0,36,32,-3.0,0.0,1.8
2,7,8.0,0,36,33,-3.0,0.0,1.8
2,7,8.0,0,37,32,-3.0,0.0,1.8
2,8,9.0,0,32,30,-3.0,0.0,1.8
2,8,9.0,0,33,30,-3.0,0.0,1.8
2,8,9.0,0,33,31,-3.0,0.0,1.8
2,8,9.0,0,33,32,-3.0,0.0,1.8
2,8,9.0,0,33,33,-3.0,0.0,1.8
2,8,9.0,0,34,30,-3.0,0.0,1.8
2,8,9.0,0,34,31,-3.0,0.0,1.8
2,8,9.0,0,34,33,-3.0,0.0,1.8
2,8,9.0,0,35,33,-3.0,0.0,1.8
2,8,9.0,0,36,32,-3.0,0.0,1.8
2,8,9.0,0,36,33,-3.0,0.0,1.8
2,8,9.0,0,37,32,-3.0,0.0,1.8
2,9,10.0,0,32,30,-3.0,0.0,1.8
2,9,10.0,0,33,30,-3.0,0.0,1.8
2,9,10.0,0,33,31,-3.0,0.0,1.8
2,9,10.0,0,33,32,-3.0,0.0,1.8
2,9,10.0,0,33,33,-3.0,0.0,1.8
2,9,10.0,0,34,30,-3.0,0.0,1.8
2,9,10.0,0,34,31,-3.0,0.0,1.8
2,9,10.0,0,34,33,-3.0,0.0,1.8
2,9,10.0,0,35,33,-3.0,0.0,1.8
2,9,10.0,0,36,32,-3.0,0.0,1.8
2,9,10.0,0,36,33,-3.0,0.0,1.8
2,9,10.0,0,37,32,-3.0,0.0,1.8
2,10,11.0,0,32,30,-3.0,0.0,1.8
2,10,11.0,0,33,30,-3.0,0.0,1.8
2,10,11.0,0,33,31,-3.0,0.0,1.8
2,10,11.0,0,33,32,-3.0,0.0,1.8
2,10,11.0,0,33,33,-3.0,0.0,1.8
2,10,11.0,0,34,30,-3.0,0.0,1.8
2,10,11.0,0,34,31,-3.0,0.0,1.8
2,10,11.0,0,34,33,-3.0,0.0,1.8
2,10,11.0,0,35,33,-3.0,0.0,1.8
2,10,11.0,0,36,32,-3.0,0.0,1.8
2,10,11.0,0,36,33,-3.0,0.0,1.8
2,10,11.0,0,37,32,-3.0,0.0,1.8
2,11,12.0,0,32,30,-3.0,0.0,1.8
2,11,12.0,0,33,30,-3.0,0.0,1.8
2,11,12.0,0,33,31,-3.0,0.0,1.8
2,11,12.0,0,33,32,-3.0,0.0,1.8
2,11,12.0,0,33,33,-3.0,0.0,1.8
2,11,12.0,0,34,30,-3.0,0.0,1.8
2,11,12.0,0,34,31,-3.0,0.0,1.8
2,11,12.0,0,34,33,-3.0,0.0,1.8
2,11,12.0,0,35,33,-3.0,0.0,1.8
2,11,12.0,0,36,32,-3.0,0.0,1.8
2,11,12.0,0,36,33,-3.0,0.0,1.8
2,11,12.0,0,37,32,-3.0,0.0,1.8
2,12,13.0,0,32,30,-3.0,0.0,1.8
2,12,13.0,0,33,30,-3.0,0.0,1.8
2,12,13.0,0,33,31,-3.0,0.0,1.8
2,12,13.0,0,33,32,-3.0,0.0,1.8
2,12,13.0,0,33,33,-3.0,0.0,1.8
2,12,13.0,0,34,30,-3.0,0.0,1.8
2,12,13.0,0,34,31,-3.0,0.0,1.8
2,12,13.0,0,34,33,-3.0,0.0,1.8
2,12,13.0,0,35,33,-3.0,0.0,1.8
2,12,13.0,0,36,32,-3.0,0.0,1.8
2,12,13.0,0,36,33,-3.0,0.0,1.8
2,12,13.0,0,37,32,-3.0,0.0,1.8
2,13,14.0,0,32,30,-3.0,0.0,1.8
2,13,14.0,0,33,30,-3.0,0.0,1.8
2,13,14.0,0,33,31,-3.0,0.0,1.8
2,13,14.0,0,33,32,-3.0,0.0,1.8
2,13,14.0,0,33,33,-3.0,0.0,1.8
2,13,14.0,0,34,30,-3.0,0.0,1.8
2,13,14.0,0,34,31,-3.0,0.0,1.8
2,13,14.0,0,34,33,-3.0,0.0,1.8
2,13,14.0,0,35,33,-3.0,0.0,1.8
2,13,14.0,0,36,32,-3.0,0.0,1.8
2,13,14.0,0,36,33,-3.0,0.0,1.8
2,13,14.0,0,37,32,-3.0,0.0,1.8
2,14,15.0,0,32,30,-3.0,0.0,1.8
2,14,15.0,0,33,30,-3.0,0.0,1.8
2,14,15.0,0,33,31,-3.0,0.0,1.8
2,14,15.0,0,33,32,-3.0,0.0,1.8
2,14,15.0,0,33,33,-3.0,0.0,1.8
2,14,15.0,0,34,30,-3.0,0.0,1.8
2,14,15.0,0,34,31,-3.0,0.0,1.8
2,14,15.0,0,34,33,-3.0,0.0,1.8
2,14,15.0,0,35,33,-3.0,0.0,1.8
2,14,15.0,0,36,32,-3.0,0.0,1.8
2,14,15.0,0,36,33,-3.0,0.0,1.8
2,14,15.0,0,37,32,-3.0,0.0,1.8
2,15,16.0,0,32,30,-3.0,0.0,1.8
2,15,16.0,0,33,30,-3.0,0.0,1.8
2,15,16.0,0,33,31,-3.0,0.0,1.8
2,15,16.0,0,33,32,-3.0,0.0,1.8
2,15,16.0,0,33,33,-3.0,0.0,1.8
2,15,16.0,0,34,30,-3.0,0.0,1.8
2,15,16.0,0,34,31,-3.0,0.0,1.8
2,15,16.0,0,34,33,-3.0,0.0,1.8
2,15,16.0,0,35,33,-3.0,0.0,1.8
2,15,16.0,0,36,32,-3.0,0.0,1.8
2,15,16.0,0,36,33,-3.0,0.0,1.8
2,15,16.0,0,37,32,-3.0,0.0,1.8
2,16,17.0,0,32,30,-3.0,0.0,1.8
2,16,17.0,0,33,30,-3.0,0.0,1.8
2,16,17.0,0,33,31,-3.0,0.0,1.8
2,16,17.0,0,33,32,-3.0,0.0,1.8
2,16,17.0,0,33,33,-3.0,0.0,1.8
2,16,17.0,0,34,30,-3.0,0.0,1.8
2,16,17.0,0,34,31,-3.0,0.0,1.8
2,16,17.0,0,34,33,-3.0,0.0,1.8
2,16,17.0,0,35,33,-3.0,0.0,1.8
2,16,17.0,0,36,32,-3.0,0.0,1.8
2,16,17.0,0,36,33,-3.0,0.0,1.8
2,16,17.0,0,37,32,-3.0,0.0,1.8
2,17,18.0,0,32,30,-3.0,0.0,1.8
2,17,18.0,0,33,30,-3.0,0.0,1.8
2,17,18.0,0,33,31,-3.0,0.0,1.8
2,17,18.0,0,33,32,-3.0,0.0,1.8
2,17,18.0,0,33,33,-3.0,0.0,1.8
2,17,18.0,0,34,30,-3.0,0.0,1.8
2,17,18.0,0,34,31,-3.0,0.0,1.8
2,17,18.0,0,34,33,-3.0,0.0,1.8
2,17,18.0,0,35,33,-3.0,0.0,1.8
2,17,18.0,0,36,32,-3.0,0.0,1.8
2,17,18.0,0,36,33,-3.0,0.0,1.8
2,17,18.0,0,37,32,-3.0,0.0,1.8
2,18,19.0,0,32,30,-3.0,0.0,1.8
2,18,19.0,0,33,30,-3.0,0.0,1.8
2,18,19.0,0,33,31,-3.0,0.0,1.8
2,18,19.0,0,33,32,-3.0,0.0,1.8
2,18,19.0,0,33,33,-3.0,0.0,1.8
2,18,19.0,0,34,30,-3.0,0.0,1.8
2,18,19.0,0,34,31,-3.0,0.0,1.8
2,18,19.0,0,34,33,-3.0,0.0,1.8
2,18,19.0,0,35,33,-3.0,0.0,1.8
2,18,19.0,0,36,32,-3.0,0.0,1.8
2,18,19.0,0,36,33,-3.0,0.0,1.8
2,18,19.0,0,37,32,-3.0,0.0,1.8
2,19,20.0,0,32,30,-3.0,0.0,1.8
2,19,20.0,0,33,30,-3.0,0.0,1.8
2,19,20.0,0,33,31,-3.0,0.0,1.8
2,19,20.0,0,33,32,-3.0,0.0,1.8
2,19,20.0,0,33,33,-3.0,0.0,1.8
2,19,20.0,0,34,30,-3.0,0.0,1.8
2,19,20.0,0,34,31,-3.0,0.0,1.8
2,19,20.0,0,34,33,-3.0,0.0,1.8
2,19,20.0,0,35,33,-3.0,0.0,1.8
2,19,20.0,0,36,32,-3.0,0.0,1.8
2,19,20.0,0,36,33,-3.0,0.0,1.8
2,19,20.0,0,37,32,-3.0,0.0,1.8
2,20,21.0,0,32,30,-3.0,0.0,1.8
2,20,21.0,0,33,30,-3.0,0.0,1.8
2,20,21.0,0,33,31,-3.0,0.0,1.8
2,20,21.0,0,33,32,-3.0,0.0,1.8
2,20,21.0,0,33,33,-3.0,0.0,1.8
2,20,21.0,0,34,30,-3.0,0.0,1.8
2,20,21.0,0,34,31,-3.0,0.0,1.8
2,20,21.0,0,34,33,-3.0,0.0,1.8
2,20,21.0,0,35,33,-3.0,0.0,1.8
2,20,21.0,0,36,32,-3.0,0.0,1.8
2,20,21.0,0,36,33,-3.0,0.0,1.8
2,20,21.0,0,37,32,-3.0,0.0,1.8
2,21,22.0,0,32,30,-3.0,0.0,1.8
2,21,22.0,0,33,30,-3.0,0.0,1.8
2,21,22.0,0,33,31,-3.0,0.0,1.8
2,21,22.0,0,33,32,-3.0,0.0,1.8
2,21,22.0,0,33,33,-3.0,0.0,1.8
2,21,22.0,0,34,30,-3.0,0.0,1.8
2,21,22.0,0,34,31,-3.0,0.0,1.8
2,21,22.0,0,34,33,-3.0,0.0,1.8
2,21,22.0,0,35,33,-3.0,0.0,1.8
2,21,22.0,0,36,32,-3.0,0.0,1.8
2,21,22.0,0,36,33,-3.0,0.0,1.8
2,21,22.0,0,37,32,-3.0,0.0,1.8
2,22,23.0,0,32,30,-3.0,0.0,1.8
2,22,23.0,0,33,30,-3.0,0.0,1.8
2,22,23.0,0,33,31,-3.0,0.0,1.8
2,22,23.0,0,33,32,-3.0,0.0,1.8
2,22,23.0,0,33,33,-3.0,0.0,1.8
2,22,23.0,0,34,30,-3.0,0.0,1.8
2,22,23.0,0,34,31,-3.0,0.0,1.8
2,22,23.0,0,34,33,-3.0,0.0,1.8
2,22,23.0,0,35,33,-3.0,0.0,1.8
2,22,23.0,0,36,32,-3.0,0.0,1.8
2,22,23.0,0,36,33,-3.0,0.0,1.8
2,22,23.0,0,37,32,-3.0,0.0,1.8
2,23,24.0,0,32,30,-3.0,0.0,1.8
2,23,24.0,0,33,30,-3.0,0.0,1.8
2,23,24.0,0,33,31,-3.0,0.0,1.8
2,23,24.0,0,33,32,-3.0,0.0,1.8
2,23,24.0,0,33,33,-3.0,0.0,1.8
2,23,24.0,0,34,30,-3.0,0.0,1.8
2,23,24.0,0,34,31,-3.0,0.0,1.8
2,23,24.0,0,34,33,-3.0,0.0,1.8
2,23,24.0,0,35,33,-3.0,0.0,1.8
2,23,24.0,0,36,32,-3.0,0.0,1.8
2,23,24.0,0,36,33,-3.0,0.0,1.8
2,23,24.0,0,37,32,-3.0,0.0,1.8
2,24,25.0,0,32,30,-3.0,0.0,1.8
2,24,25.0,0,33,30,-3.0,0.0,1.8
2,24,25.0,0,33,31,-3.0,0.0,1.8
2,24,25.0,0,33,32,-3.0,0.0,1.8
2,24,25.0,0,33,33,-3.0,0.0,1.8
2,24,25.0,0,34,30,-3.0,0.0,1.8
2,24,25.0,0,34,31,-3.0,0.0,1.8
2,24,25.0,0,34,33,-3.0,0.0,1.8
2,24,25.0,0,35,33,-3.0,0.0,1.8
2,24,25.0,0,36,32,-3.0,0.0,1.8
2,24,25.0,0,36,33,-3.0,0.0,1.8
2,24,25.0,0,37,32,-3.0,0.0,1.8
2,25,26.0,0,32,30,-3.0,0.0,1.8
2,25,26.0,0,33,30,-3.0,0.0,1.8
2,25,26.0,0,33,31,-3.0,0.0,1.8
2,25,26.0,0,33,32,-3.0,0.0,1.8
2,25,26.0,0,33,33,-3.0,0.0,1.8
2,25,26.0,0,34,30,-3.0,0.0,1.8
2,25,26.0,0,34,31,-3.0,0.0,1.8
2,25,26.0,0,34,33,-3.0,0.0,1.8
2,25,26.0,0,35,33,-3.0,0.0,1.8
2,25,26.0,0,36,32,-3.0,0.0,1.8
2,25,26.0,0,36,33,-3.0,0.0,1.8
2,25,26.0,0,37,32,-3.0,0.0,1.8
2,26,27.0,0,32,30,-3.0,0.0,1.8
2,26,27.0,0,33,30,-3.0,0.0,1.8
2,26,27.0,0,33,31,-3.0,0.0,1.8
2,26,27.0,0,33,32,-3.0,0.0,1.8
2,26,27.0,0,33,33,-3.0,0.0,1.8
2,26,27.0,0,34,30,-3.0,0.0,1.8
2,26,27.0,0,34,31,-3.0,0.0,1.8
2,26,27.0,0,34,33,-3.0,0.0,1.8
2,26,27.0,0,35,33,-3.0,0.0,1.8
2,26,27.0,0,36,32,-3.0,0.0,1.8
2,26,27.0,0,36,33,-3.0,0.0,1.8
2,26,27.0,0,37,32,-3.0,0.0,1.8
2,27,28.0,0,32,30,-3.0,0.0,1.8
2,27,28.0,0,33,30,-3.0,0.0,1.8
2,27,28.0,0,33,31,-3.0,0.0,1.8
2,27,28.0,0,33,32,-3.0,0.0,1.8
2,27,28.0,0,33,33,-3.0,0.0,1.8
2,27,28.0,0,34,30,-3.0,0.0,1.8
2,27,28.0,0,34,31,-3.0,0.0,1.8
2,27,28.0,0,34,33,-3.0,0.0,1.8
2,27,28.0,0,35,33,-3.0,0.0,1.8
2,27,28.0,0,36,32,-3.0,0.0,1.8
2,27,28.0,0,36,33,-3.0,0.0,1.8
2,27,28.0,0,37,32,-3.0,0.0,1.8
2,28,29.0,0,32,30,-3.0,0.0,1.8
2,28,29.0,0,33,30,-3.0,0.0,1.8
2,28,29.0,0,33,31,-3.0,0.0,1.8
2,28,29.0,0,33,32,-3.0,0.0,1.8
2,28,29.0,0,33,33,-3.0,0.0,1.8
2,28,29.0,0,34,30,-3.0,0.0,1.8
2,28,29.0,0,34,31,-3.0,0.0,1.8
2,28,29.0,0,34,33,-3.0,0.0,1.8
2,28,29.0,0,35,33,-3.0,0.0,1.8
2,28,29.0,0,36,32,-3.0,0.0,1.8
2,28,29.0,0,36,33,-3.0,0.0,1.8
2,28,29.0,0,37,32,-3.0,0.0,1.8
2,29,30.0,0,32,30,-3.0,0.0,1.8
2,29,30.0,0,33,30,-3.0,0.0,1.8
2,29,30.0,0,33,31,-3.0,0.0,1.8
2,29,30.0,0,33,32,-3.0,0.0,1.8
2,29,30.0,0,33,33,-3.0,0.0,1.8
2,29,30.0,0,34,30,-3.0,0.0,1.8
2,29,30.0,0,34,31,-3.0,0.0,1.8
2,29,30.0,0,34,33,-3.0,0.0,1.8
2,29,30.0,0,35,33,-3.0,0.0,1.8
2,29,30.0,0,36,32,-3.0,0.0,1.8
2,29,30.0,0,36,33,-3.0,0.0,1.8
2,29,30.0,0,37,32,-3.0,0.0,1.8
2,30,31.0,0,32,30,-3.0,0.0,1.8
2,30,31.0,0,33,30,-3.0,0.0,1.8
2,30,31.0,0,33,31,-3.0,0.0,1.8
2,30,31.0,0,33,32,-3.0,0.0,1.8
2,30,31.0,0,33,33,-3.0,0.0,1.8
2,30,31.0,0,34,30,-3.0,0.0,1.8
2,30,31.0,0,34,31,-3.0,0.0,1.8
2,30,31.0,0,34,33,-3.0,0.0,1.8
2,30,31.0,0,35,33,-3.0,0.0,1.8
2,30,31.0,0,36,32,-3.0,0.0,1.8
2,30,31.0,0,36,33,-3.0,0.0,1.8
2,30,31.0,0,37,32,-3.0,0.0,1.8
2,31,32.0,0,32,30,-3.0,0.0,1.8
2,31,32.0,0,33,30,-3.0,0.0,1.8
2,31,32.0,0,33,31,-3.0,0.0,1.8
2,31,32.0,0,33,32,-3.0,0.0,1.8
2,31,32.0,0,33,33,-3.0,0.0,1.8
2,31,32.0,0,34,30,-3.0,0.0,1.8
2,31,32.0,0,34,31,-3.0,0.0,1.8
2,31,32.0,0,34,33,-3.0,0.0,1.8
2,31,32.0,0,35,33,-3.0,0.0,1.8
2,31,32.0,0,36,32,-3.0,0.0,1.8
2,31,32.0,0,36,33,-3.0,0.0,1.8
2,31,32.0,0,37,32,-3.0,0.0,1.8
2,32,33.0,0,32,30,-3.0,0.0,1.8
2,32,33.0,0,33,30,-3.0,0.0,1.8
2,32,33.0,0,33,31,-3.0,0.0,1.8
2,32,33.0,0,33,32,-3.0,0.0,1.8
2,32,33.0,0,33,33,-3.0,0.0,1.8
2,32,33.0,0,34,30,-3.0,0.0,1.8
2,32,33.0,0,34,31,-3.0,0.0,1.8
2,32,33.0,0,34,33,-3.0,0.0,1.8
2,32,33.0,0,35,33,-3.0,0.0,1.8
2,32,33.0,0,36,32,-3.0,0.0,1.8
2,32,33.0,0,36,33,-3.0,0.0,1.8
2,32,33.0,0,37,32,-3.0,0.0,1.8
2,33,34.0,0,32,30,-3.0,0.0,1.8
2,33,34.0,0,33,30,-3.0,0.0,1.8
2,33,34.0,0,33,31,-3.0,0.0,1.8
2,33,34.0,0,33,32,-3.0,0.0,1.8
2,33,34.0,0,33,33,-3.0,0.0,1.8
2,33,34.0,0,34,30,-3.0,0.0,1.8
2,33,34.0,0,34,31,-3.0,0.0,1.8
2,33,34.0,0,34,33,-3.0,0.0,1.8
2,33,34.0,0,35,33,-3.0,0.0,1.8
2,33,34.0,0,36,32,-3.0,0.0,1.8
2,33,34.0,0,36,33,-3.0,0.0,1.8
2,33,34.0,0,37,32,-3.0,0.0,1.8
2,34,35.0,0,32,30,-3.0,0.0,1.8
2,34,35.0,0,33,30,-3.0,0.0,1.8
2,34,35.0,0,33,31,-3.0,0.0,1.8
2,34,35.0,0,33,32,-3.0,0.0,1.8
2,34,35.0,0,33,33,-3.0,0.0,1.8
2,34,35.0,0,34,30,-3.0,0.0,1.8
2,34,35.0,0,34,31,-3.0,0.0,1.8
2,34,35.0,0,34,33,-3.0,0.0,1.8
2,34,35.0,0,35,33,-3.0,0.0,1.8
2,34,35.0,0,36,32,-3.0,0.0,1.8
2,34,35.0,0,36,33,-3.0,0.0,1.8
2,34,35.0,0,37,32,-3.0,0.0,1.8
2,35,36.0,0,32,30,-3.0,0.0,1.8
2,35,36.0,0,33,30,-3.0,0.0,1.8
2,35,36.0,0,33,31,-3.0,0.0,1.8
2,35,36.0,0,33,32,-3.0,0.0,1.8
2,35,36.0,0,33,33,-3.0,0.0,1.8
2,35,36.0,0,34,30,-3.0,0.0,1.8
2,35,36.0,0,34,31,-3.0,0.0,1.8
2,35,36.0,0,34,33,-3.0,0.0,1.8
2,35,36.0,0,35,33,-3.0,0.0,1.8
2,35,36.0,0,36,32,-3.0,0.0,1.8
2,35,36.0,0,36,33,-3.0,0.0,1.8
2,35,36.0,0,37,32,-3.0,0.0,1.8
2,36,37.0,0,32,30,-3.0,0.0,1.8
2,36,37.0,0,33,30,-3.0,0.0,1.8
2,36,37.0,0,33,31,-3.0,0.0,1.8
2,36,37.0,0,33,32,-3.0,0.0,1.8
2,36,37.0,0,33,33,-3.0,0.0,1.8
2,36,37.0,0,34,30,-3.0,0.0,1.8
2,36,37.0,0,34,31,-3.0,0.0,1.8
2,36,37.0,0,34,33,-3.0,0.0,1.8
2,36,37.0,0,35,33,-3.0,0.0,1.8
2,36,37.0,0,36,32,-3.0,0.0,1.8
2,36,37.0,0,36,33,-3.0,0.0,1.8
2,36,37.0,0,37,32,-3.0,0.0,1.8
2,37,38.0,0,32,30,-3.0,0.0,1.8
2,37,38.0,0,33,30,-3.0,0.0,1.8
2,37,38.0,0,33,31,-3.0,0.0,1.8
2,37,38.0,0,33,32,-3.0,0.0,1.8
2,37,38.0,0,33,33,-3.0,0.0,1.8
2,37,38.0,0,34,30,-3.0,0.0,1.8
2,37,38.0,0,34,31,-3.0,0.0,1.8
2,37,38.0,0,34,33,-3.0,0.0,1.8
2,37,38.0,0,35,33,-3.0,0.0,1.8
2,37,38.0,0,36,32,-3.0,0.0,1.8
2,37,38.0,0,36,33,-3.0,0.0,1.8
2,37,38.0,0,37,32,-3.0,0.0,1.8
2,38,39.0,0,32,30,-3.0,0.0,1.8
2,38,39.0,0,33,30,-3.0,0.0,1.8
2,38,39.0,0,33,31,-3.0,0.0,1.8
2,38,39.0,0,33,32,-3.0,0.0,1.8
2,38,39.0,0,33,33,-3.0,0.0,1.8
2,38,39.0,0,34,30,-3.0,0.0,1.8
2,38,39.0,0,34,31,-3.0,0.0,1.8
2,38,39.0,0,34,33,-3.0,0.0,1.8
2,38,39.0,0,35,33,-3.0,0.0,1.8
2,38,39.0,0,36,32,-3.0,0.0,1.8
2,38,39.0,0,36,33,-3.0,0.0,1.8
2,38,39.0,0,37,32,-3.0,0.0,1.8
2,39,40.0,0,32,30,-3.0,0.0,1.8
2,39,40.0,0,33,30,-3.0,0.0,1.8
2,39,40.0,0,33,31,-3.0,0.0,1.8
2,39,40.0,0,33,32,-3.0,0.0,1.8
2,39,40.0,0,33,33,-3.0,0.0,1.8
2,39,40.0,0,34,30,-3.0,0.0,1.8
2,39,40.0,0,34,31,-3.0,0.0,1.8
2,39,40.0,0,34,33,-3.0,0.0,1.8
2,39,40.0,0,35,33,-3.0,0.0,1.8
2,39,40.0,0,36,32,-3.0,0.0,1.8
2,39,40.0,0,36,33,-3.0,0.0,1.8
2,39,40.0,0,37,32,-3.0,0.0,1.8
2,40,41.0,0,32,30,-3.0,0.0,1.8
2,40,41.0,0,33,30,-3.0,0.0,1.8
2,40,41.0,0,33,31,-3.0,0.0,1.8
2,40,41.0,0,33,32,-3.0,0.0,1.8
2,40,41.0,0,33,33,-3.0,0.0,1.8
2,40,41.0,0,34,30,-3.0,0.0,1.8
2,40,41.0,0,34,31,-3.0,0.0,1.8
2,40,41.0,0,34,33,-3.0,0.0,1.8
2,40,41.0,0,35,33,-3.0,0.0,1.8
2,40,41.0,0,36,32,-3.0,0.0,1.8
2,40,41.0,0,36,33,-3.0,0.0,1.8
2,40,41.0,0,37,32,-3.0,0.0,1.8
2,41,42.0,0,32,30,-3.0,0.0,1.8
2,41,42.0,0,33,30,-3.0,0.0,1.8
2,41,42.0,0,33,31,-3.0,0.0,1.8
2,41,42.0,0,33,32,-3.0,0.0,1.8
2,41,42.0,0,33,33,-3.0,0.0,1.8
2,41,42.0,0,34,30,-3.0,0.0,1.8
2,41,42.0,0,34,31,-3.0,0.0,1.8
2,41,42.0,0,34,33,-3.0,0.0,1.8
2,41,42.0,0,35,33,-3.0,0.0,1.8
2,41,42.0,0,36,32,-3.0,0.0,1.8
2,41,42.0,0,36,33,-3.0,0.0,1.8
2,41,42.0,0,37,32,-3.0,0.0,1.8
2,42,43.0,0,32,30,-3.0,0.0,1.8
2,42,43.0,0,33,30,-3.0,0.0,1.8
2,42,43.0,0,33,31,-3.0,0.0,1.8
2,42,43.0,0,33,32,-3.0,0.0,1.8
2,42,43.0,0,33,33,-3.0,0.0,1.8
2,42,43.0,0,34,30,-3.0,0.0,1.8
2,42,43.0,0,34,31,-3.0,0.0,1.8
2,42,43.0,0,34,33,-3.0,0.0,1.8
2,42,43.0,0,35,33,-3.0,0.0,1.8
2,42,43.0,0,36,32,-3.0,0.0,1.8
2,42,43.0,0,36,33,-3.0,0.0,1.8
2,42,43.0,0,37,32,-3.0,0.0,1.8
2,43,44.0,0,32,30,-3.0,0.0,1.8
2,43,44.0,0,33,30,-3.0,0.0,1.8
2,43,44.0,0,33,31,-3.0,0.0,1.8
2,43,44.0,0,33,32,-3.0,0.0,1.8
2,43,44.0,0,33,33,-3.0,0.0,1.8
2,43,44.0,0,34,30,-3.0,0.0,1.8
2,43,44.0,0,34,31,-3.0,0.0,1.8
2,43,44.0,0,34,33,-3.0,0.0,1.8
2,43,44.0,0,35,33,-3.0,0.0,1.8
2,43,44.0,0,36,32,-3.0,0.0,1.8
2,43,44.0,0,36,33,-3.0,0.0,1.8
2,43,44.0,0,37,32,-3.0,0.0,1.8
2,44,45.0,0,32,30,-3.0,0.0,1.8
2,44,45.0,0,33,30,-3.0,0.0,1.8
2,44,45.0,0,33,31,-3.0,0.0,1.8
2,44,45.0,0,33,32,-3.0,0.0,1.8
2,44,45.0,0,33,33,-3.0,0.0,1.8
2,44,45.0,0,34,30,-3.0,0.0,1.8
2,44,45.0,0,34,31,-3.0,0.0,1.8
2,44,45.0,0,34,33,-3.0,0.0,1.8
2,44,45.0,0,35,33,-3.0,0.0,1.8
2,44,45.0,0,36,32,-3.0,0.0,1.8
2,44,45.0,0,36,33,-3.0,0.0,1.8
2,44,45.0,0,37,32,-3.0,0.0,1.8
2,45,46.0,0,32,30,-3.0,0.0,1.8
2,45,46.0,0,33,30,-3.0,0.0,1.8
2,45,46.0,0,33,31,-3.0,0.0,1.8
2,45,46.0,0,33,32,-3.0,0.0,1.8
2,45,46.0,0,33,33,-3.0,0.0,1.8
2,45,46.0,0,34,30,-3.0,0.0,1.8
2,45,46.0,0,34,31,-3.0,0.0,1.8
2,45,46.0,0,34,33,-3.0,0.0,1.8
2,45,46.0,0,35,33,-3.0,0.0,1.8
2,45,46.0,0,36,32,-3.0,0.0,1.8
2,45,46.0,0,36,33,-3.0,0.0,1.8
2,45,46.0,0,37,32,-3.0,0.0,1.8
2,46,47.0,0,32,30,-3.0,0.0,1.8
2,46,47.0,0,33,30,-3.0,0.0,1.8
2,46,47.0,0,33,31,-3.0,0.0,1.8
2,46,47.0,0,33,32,-3.0,0.0,1.8
2,46,47.0,0,33,33,-3.0,0.0,1.8
2,46,47.0,0,34,30,-3.0,0.0,1.8
2,46,47.0,0,34,31,-3.0,0.0,1.8
2,46,47.0,0,34,33,-3.0,0.0,1.8
2,46,47.0,0,35,33,-3.0,0.0,1.8
2,46,47.0,0,36,32,-3.0,0.0,1.8
2,46,47.0,0,36,33,-3.0,0.0,1.8
2,46,47.0,0,37,32,-3.0,0.0,1.8
2,47,48.0,0,32,30,-3.0,0.0,1.8
2,47,48.0,0,33,30,-3.0,0.0,1.8
2,47,48.0,0,33,31,-3.0,0.0,1.8
2,47,48.0,0,33,32,-3.0,0.0,1.8
2,47,48.0,0,33,33,-3.0,0.0,1.8
2,47,48.0,0,34,30,-3.0,0.0,1.8
2,47,48.0,0,34,31,-3.0,0.0,1.8
2,47,48.0,0,34,33,-3.0,0.0,1.8
2,47,48.0,0,35,33,-3.0,0.0,1.8
2,47,48.0,0,36,32,-3.0,0.0,1.8
2,47,48.0,0,36,33,-3.0,0.0,1.8
2,47,48.0,0,37,32,-3.0,0.0,1.8
2,48,49.0,0,32,30,-3.0,0.0,1.8
2,48,49.0,0,33,30,-3.0,0.0,1.8
2,48,49.0,0,33,31,-3.0,0.0,1.8
2,48,49.0,0,33,32,-3.0,0.0,1.8
2,48,49.0,0,33,33,-3.0,0.0,1.8
2,48,49.0,0,34,30,-3.0,0.0,1.8
2,48,49.0,0,34,31,-3.0,0.0,1.8
2,48,49.0,0,34,33,-3.0,0.0,1.8
2,48,49.0,0,35,33,-3.0,0.0,1.8
2,48,49.0,0,36,32,-3.0,0.0,1.8
2,48,49.0,0,36,33,-3.0,0.0,1.8
2,48,49.0,0,37,32,-3.0,0.0,1.8
2,49,50.0,0,32,30,-3.0,0.0,1.8
2,49,50.0,0,33,30,-3.0,0.0,1.8
2,49,50.0,0,33,31,-3.0,0.0,1.8
2,49,50.0,0,33,32,-3.0,0.0,1.8
2,49,50.0,0,33,33,-3.0,0.0,1.8
2,49,50.0,0,34,30,-3.0,0.0,1.8
2,49,50.0,0,34,31,-3.0,0.0,1.8
2,49,50.0,0,34,33,-3.0,0.0,1.8
2,49,50.0,0,35,33,-3.0,0.0,1.8
2,49,50.0,0,36,32,-3.0,0.0,1.8
2,49,50.0,0,36,33,-3.0,0.0,1.8
2,49,50.0,0,37,32,-3.0,0.0,1.8
2,50,51.0,0,32,30,-3.0,0.0,1.8
2,50,51.0,0,33,30,-3.0,0.0,1.8
2,50,51.0,0,33,31,-3.0,0.0,1.8
2,50,51.0,0,33,32,-3.0,0.0,1.8
2,50,51.0,0,33,33,-3.0,0.0,1.8
2,50,51.0,0,34,30,-3.0,0.0,1.8
2,50,51.0,0,34,31,-3.0,0.0,1.8
2,50,51.0,0,34,33,-3.0,0.0,1.8
2,50,51.0,0,35,33,-3.0,0.0,1.8
2,50,51.0,0,36,32,-3.0,0.0,1.8
2,50,51.0,0,36,33,-3.0,0.0,1.8
2,50,51.0,0,37,32,-3.0,0.0,1.8
2,51,52.0,0,32,30,-3.0,0.0,1.8
2,51,52.0,0,33,30,-3.0,0.0,1.8
2,51,52.0,0,33,31,-3.0,0.0,1.8
2,51,52.0,0,33,32,-3.0,0.0,1.8
2,51,52.0,0,33,33,-3.0,0.0,1.8
2,51,52.0,0,34,30,-3.0,0.0,1.8
2,51,52.0,0,34,31,-3.0,0.0,1.8
2,51,52.0,0,34,33,-3.0,0.0,1.8
2,51,52.0,0,35,33,-3.0,0.0,1.8
2,51,52.0,0,36,32,-3.0,0.0,1.8
2,51,52.0,0,36,33,-3.0,0.0,1.8
2,51,52.0,0,37,32,-3.0,0.0,1.8
2,52,53.0,0,32,30,-3.0,0.0,1.8
2,52,53.0,0,33,30,-3.0,0.0,1.8
2,52,53.0,0,33,31,-3.0,0.0,1.8
2,52,53.0,0,33,32,-3.0,0.0,1.8
2,52,53.0,0,33,33,-3.0,0.0,1.8
2,52,53.0,0,34,30,-3.0,0.0,1.8
2,52,53.0,0,34,31,-3.0,0.0,1.8
2,52,53.0,0,34,33,-3.0,0.0,1.8
2,52,53.0,0,35,33,-3.0,0.0,1.8
2,52,53.0,0,36,32,-3.0,0.0,1.8
2,52,53.0,0,36,33,-3.0,0.0,1.8
2,52,53.0,0,37,32,-3.0,0.0,1.8
3,1,54.0,0,32,30,-3.0,0.0,1.8
3,1,54.0,0,33,30,-3.0,0.0,1.8
3,1,54.0,0,33,31,-3.0,0.0,1.8
3,1,54.0,0,33,32,-3.0,0.0,1.8
3,1,54.0,0,33,33,-3.0,0.0,1.8
3,1,54.0,0,34,30,-3.0,0.0,1.8
3,1,54.0,0,34,31,-3.0,0.0,1.8
3,1,54.0,0,34,33,-3.0,0.0,1.8
3,1,54.0,0,35,33,-3.0,0.0,1.8
3,1,54.0,0,36,32,-3.0,0.0,1.8
3,1,54.0,0,36,33,-3.0,0.0,1.8
3,1,54.0,0,37,32,-3.0,0.0,1.8
4,1,55.0,0,32,30,-3.0,0.0,1.8
4,1,55.0,0,33,30,-3.0,0.0,1.8
4,1,55.0,0,33,31,-3.0,0.0,1.8
4,1,55.0,0,33,32,-3.0,0.0,1.8
4,1,55.0,0,33,33,-3.0,0.0,1.8
4,1,55.0,0,34,30,-3.0,0.0,1.8
4,1,55.0,0,34,31,-3.0,0.0,1.8
4,1,55.0,0,34,33,-3.0,0.0,1.8
4,1,55.0,0,35,33,-3.0,0.0,1.8
4,1,55.0,0,36,32,-3.0,0.0,1.8
4,1,55.0,0,36,33,-3.0,0.0,1.8
4,1,55.0,0,37,32,-3.0,0.0,1.8
4,2,56.0,0,32,30,-3.0,0.0,1.8
4,2,56.0,0,33,30,-3.0,0.0,1.8
4,2,56.0,0,33,31,-3.0,0.0,1.8
4,2,56.0,0,33,32,-3.0,0.0,1.8
4,2,56.0,0,33,33,-3.0,0.0,1.8
4,2,56.0,0,34,30,-3.0,0.0,1.8
4,2,56.0,0,34,31,-3.0,0.0,1.8
4,2,56.0,0,34,33,-3.0,0.0,1.8
4,2,56.0,0,35,33,-3.0,0.0,1.8
4,2,56.0,0,36,32,-3.0,0.0,1.8
4,2,56.0,0,36,33,-3.0,0.0,1.8
4,2,56.0,0,37,32,-3.0,0.0,1.8
4,3,57.0,0,32,30,-3.0,0.0,1.8
4,3,57.0,0,33,30,-3.0,0.0,1.8
4,3,57.0,0,33,31,-3.0,0.0,1.8
4,3,57.0,0,33,32,-3.0,0.0,1.8
4,3,57.0,0,33,33,-3.0,0.0,1.8
4,3,57.0,0,34,30,-3.0,0.0,1.8
4,3,57.0,0,34,31,-3.0,0.0,1.8
4,3,57.0,0,34,33,-3.0,0.0,1.8
4,3,57.0,0,35,33,-3.0,0.0,1.8
4,3,57.0,0,36,32,-3.0,0.0,1.8
4,3,57.0,0,36,33,-3.0,0.0,1.8
4,3,57.0,0,37,32,-3.0,0.0,1.8
4,4,58.0,0,32,30,-3.0,0.0,1.8
4,4,58.0,0,33,30,-3.0,0.0,1.8
4,4,58.0,0,33,31,-3.0,0.0,1.8
4,4,58.0,0,33,32,-3.0,0.0,1.8
4,4,58.0,0,33,33,-3.0,0.0,1.8
4,4,58.0,0,34,30,-3.0,0.0,1.8
4,4,58.0,0,34,31,-3.0,0.0,1.8
4,4,58.0,0,34,33,-3.0,0.0,1.8
4,4,58.0,0,35,33,-3.0,0.0,1.8
4,4,58.0,0,36,32,-3.0,0.0,1.8
4,4,58.0,0,36,33,-3.0,0.0,1.8
4,4,58.0,0,37,32,-3.0,0.0,1.8
4,5,59.0,0,32,30,-3.0,0.0,1.8
4,5,59.0,0,33,30,-3.0,0.0,1.8
4,5,59.0,0,33,31,-3.0,0.0,1.8
4,5,59.0,0,33,32,-3.0,0.0,1.8
4,5,59.0,0,33,33,-3.0,0.0,1.8
4,5,59.0,0,34,30,-3.0,0.0,1.8
4,5,59.0,0,34,31,-3.0,0.0,1.8
4,5,59.0,0,34,33,-3.0,0.0,1.8
4,5,59.0,0,35,33,-3.0,0.0,1.8
4,5,59.0,0,36,32,-3.0,0.0,1.8
4,5,59.0,0,36,33,-3.0,0.0,1.8
4,5,59.0,0,37,32,-3.0,0.0,1.8
4,6,60.0,0,32,30,-3.0,0.0,1.8
4,6,60.0,0,33,30,-3.0,0.0,1.8
4,6,60.0,0,33,31,-3.0,0.0,1.8
4,6,60.0,0,33,32,-3.0,0.0,1.8
4,6,60.0,0,33,33,-3.0,0.0,1.8
4,6,60.0,0,34,30,-3.0,0.0,1.8
4,6,60.0,0,34,31,-3.0,0.0,1.8
4,6,60.0,0,34,33,-3.0,0.0,1.8
4,6,60.0,0,35,33,-3.0,0.0,1.8
4,6,60.0,0,36,32,-3.0,0.0,1.8
4,6,60.0,0,36,33,-3.0,0.0,1.8
4,6,60.0,0,37,32,-3.0,0.0,1.8
4,7,61.0,0,32,30,-3.0,0.0,1.8
4,7,61.0,0,33,30,-3.0,0.0,1.8
4,7,61.0,0,33,31,-3.0,0.0,1.8
4,7,61.0,0,33,32,-3.0,0.0,1.8
4,7,61.0,0,33,33,-3.0,0.0,1.8
4,7,61.0,0,34,30,-3.0,0.0,1.8
4,7,61.0,0,34,31,-3.0,0.0,1.8
4,7,61.0,0,34,33,-3.0,0.0,1.8
4,7,61.0,0,35,33,-3.0,0.0,1.8
4,7,61.0,0,36,32,-3.0,0.0,1.8
4,7,61.0,0,36,33,-3.0,0.0,1.8
4,7,61.0,0,37,32,-3.0,0.0,1.8
4,8,62.0,0,32,30,-3.0,0.0,1.8
4,8,62.0,0,33,30,-3.0,0.0,1.8
4,8,62.0,0,33,31,-3.0,0.0,1.8
4,8,62.0,0,33,32,-3.0,0.0,1.8
4,8,62.0,0,33,33,-3.0,0.0,1.8
4,8,62.0,0,34,30,-3.0,0.0,1.8
4,8,62.0,0,34,31,-3.0,0.0,1.8
4,8,62.0,0,34,33,-3.0,0.0,1.8
4,8,62.0,0,35,33,-3.0,0.0,1.8
4,8,62.0,0,36,32,-3.0,0.0,1.8
4,8,62.0,0,36,33,-3.0,0.0,1.8
4,8,62.0,0,37,32,-3.0,0.0,1.8
4,9,63.0,0,32,30,-3.0,0.0,1.8
4,9,63.0,0,33,30,-3.0,0.0,1.8
4,9,63.0,0,33,31,-3.0,0.0,1.8
4,9,63.0,0,33,32,-3.0,0.0,1.8
4,9,63.0,0,33,33,-3.0,0.0,1.8
4,9,63.0,0,34,30,-3.0,0.0,1.8
4,9,63.0,0,34,31,-3.0,0.0,1.8
4,9,63.0,0,34,33,-3.0,0.0,1.8
4,9,63.0,0,35,33,-3.0,0.0,1.8
4,9,63.0,0,36,32,-3.0,0.0,1.8
4,9,63.0,0,36,33,-3.0,0.0,1.8
4,9,63.0,0,37,32,-3.0,0.0,1.8
4,10,64.0,0,32,30,-3.0,0.0,1.8
4,10,64.0,0,33,30,-3.0,0.0,1.8
4,10,64.0,0,33,31,-3.0,0.0,1.8
4,10,64.0,0,33,32,-3.0,0.0,1.8
4,10,64.0,0,33,33,-3.0,0.0,1.8
4,10,64.0,0,34,30,-3.0,0.0,1.8
4,10,64.0,0,34,31,-3.0,0.0,1.8
4,10,64.0,0,34,33,-3.0,0.0,1.8
4,10,64.0,0,35,33,-3.0,0.0,1.8
4,10,64.0,0,36,32,-3.0,0.0,1.8
4,10,64.0,0,36,33,-3.0,0.0,1.8
4,10,64.0,0,37,32,-3.0,0.0,1.8
4,11,65.0,0,32,30,-3.0,0.0,1.8
4,11,65.0,0,33,30,-3.0,0.0,1.8
4,11,65.0,0,33,31,-3.0,0.0,1.8
4,11,65.0,0,33,32,-3.0,0.0,1.8
4,11,65.0,0,33,33,-3.0,0.0,1.8
4,11,65.0,0,34,30,-3.0,0.0,1.8
4,11,65.0,0,34,31,-3.0,0.0,1.8
4,11,65.0,0,34,33,-3.0,0.0,1.8
4,11,65.0,0,35,33,-3.0,0.0,1.8
4,11,65.0,0,36,32,-3.0,0.0,1.8
4,11,65.0,0,36,33,-3.0,0.0,1.8
4,11,65.0,0,37,32,-3.0,0.0,1.8
4,12,66.0,0,32,30,-3.0,0.0,1.8
4,12,66.0,0,33,30,-3.0,0.0,1.8
4,12,66.0,0,33,31,-3.0,0.0,1.8
4,12,66.0,0,33,32,-3.0,0.0,1.8
4,12,66.0,0,33,33,-3.0,0.0,1.8
4,12,66.0,0,34,30,-3.0,0.0,1.8
4,12,66.0,0,34,31,-3.0,0.0,1.8
4,12,66.0,0,34,33,-3.0,0.0,1.8
4,12,66.0,0,35,33,-3.0,0.0,1.8
4,12,66.0,0,36,32,-3.0,0.0,1.8
4,12,66.0,0,36,33,-3.0,0.0,1.8
4,12,66.0,0,37,32,-3.0,0.0,1.8
4,13,67.0,0,32,30,-3.0,0.0,1.8
4,13,67.0,0,33,30,-3.0,0.0,1.8
4,13,67.0,0,33,31,-3.0,0.0,1.8
4,13,67.0,0,33,32,-3.0,0.0,1.8
4,13,67.0,0,33,33,-3.0,0.0,1.8
4,13,67.0,0,34,30,-3.0,0.0,1.8
4,13,67.0,0,34,31,-3.0,0.0,1.8
4,13,67.0,0,34,33,-3.0,0.0,1.8
4,13,67.0,0,35,33,-3.0,0.0,1.8
4,13,67.0,0,36,32,-3.0,0.0,1.8
4,13,67.0,0,36,33,-3.0,0.0,1.8
4,13,67.0,0,37,32,-3.0,0.0,1.8
4,14,68.0,0,32,30,-3.0,0.0,1.8
4,14,68.0,0,33,30,-3.0,0.0,1.8
4,14,68.0,0,33,31,-3.0,0.0,1.8
4,14,68.0,0,33,32,-3.0,0.0,1.8
4,14,68.0,0,33,33,-3.0,0.0,1.8
4,14,68.0,0,34,30,-3.0,0.0,1.8
4,14,68.0,0,34,31,-3.0,0.0,1.8
4,14,68.0,0,34,33,-3.0,0.0,1.8
4,14,68.0,0,35,33,-3.0,0.0,1.8
4,14,68.0,0,36,32,-3.0,0.0,1.8
4,14,68.0,0,36,33,-3.0,0.0,1.8
4,14,68.0,0,37,32,-3.0,0.0,1.8
4,15,69.0,0,32,30,-3.0,0.0,1.8
4,15,69.0,0,33,30,-3.0,0.0,1.8
4,15,69.0,0,33,31,-3.0,0.0,1.8
4,15,69.0,0,33,32,-3.0,0.0,1.8
4,15,69.0,0,33,33,-3.0,0.0,1.8
4,15,69.0,0,34,30,-3.0,0.0,1.8
4,15,69.0,0,34,31,-3.0,0.0,1.8
4,15,69.0,0,34,33,-3.0,0.0,1.8
4,15,69.0,0,35,33,-3.0,0.0,1.8
4,15,69.0,0,36,32,-3.0,0.0,1.8
4,15,69.0,0,36,33,-3.0,0.0,1.8
4,15,69.0,0,37,32,-3.0,0.0,1.8
4,16,70.0,0,32,30,-3.0,0.0,1.8
4,16,70.0,0,33,30,-3.0,0.0,1.8
4,16,70.0,0,33,31,-3.0,0.0,1.8
4,16,70.0,0,33,32,-3.0,0.0,1.8
4,16,70.0,0,33,33,-3.0,0.0,1.8
4,16,70.0,0,34,30,-3.0,0.0,1.8
4,16,70.0,0,34,31,-3.0,0.0,1.8
4,16,70.0,0,34,33,-3.0,0.0,1.8
4,16,70.0,0,35,33,-3.0,0.0,1.8
4,16,70.0,0,36,32,-3.0,0.0,1.8
4,16,70.0,0,36,33,-3.0,0.0,1.8
4,16,70.0,0,37,32,-3.0,0.0,1.8
4,17,71.0,0,32,30,-3.0,0.0,1.8
4,17,71.0,0,33,30,-3.0,0.0,1.8
4,17,71.0,0,33,31,-3.0,0.0,1.8
4,17,71.0,0,33,32,-3.0,0.0,1.8
4,17,71.0,0,33,33,-3.0,0.0,1.8
4,17,71.0,0,34,30,-3.0,0.0,1.8
4,17,71.0,0,34,31,-3.0,0.0,1.8
4,17,71.0,0,34,33,-3.0,0.0,1.8
4,17,71.0,0,35,33,-3.0,0.0,1.8
4,17,71.0,0,36,32,-3.0,0.0,1.8
4,17,71.0,0,36,33,-3.0,0.0,1.8
4,17,71.0,0,37,32,-3.0,0.0,1.8
4,18,72.0,0,32,30,-3.0,0.0,1.8
4,18,72.0,0,33,30,-3.0,0.0,1.8
4,18,72.0,0,33,31,-3.0,0.0,1.8
4,18,72.0,0,33,32,-3.0,0.0,1.8
4,18,72.0,0,33,33,-3.0,0.0,1.8
4,18,72.0,0,34,30,-3.0,0.0,1.8
4,18,72.0,0,34,31,-3.0,0.0,1.8
4,18,72.0,0,34,33,-3.0,0.0,1.8
4,18,72.0,0,35,33,-3.0,0.0,1.8
4,18,72.0,0,36,32,-3.0,0.0,1.8
4,18,72.0,0,36,33,-3.0,0.0,1.8
4,18,72.0,0,37,32,-3.0,0.0,1.8
4,19,73.0,0,32,30,-3.0,0.0,1.8
4,19,73.0,0,33,30,-3.0,0.0,1.8
4,19,73.0,0,33,31,-3.0,0.0,1.8
4,19,73.0,0,33,32,-3.0,0.0,1.8
4,19,73.0,0,33,33,-3.0,0.0,1.8
4,19,73.0,0,34,30,-3.0,0.0,1.8
4,19,73.0,0,34,31,-3.0,0.0,1.8
4,19,73.0,0,34,33,-3.0,0.0,1.8
4,19,73.0,0,35,33,-3.0,0.0,1.8
4,19,73.0,0,36,32,-3.0,0.0,1.8
4,19,73.0,0,36,33,-3.0,0.0,1.8
4,19,73.0,0,37,32,-3.0,0.0,1.8
4,20,74.0,0,32,30,-3.0,0.0,1.8
4,20,74.0,0,33,30,-3.0,0.0,1.8
4,20,74.0,0,33,31,-3.0,0.0,1.8
4,20,74.0,0,33,32,-3.0,0.0,1.8
4,20,74.0,0,33,33,-3.0,0.0,1.8
4,20,74.0,0,34,30,-3.0,0.0,1.8
4,20,74.0,0,34,31,-3.0,0.0,1.8
4,20,74.0,0,34,33,-3.0,0.0,1.8
4,20,74.0,0,35,33,-3.0,0.0,1.8
4,20,74.0,0,36,32,-3.0,0.0,1.8
4,20,74.0,0,36,33,-3.0,0.0,1.8
4,20,74.0,0,37,32,-3.0,0.0,1.8
4,21,75.0,0,32,30,-3.0,0.0,1.8
4,21,75.0,0,33,30,-3.0,0.0,1.8
4,21,75.0,0,33,31,-3.0,0.0,1.8
4,21,75.0,0,33,32,-3.0,0.0,1.8
4,21,75.0,0,33,33,-3.0,0.0,1.8
4,21,75.0,0,34,30,-3.0,0.0,1.8
4,21,75.0,0,34,31,-3.0,0.0,1.8
4,21,75.0,0,34,33,-3.0,0.0,1.8
4,21,75.0,0,35,33,-3.0,0.0,1.8
4,21,75.0,0,36,32,-3.0,0.0,1.8
4,21,75.0,0,36,33,-3.0,0.0,1.8
4,21,75.0,0,37,32,-3.0,0.0,1.8
4,22,76.0,0,32,30,-3.0,0.0,1.8
4,22,76.0,0,33,30,-3.0,0.0,1.8
4,22,76.0,0,33,31,-3.0,0.0,1.8
4,22,76.0,0,33,32,-3.0,0.0,1.8
4,22,76.0,0,33,33,-3.0,0.0,1.8
4,22,76.0,0,34,30,-3.0,0.0,1.8
4,22,76.0,0,34,31,-3.0,0.0,1.8
4,22,76.0,0,34,33,-3.0,0.0,1.8
4,22,76.0,0,35,33,-3.0,0.0,1.8
4,22,76.0,0,36,32,-3.0,0.0,1.8
4,22,76.0,0,36,33,-3.0,0.0,1.8
4,22,76.0,0,37,32,-3.0,0.0,1.8
4,23,77.0,0,32,30,-3.0,0.0,1.8
4,23,77.0,0,33,30,-3.0,0.0,1.8
4,23,77.0,0,33,31,-3.0,0.0,1.8
4,23,77.0,0,33,32,-3.0,0.0,1.8
4,23,77.0,0,33,33,-3.0,0.0,1.8
4,23,77.0,0,34,30,-3.0,0.0,1.8
4,23,77.0,0,34,31,-3.0,0.0,1.8
4,23,77.0,0,34,33,-3.0,0.0,1.8
4,23,77.0,0,35,33,-3.0,0.0,1.8
4,23,77.0,0,36,32,-3.0,0.0,1.8
4,23,77.0,0,36,33,-3.0,0.0,1.8
4,23,77.0,0,37,32,-3.0,0.0,1.8
4,24,78.0,0,32,30,-3.0,0.0,1.8
4,24,78.0,0,33,30,-3.0,0.0,1.8
4,24,78.0,0,33,31,-3.0,0.0,1.8
4,24,78.0,0,33,32,-3.0,0.0,1.8
4,24,78.0,0,33,33,-3.0,0.0,1.8
4,24,78.0,0,34,30,-3.0,0.0,1.8
4,24,78.0,0,34,31,-3.0,0.0,1.8
4,24,78.0,0,34,33,-3.0,0.0,1.8
4,24,78.0,0,35,33,-3.0,0.0,1.8
4,24,78.0,0,36,32,-3.0,0.0,1.8
4,24,78.0,0,36,33,-3.0,0.0,1.8
4,24,78.0,0,37,32,-3.0,0.0,1.8
4,25,79.0,0,32,30,-3.0,0.0,1.8
4,25,79.0,0,33,30,-3.0,0.0,1.8
4,25,79.0,0,33,31,-3.0,0.0,1.8
4,25,79.0,0,33,32,-3.0,0.0,1.8
4,25,79.0,0,33,33,-3.0,0.0,1.8
4,25,79.0,0,34,30,-3.0,0.0,1.8
4,25,79.0,0,34,31,-3.0,0.0,1.8
4,25,79.0,0,34,33,-3.0,0.0,1.8
4,25,79.0,0,35,33,-3.0,0.0,1.8
4,25,79.0,0,36,32,-3.0,0.0,1.8
4,25,79.0,0,36,33,-3.0,0.0,1.8
4,25,79.0,0,37,32,-3.0,0.0,1.8
4,26,80.0,0,32,30,-3.0,0.0,1.8
4,26,80.0,0,33,30,-3.0,0.0,1.8
4,26,80.0,0,33,31,-3.0,0.0,1.8
4,26,80.0,0,33,32,-3.0,0.0,1.8
4,26,80.0,0,33,33,-3.0,0.0,1.8
4,26,80.0,0,34,30,-3.0,0.0,1.8
4,26,80.0,0,34,31,-3.0,0.0,1.8
4,26,80.0,0,34,33,-3.0,0.0,1.8
4,26,80.0,0,35,33,-3.0,0.0,1.8
4,26,80.0,0,36,32,-3.0,0.0,1.8
4,26,80.0,0,36,33,-3.0,0.0,1.8
4,26,80.0,0,37,32,-3.0,0.0,1.8
4,27,81.0,0,32,30,-3.0,0.0,1.8
4,27,81.0,0,33,30,-3.0,0.0,1.8
4,27,81.0,0,33,31,-3.0,0.0,1.8
4,27,81.0,0,33,32,-3.0,0.0,1.8
4,27,81.0,0,33,33,-3.0,0.0,1.8
4,27,81.0,0,34,30,-3.0,0.0,1.8
4,27,81.0,0,34,31,-3.0,0.0,1.8
4,27,81.0,0,34,33,-3.0,0.0,1.8
4,27,81.0,0,35,33,-3.0,0.0,1.8
4,27,81.0,0,36,32,-3.0,0.0,1.8
4,27,81.0,0,36,33,-3.0,0.0,1.8
4,27,81.0,0,37,32,-3.0,0.0,1.8
4,28,82.0,0,32,30,-3.0,0.0,1.8
4,28,82.0,0,33,30,-3.0,0.0,1.8
4,28,82.0,0,33,31,-3.0,0.0,1.8
4,28,82.0,0,33,32,-3.0,0.0,1.8
4,28,82.0,0,33,33,-3.0,0.0,1.8
4,28,82.0,0,34,30,-3.0,0.0,1.8
4,28,82.0,0,34,31,-3.0,0.0,1.8
4,28,82.0,0,34,33,-3.0,0.0,1.8
4,28,82.0,0,35,33,-3.0,0.0,1.8
4,28,82.0,0,36,32,-3.0,0.0,1.8
4,28,82.0,0,36,33,-3.0,0.0,1.8
4,28,82.0,0,37,32,-3.0,0.0,1.8
4,29,83.0,0,32,30,-3.0,0.0,1.8
4,29,83.0,0,33,30,-3.0,0.0,1.8
4,29,83.0,0,33,31,-3.0,0.0,1.8
4,29,83.0,0,33,32,-3.0,0.0,1.8
4,29,83.0,0,33,33,-3.0,0.0,1.8
4,29,83.0,0,34,30,-3.0,0.0,1.8
4,29,83.0,0,34,31,-3.0,0.0,1.8
4,29,83.0,0,34,33,-3.0,0.0,1.8
4,29,83.0,0,35,33,-3.0,0.0,1.8
4,29,83.0,0,36,32,-3.0,0.0,1.8
4,29,83.0,0,36,33,-3.0,0.0,1.8
4,29,83.0,0,37,32,-3.0,0.0,1.8
4,30,84.0,0,32,30,-3.0,0.0,1.8
4,30,84.0,0,33,30,-3.0,0.0,1.8
4,30,84.0,0,33,31,-3.0,0.0,1.8
4,30,84.0,0,33,32,-3.0,0.0,1.8
4,30,84.0,0,33,33,-3.0,0.0,1.8
4,30,84.0,0,34,30,-3.0,0.0,1.8
4,30,84.0,0,34,31,-3.0,0.0,1.8
4,30,84.0,0,34,33,-3.0,0.0,1.8
4,30,84.0,0,35,33,-3.0,0.0,1.8
4,30,84.0,0,36,32,-3.0,0.0,1.8
4,30,84.0,0,36,33,-3.0,0.0,1.8
4,30,84.0,0,37,32,-3.0,0.0,1.8
4,31,85.0,0,32,30,-3.0,0.0,1.8
4,31,85.0,0,33,30,-3.0,0.0,1.8
4,31,85.0,0,33,31,-3.0,0.0,1.8
4,31,85.0,0,33,32,-3.0,0.0,1.8
4,31,85.0,0,33,33,-3.0,0.0,1.8
4,31,85.0,0,34,30,-3.0,0.0,1.8
4,31,85.0,0,34,31,-3.0,0.0,1.8
4,31,85.0,0,34,33,-3.0,0.0,1.8
4,31,85.0,0,35,33,-3.0,0.0,1.8
4,31,85.0,0,36,32,-3.0,0.0,1.8
4,31,85.0,0,36,33,-3.0,0.0,1.8
4,31,85.0,0,37,32,-3.0,0.0,1.8
4,32,86.0,0,32,30,-3.0,0.0,1.8
4,32,86.0,0,33,30,-3.0,0.0,1.8
4,32,86.0,0,33,31,-3.0,0.0,1.8
4,32,86.0,0,33,32,-3.0,0.0,1.8
4,32,86.0,0,33,33,-3.0,0.0,1.8
4,32,86.0,0,34,30,-3.0,0.0,1.8
4,32,86.0,0,34,31,-3.0,0.0,1.8
4,32,86.0,0,34,33,-3.0,0.0,1.8
4,32,86.0,0,35,33,-3.0,0.0,1.8
4,32,86.0,0,36,32,-3.0,0.0,1.8
4,32,86.0,0,36,33,-3.0,0.0,1.8
4,32,86.0,0,37,32,-3.0,0.0,1.8
4,33,87.0,0,32,30,-3.0,0.0,1.8
4,33,87.0,0,33,30,-3.0,0.0,1.8
4,33,87.0,0,33,31,-3.0,0.0,1.8
4,33,87.0,0,33,32,-3.0,0.0,1.8
4,33,87.0,0,33,33,-3.0,0.0,1.8
4,33,87.0,0,34,30,-3.0,0.0,1.8
4,33,87.0,0,34,31,-3.0,0.0,1.8
4,33,87.0,0,34,33,-3.0,0.0,1.8
4,33,87.0,0,35,33,-3.0,0.0,1.8
4,33,87.0,0,36,32,-3.0,0.0,1.8
4,33,87.0,0,36,33,-3.0,0.0,1.8
4,33,87.0,0,37,32,-3.0,0.0,1.8
4,34,88.0,0,32,30,-3.0,0.0,1.8
4,34,88.0,0,33,30,-3.0,0.0,1.8
4,34,88.0,0,33,31,-3.0,0.0,1.8
4,34,88.0,0,33,32,-3.0,0.0,1.8
4,34,88.0,0,33,33,-3.0,0.0,1.8
4,34,88.0,0,34,30,-3.0,0.0,1.8
4,34,88.0,0,34,31,-3.0,0.0,1.8
4,34,88.0,0,34,33,-3.0,0.0,1.8
4,34,88.0,0,35,33,-3.0,0.0,1.8
4,34,88.0,0,36,32,-3.0,0.0,1.8
4,34,88.0,0,36,33,-3.0,0.0,1.8
4,34,88.0,0,37,32,-3.0,0.0,1.8
4,35,89.0,0,32,30,-3.0,0.0,1.8
4,35,89.0,0,33,30,-3.0,0.0,1.8
4,35,89.0,0,33,31,-3.0,0.0,1.8
4,35,89.0,0,33,32,-3.0,0.0,1.8
4,35,89.0,0,33,33,-3.0,0.0,1.8
4,35,89.0,0,34,30,-3.0,0.0,1.8
4,35,89.0,0,34,31,-3.0,0.0,1.8
4,35,89.0,0,34,33,-3.0,0.0,1.8
4,35,89.0,0,35,33,-3.0,0.0,1.8
4,35,89.0,0,36,32,-3.0,0.0,1.8
4,35,89.0,0,36,33,-3.0,0.0,1.8
4,35,89.0,0,37,32,-3.0,0.0,1.8
4,36,90.0,0,32,30,-3.0,0.0,1.8
4,36,90.0,0,33,30,-3.0,0.0,1.8
4,36,90.0,0,33,31,-3.0,0.0,1.8
4,36,90.0,0,33,32,-3.0,0.0,1.8
4,36,90.0,0,33,33,-3.0,0.0,1.8
4,36,90.0,0,34,30,-3.0,0.0,1.8
4,36,90.0,0,34,31,-3.0,0.0,1.8
4,36,90.0,0,34,33,-3.0,0.0,1.8
4,36,90.0,0,35,33,-3.0,0.0,1.8
4,36,90.0,0,36,32,-3.0,0.0,1.8
4,36,90.0,0,36,33,-3.0,0.0,1.8
4,36,90.0,0,37,32,-3.0,0.0,1.8
4,37,91.0,0,32,30,-3.0,0.0,1.8
4,37,91.0,0,33,30,-3.0,0.0,1.8
4,37,91.0,0,33,31,-3.0,0.0,1.8
4,37,91.0,0,33,32,-3.0,0.0,1.8
4,37,91.0,0,33,33,-3.0,0.0,1.8
4,37,91.0,0,34,30,-3.0,0.0,1.8
4,37,91.0,0,34,31,-3.0,0.0,1.8
4,37,91.0,0,34,33,-3.0,0.0,1.8
4,37,91.0,0,35,33,-3.0,0.0,1.8
4,37,91.0,0,36,32,-3.0,0.0,1.8
4,37,91.0,0,36,33,-3.0,0.0,1.8
4,37,91.0,0,37,32,-3.0,0.0,1.8
4,38,92.0,0,32,30,-3.0,0.0,1.8
4,38,92.0,0,33,30,-3.0,0.0,1.8
4,38,92.0,0,33,31,-3.0,0.0,1.8
4,38,92.0,0,33,32,-3.0,0.0,1.8
4,38,92.0,0,33,33,-3.0,0.0,1.8
4,38,92.0,0,34,30,-3.0,0.0,1.8
4,38,92.0,0,34,31,-3.0,0.0,1.8
4,38,92.0,0,34,33,-3.0,0.0,1.8
4,38,92.0,0,35,33,-3.0,0.0,1.8
4,38,92.0,0,36,32,-3.0,0.0,1.8
4,38,92.0,0,36,33,-3.0,0.0,1.8
4,38,92.0,0,37,32,-3.0,0.0,1.8
4,39,93.0,0,32,30,-3.0,0.0,1.8
4,39,93.0,0,33,30,-3.0,0.0,1.8
4,39,93.0,0,33,31,-3.0,0.0,1.8
4,39,93.0,0,33,32,-3.0,0.0,1.8
4,39,93.0,0,33,33,-3.0,0.0,1.8
4,39,93.0,0,34,30,-3.0,0.0,1.8
4,39,93.0,0,34,31,-3.0,0.0,1.8
4,39,93.0,0,34,33,-3.0,0.0,1.8
4,39,93.0,0,35,33,-3.0,0.0,1.8
4,39,93.0,0,36,32,-3.0,0.0,1.8
4,39,93.0,0,36,33,-3.0,0.0,1.8
4,39,93.0,0,37,32,-3.0,0.0,1.8
4,40,94.0,0,32,30,-3.0,0.0,1.8
4,40,94.0,0,33,30,-3.0,0.0,1.8
4,40,94.0,0,33,31,-3.0,0.0,1.8
4,40,94.0,0,33,32,-3.0,0.0,1.8
4,40,94.0,0,33,33,-3.0,0.0,1.8
4,40,94.0,0,34,30,-3.0,0.0,1.8
4,40,94.0,0,34,31,-3.0,0.0,1.8
4,40,94.0,0,34,33,-3.0,0.0,1.8
4,40,94.0,0,35,33,-3.0,0.0,1.8
4,40,94.0,0,36,32,-3.0,0.0,1.8
4,40,94.0,0,36,33,-3.0,0.0,1.8
4,40,94.0,0,37,32,-3.0,0.0,1.8
4,41,95.0,0,32,30,-3.0,0.0,1.8
4,41,95.0,0,33,30,-3.0,0.0,1.8
4,41,95.0,0,33,31,-3.0,0.0,1.8
4,41,95.0,0,33,32,-3.0,0.0,1.8
4,41,95.0,0,33,33,-3.0,0.0,1.8
4,41,95.0,0,34,30,-3.0,0.0,1.8
4,41,95.0,0,34,31,-3.0,0.0,1.8
4,41,95.0,0,34,33,-3.0,0.0,1.8
4,41,95.0,0,35,33,-3.0,0.0,1.8
4,41,95.0,0,36,32,-3.0,0.0,1.8
4,41,95.0,0,36,33,-3.0,0.0,1.8
4,41,95.0,0,37,32,-3.0,0.0,1.8
4,42,96.0,0,32,30,-3.0,0.0,1.8
4,42,96.0,0,33,30,-3.0,0.0,1.8
4,42,96.0,0,33,31,-3.0,0.0,1.8
4,42,96.0,0,33,32,-3.0,0.0,1.8
4,42,96.0,0,33,33,-3.0,0.0,1.8
4,42,96.0,0,34,30,-3.0,0.0,1.8
4,42,96.0,0,34,31,-3.0,0.0,1.8
4,42,96.0,0,34,33,-3.0,0.0,1.8
4,42,96.0,0,35,33,-3.0,0.0,1.8
4,42,96.0,0,36,32,-3.0,0.0,1.8
4,42,96.0,0,36,33,-3.0,0.0,1.8
4,42,96.0,0,37,32,-3.0,0.0,1.8
4,43,97.0,0,32,30,-3.0,0.0,1.8
4,43,97.0,0,33,30,-3.0,0.0,1.8
4,43,97.0,0,33,31,-3.0,0.0,1.8
4,43,97.0,0,33,32,-3.0,0.0,1.8
4,43,97.0,0,33,33,-3.0,0.0,1.8
4,43,97.0,0,34,30,-3.0,0.0,1.8
4,43,97.0,0,34,31,-3.0,0.0,1.8
4,43,97.0,0,34,33,-3.0,0.0,1.8
4,43,97.0,0,35,33,-3.0,0.0,1.8
4,43,97.0,0,36,32,-3.0,0.0,1.8
4,43,97.0,0,36,33,-3.0,0.0,1.8
4,43,97.0,0,37,32,-3.0,0.0,1.8
4,44,98.0,0,32,30,-3.0,0.0,1.8
4,44,98.0,0,33,30,-3.0,0.0,1.8
4,44,98.0,0,33,31,-3.0,0.0,1.8
4,44,98.0,0,33,32,-3.0,0.0,1.8
4,44,98.0,0,33,33,-3.0,0.0,1.8
4,44,98.0,0,34,30,-3.0,0.0,1.8
4,44,98.0,0,34,31,-3.0,0.0,1.8
4,44,98.0,0,34,33,-3.0,0.0,1.8
4,44,98.0,0,35,33,-3.0,0.0,1.8
4,44,98.0,0,36,32,-3.0,0.0,1.8
4,44,98.0,0,36,33,-3.0,0.0,1.8
4,44,98.0,0,37,32,-3.0,0.0,1.8
4,45,99.0,0,32,30,-3.0,0.0,1.8
4,45,99.0,0,33,30,-3.0,0.0,1.8
4,45,99.0,0,33,31,-3.0,0.0,1.8
4,45,99.0,0,33,32,-3.0,0.0,1.8
4,45,99.0,0,33,33,-3.0,0.0,1.8
4,45,99.0,0,34,30,-3.0,0.0,1.8
4,45,99.0,0,34,31,-3.0,0.0,1.8
4,45,99.0,0,34,33,-3.0,0.0,1.8
4,45,99.0,0,35,33,-3.0,0.0,1.8
4,45,99.0,0,36,32,-3.0,0.0,1.8
4,45,99.0,0,36,33,-3.0,0.0,1.8
4,45,99.0,0,37,32,-3.0,0.0,1.8
4,46,100.0,0,32,30,-3.0,0.0,1.8
4,46,100.0,0,33,30,-3.0,0.0,1.8
4,46,100.0,0,33,31,-3.0,0.0,1.8
4,46,100.0,0,33,32,-3.0,0.0,1.8
4,46,100.0,0,33,33,-3.0,0.0,1.8
4,46,100.0,0,34,30,-3.0,0.0,1.8
4,46,100.0,0,34,31,-3.0,0.0,1.8
4,46,100.0,0,34,33,-3.0,0.0,1.8
4,46,100.0,0,35,33,-3.0,0.0,1.8
4,46,100.0,0,36,32,-3.0,0.0,1.8
4,46,100.0,0,36,33,-3.0,0.0,1.8
4,46,100.0,0,37,32,-3.0,0.0,1.8
4,47,101.0,0,32,30,-3.0,0.0,1.8
4,47,101.0,0,33,30,-3.0,0.0,1.8
4,47,101.0,0,33,31,-3.0,0.0,1.8
4,47,101.0,0,33,32,-3.0,0.0,1.8
4,47,101.0,0,33,33,-3.0,0.0,1.8
4,47,101.0,0,34,30,-3.0,0.0,1.8
4,47,101.0,0,34,31,-3.0,0.0,1.8
4,47,101.0,0,34,33,-3.0,0.0,1.8
4,47,101.0,0,35,33,-3.0,0.0,1.8
4,47,101.0,0,36,32,-3.0,0.0,1.8
4,47,101.0,0,36,33,-3.0,0.0,1.8
4,47,101.0,0,37,32,-3.0,0.0,1.8
4,48,102.0,0,32,30,-3.0,0.0,1.8
4,48,102.0,0,33,30,-3.0,0.0,1.8
4,48,102.0,0,33,31,-3.0,0.0,1.8
4,48,102.0,0,33,32,-3.0,0.0,1.8
4,48,102.0,0,33,33,-3.0,0.0,1.8
4,48,102.0,0,34,30,-3.0,0.0,1.8
4,48,102.0,0,34,31,-3.0,0.0,1.8
4,48,102.0,0,34,33,-3.0,0.0,1.8
4,48,102.0,0,35,33,-3.0,0.0,1.8
4,48,102.0,0,36,32,-3.0,0.0,1.8
4,48,102.0,0,36,33,-3.0,0.0,1.8
4,48,102.0,0,37,32,-3.0,0.0,1.8
4,49,103.0,0,32,30,-3.0,0.0,1.8
4,49,103.0,0,33,30,-3.0,0.0,1.8
4,49,103.0,0,33,31,-3.0,0.0,1.8
4,49,103.0,0,33,32,-3.0,0.0,1.8
4,49,103.0,0,33,33,-3.0,0.0,1.8
4,49,103.0,0,34,30,-3.0,0.0,1.8
4,49,103.0,0,34,31,-3.0,0.0,1.8
4,49,103.0,0,34,33,-3.0,0.0,1.8
4,49,103.0,0,35,33,-3.0,0.0,1.8
4,49,103.0,0,36,32,-3.0,0.0,1.8
4,49,103.0,0,36,33,-3.0,0.0,1.8
4,49,103.0,0,37,32,-3.0,0.0,1.8
4,50,104.0,0,32,30,-3.0,0.0,1.8
4,50,104.0,0,33,30,-3.0,0.0,1.8
4,50,104.0,0,33,31,-3.0,0.0,1.8
4,50,104.0,0,33,32,-3.0,0.0,1.8
4,50,104.0,0,33,33,-3.0,0.0,1.8
4,50,104.0,0,34,30,-3.0,0.0,1.8
4,50,104.0,0,34,31,-3.0,0.0,1.8
4,50,104.0,0,34,33,-3.0,0.0,1.8
4,50,104.0,0,35,33,-3.0,0.0,1.8
4,50,104.0,0,36,32,-3.0,0.0,1.8
4,50,104.0,0,36,33,-3.0,0.0,1.8
4,50,104.0,0,37,32,-3.0,0.0,1.8
4,51,105.0,0,32,30,-3.0,0.0,1.8
4,51,105.0,0,33,30,-3.0,0.0,1.8
4,51,105.0,0,33,31,-3.0,0.0,1.8
4,51,105.0,0,33,32,-3.0,0.0,1.8
4,51,105.0,0,33,33,-3.0,0.0,1.8
4,51,105.0,0,34,30,-3.0,0.0,1.8
4,51,105.0,0,34,31,-3.0,0.0,1.8
4,51,105.0,0,34,33,-3.0,0.0,1.8
4,51,105.0,0,35,33,-3.0,0.0,1.8
4,51,105.0,0,36,32,-3.0,0.0,1.8
4,51,105.0,0,36,33,-3.0,0.0,1.8
4,51,105.0,0,37,32,-3.0,0.0,1.8
4,52,106.0,0,32,30,-3.0,0.0,1.8
4,52,106.0,0,33,30,-3.0,0.0,1.8
4,52,106.0,0,33,31,-3.0,0.0,1.8
4,52,106.0,0,33,32,-3.0,0.0,1.8
4,52,106.0,0,33,33,-3.0,0.0,1.8
4,52,106.0,0,34,30,-3.0,0.0,1.8
4,52,106.0,0,34,31,-3.0,0.0,1.8
4,52,106.0,0,34,33,-3.0,0.0,1.8
4,52,106.0,0,35,33,-3.0,0.0,1.8
4,52,106.0,0,36,32,-3.0,0.0,1.8
4,52,106.0,0,36,33,-3.0,0.0,1.8
4,52,106.0,0,37,32,-3.0,0.0,1.8
