kper,kstp,time,k,i,j,SPq
1,1,1.0,0,12,18,0.1724890732808646
1,1,1.0,0,12,24,-1.1876225438869596
1,1,1.0,0,12,25,-1.5282674904359226
1,1,1.0,0,13,19,-0.5737295315503914
1,1,1.0,0,13,23,-1.4074676001255852
1,1,1.0,0,13,26,-1.9815991902427186
1,1,1.0,0,14,19,-1.199214013127552
1,1,1.0,0,14,20,-1.3136291983285133
1,1,1.0,0,14,21,-1.4812586510546595
1,1,1.0,0,14,22,-1.760994739324417
1,1,1.0,0,14,26,-2.164502294308477
1,1,1.0,0,15,27,-2.7033306939572412
1,1,1.0,0,16,27,-2.704730429015939
1,1,1.0,0,17,27,-2.9446256090281224
1,1,1.0,0,18,27,-3.5796423461938645
1,1,1.0,0,19,25,-2.9833189034332577
1,1,1.0,0,19,26,-3.3749760765659005
1,1,1.0,0,20,24,-2.9751738210384886
1,1,1.0,0,21,24,-2.7176329152800136
1,1,1.0,0,22,24,-3.2771082827866493
1,1,1.0,0,23,23,-4.386793536328323
2,1,2.0,0,12,18,0.17380650055958569
2,1,2.0,0,12,24,-1.182944505136419
2,1,2.0,0,12,25,-1.52300700842963
2,1,2.0,0,13,19,-0.5723608281733874
2,1,2.0,0,13,23,-1.403735814610343
2,1,2.0,0,13,26,-1.976255705373319
2,1,2.0,0,14,19,-1.1980240229305466
2,1,2.0,0,14,20,-1.3118585333807289
2,1,2.0,0,14,21,-1.4789793114257748
2,1,2.0,0,14,22,-1.758227743040166
2,1,2.0,0,14,26,-2.159969495093435
2,1,2.0,0,15,27,-2.6990254333374253
2,1,2.0,0,16,27,-2.700984531179415
2,1,2.0,0,17,27,-2.9413561182875867
2,1,2.0,0,18,27,-3.5768187070231505
2,1,2.0,0,19,25,-2.981431790164649
2,1,2.0,0,19,26,-3.372876904063162
2,1,2.0,0,20,24,-2.9739471621843947
2,1,2.0,0,21,24,-2.716794388901185
2,1,2.0,0,22,24,-3.2765204634385228
2,1,2.0,0,23,23,-4.386360009167117
2,2,3.0,0,12,18,0.17520067455447474
2,2,3.0,0,12,24,-1.1789075119866936
2,2,3.0,0,12,25,-1.518508672256985
2,2,3.0,0,13,19,-0.5710624496600758
2,2,3.0,0,13,23,-1.4004060936063638
2,2,3.0,0,13,26,-1.9716970253667796
2,2,3.0,0,14,19,-1.1968911010035015
2,2,3.0,0,14,20,-1.310210869613627
2,2,3.0,0,14,21,-1.476889158194453
2,2,3.0,0,14,22,-1.7557056219030613
2,2,3.0,0,14,26,-2.1559933060678986
2,2,3.0,0,15,27,-2.6952244072346048
2,2,3.0,0,16,27,-2.697693134377971
2,2,3.0,0,17,27,-2.9384519018282163
2,2,3.0,0,18,27,-3.5742619007647676
2,2,3.0,0,19,25,-2.979675467839357
2,2,3.0,0,19,26,-3.3709222338769393
2,2,3.0,0,20,24,-2.9727761774133086
2,2,3.0,0,21,24,-2.715985013047572
2,2,3.0,0,22,24,-3.275946944899637
2,2,3.0,0,23,23,-4.3859345484656345
2,3,4.0,0,12,18,0.17672063746810096
2,3,4.0,0,12,24,-1.1753199064274327
2,3,4.0,0,12,25,-1.5145284343410594
2,3,4.0,0,13,19,-0.5698250301858465
2,3,4.0,0,13,23,-1.3973687670576567
2,3,4.0,0,13,26,-1.9676669096254216
2,3,4.0,0,14,19,-1.1958107187047133
2,3,4.0,0,14,20,-1.3086699581134127
2,3,4.0,0,14,21,-1.4749571922294962
2,3,4.0,0,14,22,-1.7533772704953492
2,3,4.0,0,14,26,-2.1524193801460285
2,3,4.0,0,15,27,-2.6917845197706924
2,3,4.0,0,16,27,-2.69473909931844
2,3,4.0,0,17,27,-2.935827980863621
2,3,4.0,0,18,27,-3.571914012191101
2,3,4.0,0,19,25,-2.9780283101521405
2,3,4.0,0,19,26,-3.3690886274645777
2,3,4.0,0,20,24,-2.9716543490015397
2,3,4.0,0,21,24,-2.7152028421366765
2,3,4.0,0,22,24,-3.27538698074391
2,3,4.0,0,23,23,-4.385516731217031
2,4,5.0,0,12,18,0.17040166160315096
2,4,5.0,0,12,24,-1.2024082159557565
2,4,5.0,0,12,25,-1.5450137335304817
2,4,5.0,0,13,19,-0.5778880930756216
2,4,5.0,0,13,23,-1.4191754770766067
2,4,5.0,0,13,26,-1.998745205008447
2,4,5.0,0,14,19,-1.2030257909400106
2,4,5.0,0,14,20,-1.319129056980131
2,4,5.0,0,14,21,-1.4886126331931564
2,4,5.0,0,14,22,-1.7701946378177382
2,4,5.0,0,14,26,-2.181176186995401
2,4,5.0,0,15,27,-2.720596672382044
2,4,5.0,0,16,27,-2.7202857522064505
2,4,5.0,0,17,27,-2.958076626546273
2,4,5.0,0,18,27,-3.5907475405090707
2,4,5.0,0,19,25,-2.9903023646014617
2,4,5.0,0,19,26,-3.382899115909808
2,4,5.0,0,20,24,-2.979778121216988
2,4,5.0,0,21,24,-2.7206165870849475
2,4,5.0,0,22,24,-3.279249013768453
2,4,5.0,0,23,23,-4.388358557106045
2,5,6.0,0,12,18,0.16553628028025713
2,5,6.0,0,12,24,-1.2229082907964255
2,5,6.0,0,12,25,-1.5678969799993183
2,5,6.0,0,13,19,-0.5845986756987145
2,5,6.0,0,13,23,-1.436262538353816
2,5,6.0,0,13,26,-2.022050202662001
2,5,6.0,0,14,19,-1.2090555824355818
2,5,6.0,0,14,20,-1.3276866506200662
2,5,6.0,0,14,21,-1.4995888918900562
2,5,6.0,0,14,22,-1.7836094878996107
2,5,6.0,0,14,26,-2.2030905524428306
2,5,6.0,0,15,27,-2.7428253836738747
2,5,6.0,0,16,27,-2.7399989978695487
2,5,6.0,0,17,27,-2.975471839176265
2,5,6.0,0,18,27,-3.6057570116391844
2,5,6.0,0,19,25,-3.0003666977560357
2,5,6.0,0,19,26,-3.394155110422602
2,5,6.0,0,20,24,-2.9865977600641855
2,5,6.0,0,21,24,-2.725216138913197
2,5,6.0,0,22,24,-3.2825658301292933
2,5,6.0,0,23,23,-4.390815572686066
2,6,7.0,0,12,18,0.15473986281834584
2,6,7.0,0,12,24,-1.2659274999745094
2,6,7.0,0,12,25,-1.616042358708313
2,6,7.0,0,13,19,-0.598484232550561
2,6,7.0,0,13,23,-1.47192502460166
2,6,7.0,0,13,26,-2.071081596076226
2,6,7.0,0,14,19,-1.2214897498654338
2,6,7.0,0,14,20,-1.3453682667846465
2,6,7.0,0,14,21,-1.5222843374726835
2,6,7.0,0,14,22,-1.811408456276638
2,6,7.0,0,14,26,-2.248790094325301
2,6,7.0,0,15,27,-2.7889363898734416
2,6,7.0,0,16,27,-2.7806960682587203
2,6,7.0,0,17,27,-3.01127942085526
2,6,7.0,0,18,27,-3.6366521468759174
2,6,7.0,0,19,25,-3.0210513799429037
2,6,7.0,0,19,26,-3.4173039667206524
2,6,7.0,0,20,24,-3.000590006623824
2,6,7.0,0,21,24,-2.734663483944651
2,6,7.0,0,22,24,-3.289375491958527
2,6,7.0,0,23,23,-4.395863461861278
2,7,8.0,0,12,18,0.1516719346869735
2,7,8.0,0,12,24,-1.2785422470816457
2,7,8.0,0,12,25,-1.6298667670821487
2,7,8.0,0,13,19,-0.6038344368619875
2,7,8.0,0,13,23,-1.4836194841715837
2,7,8.0,0,13,26,-2.0851194855081587
2,7,8.0,0,14,19,-1.226324771227219
2,7,8.0,0,14,20,-1.351819662051767
2,7,8.0,0,14,21,-1.5301465102593
2,7,8.0,0,14,22,-1.8209207868402189
2,7,8.0,0,14,26,-2.262494600690303
2,7,8.0,0,15,27,-2.8034026120078295
2,7,8.0,0,16,27,-2.793309112018676
2,7,8.0,0,17,27,-3.022807787381936
2,7,8.0,0,18,27,-3.6472505297531654
2,7,8.0,0,19,25,-3.0287424812775896
2,7,8.0,0,19,26,-3.425761113033005
2,7,8.0,0,20,24,-3.006159446009214
2,7,8.0,0,21,24,-2.738541054482752
2,7,8.0,0,22,24,-3.2922647355373975
2,7,8.0,0,23,23,-4.3980488004081515
2,8,9.0,0,12,18,0.14936333297620052
2,8,9.0,0,12,24,-1.2900489713994432
2,8,9.0,0,12,25,-1.6425794034551302
2,8,9.0,0,13,19,-0.6086789237161128
2,8,9.0,0,13,23,-1.494261116142411
2,8,9.0,0,13,26,-2.0980278419273475
2,8,9.0,0,14,19,-1.2306908376697194
2,8,9.0,0,14,20,-1.357578688647493
2,8,9.0,0,14,21,-1.5371265208442964
2,8,9.0,0,14,22,-1.8294608558414183
2,8,9.0,0,14,26,-2.2749134722056397
2,8,9.0,0,15,27,-2.816549143883776
2,8,9.0,0,16,27,-2.8045954697394677
2,8,9.0,0,17,27,-3.033082946763443
2,8,9.0,0,18,27,-3.656785127991199
2,8,9.0,0,19,25,-3.035695131119766
2,8,9.0,0,19,26,-3.4333831772739387
2,8,9.0,0,20,24,-3.011249559370455
2,8,9.0,0,21,24,-2.7421000137130207
2,8,9.0,0,22,24,-3.2949446788070063
2,8,9.0,0,23,23,-4.400090792349943
2,9,10.0,0,12,18,0.14805836895253321
2,9,10.0,0,12,24,-1.2992655931117838
2,9,10.0,0,12,25,-1.6527780973629547
2,9,10.0,0,13,19,-0.6126816262468111
2,9,10.0,0,13,23,-1.5029057975119997
2,9,10.0,0,13,26,-2.1083598875401606
2,9,10.0,0,14,19,-1.2342914146914197
2,9,10.0,0,14,20,-1.3622330009935126
2,9,10.0,0,14,21,-1.5427024217471939
2,9,10.0,0,14,22,-1.8363606639743892
2,9,10.0,0,14,26,-2.284815243543761
2,9,10.0,0,15,27,-2.8271493474139504
2,9,10.0,0,16,27,-2.813563647467447
2,9,10.0,0,17,27,-3.0412641764493458
2,9,10.0,0,18,27,-3.6645225706580646
2,9,10.0,0,19,25,-3.0414248109953093
2,9,10.0,0,19,26,-3.439624169866903
2,9,10.0,0,20,24,-3.0155257223566068
2,9,10.0,0,21,24,-2.745111238166224
2,9,10.0,0,22,24,-3.2972481574665657
2,9,10.0,0,23,23,-4.401864820303146
2,10,11.0,0,12,18,0.13859365591103767
2,10,11.0,0,12,24,-1.3407268840162487
2,10,11.0,0,12,25,-1.69923852607414
2,10,11.0,0,13,19,-0.6263532352154542
2,10,11.0,0,13,23,-1.5375565745822541
2,10,11.0,0,13,26,-2.1556091460223854
2,10,11.0,0,14,19,-1.2465032695247444
2,10,11.0,0,14,20,-1.3793404858732856
2,10,11.0,0,14,21,-1.5644880165871058
2,10,11.0,0,14,22,-1.8632459430870938
2,10,11.0,0,14,26,-2.328654633726444
2,10,11.0,0,15,27,-2.871601485105572
2,10,11.0,0,16,27,-2.8524081189247568
2,10,11.0,0,17,27,-3.075461813535725
2,10,11.0,0,18,27,-3.6944001343998707
2,10,11.0,0,19,25,-3.061670866752337
2,10,11.0,0,19,26,-3.46217431719937
2,10,11.0,0,20,24,-3.0294447695585305
2,10,11.0,0,21,24,-2.7545807905852655
2,10,11.0,0,22,24,-3.304176609838624
2,10,11.0,0,23,23,-4.4070581771797315
2,11,12.0,0,12,18,0.13524074086690518
2,11,12.0,0,12,24,-1.3580873798961761
2,11,12.0,0,12,25,-1.7184244128391413
2,11,12.0,0,13,19,-0.6332928612744979
2,11,12.0,0,13,23,-1.5532295759270198
2,11,12.0,0,13,26,-2.175018340266348
2,11,12.0,0,14,19,-1.2527237779246292
2,11,12.0,0,14,20,-1.387598152867156
2,11,12.0,0,14,21,-1.5745969797877848
2,11,12.0,0,14,22,-1.8757216749929313
2,11,12.0,0,14,26,-2.347131140547532
2,11,12.0,0,15,27,-2.89100174757732
2,11,12.0,0,16,27,-2.869101444296547
2,11,12.0,0,17,27,-3.090540845583149
2,11,12.0,0,18,27,-3.70829754625926
2,11,12.0,0,19,25,-3.071699308161115
2,11,12.0,0,19,26,-3.4731587681167895
2,11,12.0,0,20,24,-3.036739964714627
2,11,12.0,0,21,24,-2.7596674678670823
2,11,12.0,0,22,24,-3.308025953039145
2,11,12.0,0,23,23,-4.410008123859491
2,12,13.0,0,12,18,0.12458223138104785
2,12,13.0,0,12,24,-1.4044150497801695
2,12,13.0,0,12,25,-1.7702331724812268
2,12,13.0,0,13,19,-0.6489444814432161
2,12,13.0,0,13,23,-1.5922930528556378
2,12,13.0,0,13,26,-2.227641908225195
2,12,13.0,0,14,19,-1.2667032928476445
2,12,13.0,0,14,20,-1.4070495333171351
2,12,13.0,0,14,21,-1.5992574729778397
2,12,13.0,0,14,22,-1.9061566506386072
2,12,13.0,0,14,26,-2.3960807296728888
2,12,13.0,0,15,27,-2.940837344143631
2,12,13.0,0,16,27,-2.9125853558444987
2,12,13.0,0,17,27,-3.1289514767213973
2,12,13.0,0,18,27,-3.74209022965276
2,12,13.0,0,19,25,-3.0948000130585314
2,12,13.0,0,19,26,-3.498818880898696
2,12,13.0,0,20,24,-3.0527427519768295
2,12,13.0,0,21,24,-2.7705928262970474
2,12,13.0,0,22,24,-3.3160672727570812
2,12,13.0,0,23,23,-4.416063623890363
2,13,14.0,0,12,18,0.11603259169215363
2,13,14.0,0,12,24,-1.4417046516309995
2,13,14.0,0,12,25,-1.8117323046435843
2,13,14.0,0,13,19,-0.6624095464719133
2,13,14.0,0,13,23,-1.624557402771103
2,13,14.0,0,13,26,-2.2697081101962056
2,13,14.0,0,14,19,-1.2787428801092986
2,13,14.0,0,14,20,-1.42349872913978
2,13,14.0,0,14,21,-1.6198378099215915
2,13,14.0,0,14,22,-1.931540732216959
2,13,14.0,0,14,26,-2.4355383758538096
2,13,14.0,0,15,27,-2.9814706213545037
2,13,14.0,0,16,27,-2.9478728469902933
2,13,14.0,0,17,27,-3.160402052057094
2,13,14.0,0,18,27,-3.7702664301363313
2,13,14.0,0,19,25,-3.114494097674452
2,13,14.0,0,19,26,-3.520565294709172
2,13,14.0,0,20,24,-3.0666557410477964
2,13,14.0,0,21,24,-2.780174865357502
2,13,14.0,0,22,24,-3.3232063840990342
2,13,14.0,0,23,23,-4.4214850241335775
2,14,15.0,0,12,18,0.11129692957390347
2,14,15.0,0,12,24,-1.4647231584530402
2,14,15.0,0,12,25,-1.8371981431973552
2,14,15.0,0,13,19,-0.6717201349919506
2,14,15.0,0,13,23,-1.6454240635035262
2,14,15.0,0,13,26,-2.2954049510123866
2,14,15.0,0,14,19,-1.287073791220152
2,14,15.0,0,14,20,-1.4344816387164343
2,14,15.0,0,14,21,-1.6332452383205975
2,14,15.0,0,14,22,-1.9481579417043093
2,14,15.0,0,14,26,-2.459883762919219
2,14,15.0,0,15,27,-3.007159118488403
2,14,15.0,0,16,27,-2.969839180000406
2,14,15.0,0,17,27,-3.1802758536931606
2,14,15.0,0,18,27,-3.7887429400340977
2,14,15.0,0,19,25,-3.127935926369176
2,14,15.0,0,19,26,-3.535231826584493
2,14,15.0,0,20,24,-3.076507951844569
2,14,15.0,0,21,24,-2.7870634885904266
2,14,15.0,0,22,24,-3.3284658724528597
2,14,15.0,0,23,23,-4.4255463028076
2,15,16.0,0,12,18,0.10263791294425317
2,15,16.0,0,12,24,-1.5041801059122122
2,15,16.0,0,12,25,-1.8812295912517243
2,15,16.0,0,13,19,-0.6858512608577598
2,15,16.0,0,13,23,-1.679440668198822
2,15,16.0,0,13,26,-2.3399861503110344
2,15,16.0,0,14,19,-1.2996900846113562
2,15,16.0,0,14,20,-1.4516562010410183
2,15,16.0,0,14,21,-1.6547362355110948
2,15,16.0,0,14,22,-1.9748121794909395
2,15,16.0,0,14,26,-2.501444252233483
2,15,16.0,0,15,27,-3.05003435714886
2,15,16.0,0,16,27,-3.0068929150762926
2,15,16.0,0,17,27,-3.2132382198944356
2,15,16.0,0,18,27,-3.8183627024484963
2,15,16.0,0,19,25,-3.1486647660210707
2,15,16.0,0,19,26,-3.558070986159734
2,15,16.0,0,20,24,-3.091208667220073
2,15,16.0,0,21,24,-2.797197192354645
2,15,16.0,0,22,24,-3.3360680980010002
2,15,16.0,0,23,23,-4.431352879810543
2,16,17.0,0,12,18,0.0960973252642674
2,16,17.0,0,12,24,-1.5359512398186723
2,16,17.0,0,12,25,-1.9165620759166018
2,16,17.0,0,13,19,-0.6978718321168316
2,16,17.0,0,13,23,-1.7074296619271934
2,16,17.0,0,13,26,-2.375651228437846
2,16,17.0,0,14,19,-1.3104259148166193
2,16,17.0,0,14,20,-1.4660122202281798
2,16,17.0,0,14,21,-1.6724964131533682
2,16,17.0,0,14,22,-1.9969016151268733
2,16,17.0,0,14,26,-2.534856077316789
2,16,17.0,0,15,27,-3.0849336506434213
2,16,17.0,0,16,27,-3.0368551528587773
2,16,17.0,0,17,27,-3.24009025136138
2,16,17.0,0,18,27,-3.842939069138737
2,16,17.0,0,19,25,-3.166214299229182
2,16,17.0,0,19,26,-3.5772787921904836
2,16,17.0,0,20,24,-3.1038884901628805
2,16,17.0,0,21,24,-2.806002500057126
2,16,17.0,0,22,24,-3.3427651733203447
2,16,17.0,0,23,23,-4.436518718926788
2,17,18.0,0,12,18,0.0957006428904208
2,17,18.0,0,12,24,-1.5457317266197208
2,17,18.0,0,12,25,-1.9272191746705403
2,17,18.0,0,13,19,-0.703175379435244
2,17,18.0,0,13,23,-1.7175513669232032
2,17,18.0,0,13,26,-2.3861372523598163
2,17,18.0,0,14,19,-1.3151677500718861
2,17,18.0,0,14,20,-1.4716790769197843
2,17,18.0,0,14,21,-1.6789808728503317
2,17,18.0,0,14,22,-2.005198536719959
2,17,18.0,0,14,26,-2.544966270434003
2,17,18.0,0,15,27,-3.0966384807263694
2,17,18.0,0,16,27,-3.0462719801384424
2,17,18.0,0,17,27,-3.249000306958237
2,17,18.0,0,18,27,-3.8522794032370626
2,17,18.0,0,19,25,-3.173768305876095
2,17,18.0,0,19,26,-3.5852182524670866
2,17,18.0,0,20,24,-3.1099535331709376
2,17,18.0,0,21,24,-2.8103776108986978
2,17,18.0,0,22,24,-3.346328971774202
2,17,18.0,0,23,23,-4.439395342783744
2,18,19.0,0,12,18,0.09768101164091547
2,18,19.0,0,12,24,-1.549511959284132
2,18,19.0,0,12,25,-1.9312993168371406
2,18,19.0,0,13,19,-0.7061350515759983
2,18,19.0,0,13,23,-1.7223036379249095
2,18,19.0,0,13,26,-2.3898985077106545
2,18,19.0,0,14,19,-1.3178070553738408
2,18,19.0,0,14,20,-1.4744333626386776
2,18,19.0,0,14,21,-1.6818508567432104
2,18,19.0,0,14,22,-2.009179954502031
2,18,19.0,0,14,26,-2.548555298115673
2,18,19.0,0,15,27,-3.101706712059922
2,18,19.0,0,16,27,-3.0498115920896964
2,18,19.0,0,17,27,-3.252604299318989
2,18,19.0,0,18,27,-3.8569108571211643
2,18,19.0,0,19,25,-3.178021220674239
2,18,19.0,0,19,26,-3.589465146002752
2,18,19.0,0,20,24,-3.113722837309979
2,18,19.0,0,21,24,-2.8131707970628383
2,18,19.0,0,22,24,-3.348762967773407
2,18,19.0,0,23,23,-4.441446018551119
2,19,20.0,0,12,18,0.10048191138655937
2,19,20.0,0,12,24,-1.5531628371413717
2,19,20.0,0,12,25,-1.9353483557318327
2,19,20.0,0,13,19,-0.7085433967724484
2,19,20.0,0,13,23,-1.7264517585748536
2,19,20.0,0,13,26,-2.3935978967530787
2,19,20.0,0,14,19,-1.3199532156103402
2,19,20.0,0,14,20,-1.476627192604667
2,19,20.0,0,14,21,-1.6841750610787187
2,19,20.0,0,14,22,-2.0125755217486727
2,19,20.0,0,14,26,-2.551847438193761
2,19,20.0,0,15,27,-3.106343636405853
2,19,20.0,0,16,27,-3.0530390810384915
2,19,20.0,0,17,27,-3.2557821735640005
2,19,20.0,0,18,27,-3.860961811223774
2,19,20.0,0,19,25,-3.181677762245357
2,19,20.0,0,19,26,-3.593065557032446
2,19,20.0,0,20,24,-3.1169734323861107
2,19,20.0,0,21,24,-2.8155660391648922
2,19,20.0,0,22,24,-3.3509025151591025
2,19,20.0,0,23,23,-4.44328168100326
2,20,21.0,0,12,18,0.10742057371746938
2,20,21.0,0,12,24,-1.5437263798596916
2,20,21.0,0,12,25,-1.9247516781940988
2,20,21.0,0,13,19,-0.7065832936132495
2,20,21.0,0,13,23,-1.7196116882604997
2,20,21.0,0,13,26,-2.3823461129286727
2,20,21.0,0,14,19,-1.3182171246567478
2,20,21.0,0,14,20,-1.4733494333807755
2,20,21.0,0,14,21,-1.6795459986426522
2,20,21.0,0,14,22,-2.0074584601191248
2,20,21.0,0,14,26,-2.541221016946878
2,20,21.0,0,15,27,-3.096992204046728
2,20,21.0,0,16,27,-3.0440233015163187
2,20,21.0,0,17,27,-3.2481815339722573
2,20,21.0,0,18,27,-3.8556474114723187
2,20,21.0,0,19,25,-3.179009159397637
2,20,21.0,0,19,26,-3.589575275370194
2,20,21.0,0,20,24,-3.1159105126953364
2,20,21.0,0,21,24,-2.8150251860742728
2,20,21.0,0,22,24,-3.350932011502689
2,20,21.0,0,23,23,-4.443561663563834
2,21,22.0,0,12,18,0.10366843288572625
2,21,22.0,0,12,24,-1.5776517453780343
2,21,22.0,0,12,25,-1.9629923155360132
2,21,22.0,0,13,19,-0.7172530717959233
2,21,22.0,0,13,23,-1.747395938891799
2,21,22.0,0,13,26,-2.420830020945857
2,21,22.0,0,14,19,-1.327763193450231
2,21,22.0,0,14,20,-1.4865645720793168
2,21,22.0,0,14,21,-1.6965354730227489
2,21,22.0,0,14,22,-2.0289452528408702
2,21,22.0,0,14,26,-2.5762306322575625
2,21,22.0,0,15,27,-3.133034272606807
2,21,22.0,0,16,27,-3.075224367739281
2,21,22.0,0,17,27,-3.275530286650877
2,21,22.0,0,18,27,-3.8798407961826626
2,21,22.0,0,19,25,-3.195500378217943
2,21,22.0,0,19,26,-3.607661815856801
2,21,22.0,0,20,24,-3.1274314220706714
2,21,22.0,0,21,24,-2.8228585714455576
2,21,22.0,0,22,24,-3.3569144970414264
2,21,22.0,0,23,23,-4.448224289044365
2,22,23.0,0,12,18,0.09909118272545214
2,22,23.0,0,12,24,-1.613649871157861
2,22,23.0,0,12,25,-2.003341278646502
2,22,23.0,0,13,19,-0.7290991013169972
2,22,23.0,0,13,23,-1.7773851681790518
2,22,23.0,0,13,26,-2.4614084181543774
2,22,23.0,0,14,19,-1.3384172274402744
2,22,23.0,0,14,20,-1.5012580071019102
2,22,23.0,0,14,21,-1.7152995434128542
2,22,23.0,0,14,22,-2.0524574504629243
2,22,23.0,0,14,26,-2.61355570081588
2,22,23.0,0,15,27,-3.1716502631821015
2,22,23.0,0,16,27,-3.1088066106831036
2,22,23.0,0,17,27,-3.3052067118283617
2,22,23.0,0,18,27,-3.9062530660090147
2,22,23.0,0,19,25,-3.2137086371976835
2,22,23.0,0,19,26,-3.6276140975742805
2,22,23.0,0,20,24,-3.140211266246517
2,22,23.0,0,21,24,-2.83157179314788
2,22,23.0,0,22,24,-3.3635530593440848
2,22,23.0,0,23,23,-4.453388884619457
2,23,24.0,0,12,18,0.08500251096728562
2,23,24.0,0,12,24,-1.6846984804996055
2,23,24.0,0,12,25,-2.0829827550456343
2,23,24.0,0,13,19,-0.7520390255905411
2,23,24.0,0,13,23,-1.8362232447010172
2,23,24.0,0,13,26,-2.5419862657786325
2,23,24.0,0,14,19,-1.3590177913759547
2,23,24.0,0,14,20,-1.5301859735938308
2,23,24.0,0,14,21,-1.752402789268288
2,23,24.0,0,14,22,-2.0984151603618955
2,23,24.0,0,14,26,-2.687949827618496
2,23,24.0,0,15,27,-3.2475079950227723
2,23,24.0,0,16,27,-3.175246615425152
2,23,24.0,0,17,27,-3.3637390505070073
2,23,24.0,0,18,27,-3.957486744674455
2,23,24.0,0,19,25,-3.248471281800846
2,23,24.0,0,19,26,-3.666115068231548
2,23,24.0,0,20,24,-3.1641246852495186
2,23,24.0,0,21,24,-2.8477868368347075
2,23,24.0,0,22,24,-3.3755838920058423
2,23,24.0,0,23,23,-4.4625514182617
2,24,25.0,0,12,18,0.06367946630923171
2,24,25.0,0,12,24,-1.7796859142716528
2,24,25.0,0,12,25,-2.1892719637191362
2,24,25.0,0,13,19,-0.7833413749008784
2,24,25.0,0,13,23,-1.915521250747588
2,24,25.0,0,13,26,-2.6496589834205793
2,24,25.0,0,14,19,-1.387141164882614
2,24,25.0,0,14,20,-1.5696233295546307
2,24,25.0,0,14,21,-1.802784586508693
2,24,25.0,0,14,22,-2.160537267281555
2,24,25.0,0,14,26,-2.7877981887542944
2,24,25.0,0,15,27,-3.349275493986056
2,24,25.0,0,16,27,-3.2644405715440143
2,24,25.0,0,17,27,-3.4425172138943196
2,24,25.0,0,18,27,-4.026543323308815
2,24,25.0,0,19,25,-3.2954978665337364
2,24,25.0,0,19,26,-3.718270357275699
2,24,25.0,0,20,24,-3.1965101790996258
2,24,25.0,0,21,24,-2.8697864209922272
2,24,25.0,0,22,24,-3.3918283584796427
2,24,25.0,0,23,23,-4.474865652152442
2,25,26.0,0,12,18,0.03259908287223112
2,25,26.0,0,12,24,-1.9070737873326777
2,25,26.0,0,12,25,-2.3317219104878575
2,25,26.0,0,13,19,-0.8258025055723266
2,25,26.0,0,13,23,-2.02235333428132
2,25,26.0,0,13,26,-2.7941111177747473
2,25,26.0,0,14,19,-1.4252723090062887
2,25,26.0,0,14,20,-1.6230382483257273
2,25,26.0,0,14,21,-1.8708479321878713
2,25,26.0,0,14,22,-2.244272497670025
2,25,26.0,0,14,26,-2.9220256871152515
2,25,26.0,0,15,27,-3.485973768852574
2,25,26.0,0,16,27,-3.384211221302536
2,25,26.0,0,17,27,-3.548410526564794
2,25,26.0,0,18,27,-4.119441424571363
2,25,26.0,0,19,25,-3.3588746211039364
2,25,26.0,0,19,26,-3.7886358926205332
2,25,26.0,0,20,24,-3.2401873210061822
2,25,26.0,0,21,24,-2.8994951052443483
2,25,26.0,0,22,24,-3.4136955023568696
2,25,26.0,0,23,23,-4.491388185431788
2,26,27.0,0,12,18,0.00013520191007643234
2,26,27.0,0,12,24,-2.03379195430108
2,26,27.0,0,12,25,-2.47312513129296
2,26,27.0,0,13,19,-0.869697659143057
2,26,27.0,0,13,23,-2.1302182347948246
2,26,27.0,0,13,26,-2.9374169915523964
2,26,27.0,0,14,19,-1.4647280253902721
2,26,27.0,0,14,20,-1.6777364102479595
2,26,27.0,0,14,21,-1.9399830918636383
2,26,27.0,0,14,22,-2.3292345966185337
2,26,27.0,0,14,26,-3.055743432496456
2,26,27.0,0,15,27,-3.6229306060653528
2,26,27.0,0,16,27,-3.503812306850307
2,26,27.0,0,17,27,-3.6546711232132623
2,26,27.0,0,18,27,-4.213604916373583
2,26,27.0,0,19,25,-3.4239301117365244
2,26,27.0,0,19,26,-3.8606697522483984
2,26,27.0,0,20,24,-3.285527816782846
2,26,27.0,0,21,24,-2.9305012770034438
2,26,27.0,0,22,24,-3.436648390033046
2,26,27.0,0,23,23,-4.508795242404748
2,27,28.0,0,12,18,-0.04542898502599968
2,27,28.0,0,12,24,-2.205435719248044
2,27,28.0,0,12,25,-2.6648988701001883
2,27,28.0,0,13,19,-0.928430702573749
2,27,28.0,0,13,23,-2.2756298738180476
2,27,28.0,0,13,26,-3.131959301356602
2,27,28.0,0,14,19,-1.5174242249279715
2,27,28.0,0,14,20,-1.7510143730623469
2,27,28.0,0,14,21,-2.0327766616436236
2,27,28.0,0,14,22,-2.443334339159719
2,27,28.0,0,14,26,-3.236900051798699
2,27,28.0,0,15,27,-3.8078639670995074
2,27,28.0,0,16,27,-3.665294213246767
2,27,28.0,0,17,27,-3.797798040243862
2,27,28.0,0,18,27,-4.339974689134493
2,27,28.0,0,19,25,-3.5108229562416398
2,27,28.0,0,19,26,-3.95705453044026
2,27,28.0,0,20,24,-3.3458631239409513
2,27,28.0,0,21,24,-2.9717127747134384
2,27,28.0,0,22,24,-3.467050722301906
2,27,28.0,0,23,23,-4.531783073278685
2,28,29.0,0,12,18,-0.09127448341030231
2,28,29.0,0,12,24,-2.371064244825277
2,28,29.0,0,12,25,-2.8495890391880607
2,28,29.0,0,13,19,-0.987166577079563
2,28,29.0,0,13,23,-2.417889789455643
2,28,29.0,0,13,26,-3.319151768724595
2,28,29.0,0,14,19,-1.5701274708689112
2,28,29.0,0,14,20,-1.823540833668801
2,28,29.0,0,14,21,-2.1239279298091134
2,28,29.0,0,14,22,-2.5554240903095575
2,28,29.0,0,14,26,-3.4118230152309934
2,28,29.0,0,15,27,-3.9874770536030155
2,28,29.0,0,16,27,-3.8215610091605186
2,28,29.0,0,17,27,-3.9369127284547005
2,28,29.0,0,18,27,-4.464050495561082
2,28,29.0,0,19,25,-3.597172326882486
2,28,29.0,0,19,26,-4.052549102905317
2,28,29.0,0,20,24,-3.406495639791544
2,28,29.0,0,21,24,-3.0133390834545253
2,28,29.0,0,22,24,-3.497964845903013
2,28,29.0,0,23,23,-4.5552642512220345
2,29,30.0,0,12,18,-0.12256497607795325
2,29,30.0,0,12,24,-2.4768905077960426
2,29,30.0,0,12,25,-2.967011219626812
2,29,30.0,0,13,19,-1.0288599947784505
2,29,30.0,0,13,23,-2.512716134097559
2,29,30.0,0,13,26,-3.4376916474164148
2,29,30.0,0,14,19,-1.6075922589007945
2,29,30.0,0,14,20,-1.8734575499467496
2,29,30.0,0,14,21,-2.1852665148891504
2,29,30.0,0,14,22,-2.631063798466883
2,29,30.0,0,14,26,-3.523538718220152
2,29,30.0,0,15,27,-4.104665972888824
2,29,30.0,0,16,27,-3.922115229609858
2,29,30.0,0,17,27,-4.027682792878437
2,29,30.0,0,18,27,-4.547787180637471
2,29,30.0,0,19,25,-3.657660813149505
2,29,30.0,0,19,26,-4.118744028732408
2,29,30.0,0,20,24,-3.450447219005561
2,29,30.0,0,21,24,-3.043944595828684
2,29,30.0,0,22,24,-3.5212083216286096
2,29,30.0,0,23,23,-4.57320148984946
2,30,31.0,0,12,18,-0.15190481272946244
2,30,31.0,0,12,24,-2.576270715274518
2,30,31.0,0,12,25,-3.077560458857789
2,30,31.0,0,13,19,-1.068094867207634
2,30,31.0,0,13,23,-2.6017758536230815
2,30,31.0,0,13,26,-3.5491368677448634
2,30,31.0,0,14,19,-1.6427636199049331
2,30,31.0,0,14,20,-1.9199603339512237
2,30,31.0,0,14,21,-2.2422610523854445
2,30,31.0,0,14,22,-2.701816883143323
2,30,31.0,0,14,26,-3.6279773076578294
2,30,31.0,0,15,27,-4.214639038282797
2,30,31.0,0,16,27,-4.0158334402920275
2,30,31.0,0,17,27,-4.11219068949444
2,30,31.0,0,18,27,-4.626263396060523
2,30,31.0,0,19,25,-3.7145966939443156
2,30,31.0,0,19,26,-4.1808661885346226
2,30,31.0,0,20,24,-3.492127005166118
2,30,31.0,0,21,24,-3.073035392470473
2,30,31.0,0,22,24,-3.543486574363584
2,30,31.0,0,23,23,-4.590503374168698
2,31,32.0,0,12,18,-0.1909081216036128
2,31,32.0,0,12,24,-2.7128549200644443
2,31,32.0,0,12,25,-3.230107724999101
2,31,32.0,0,13,19,-1.1181847601577815
2,31,32.0,0,13,23,-2.720458628784428
2,31,32.0,0,13,26,-3.703226851313133
2,31,32.0,0,14,19,-1.6875189463608393
2,31,32.0,0,14,20,-1.980276461800642
2,31,32.0,0,14,21,-2.3173345840699824
2,31,32.0,0,14,22,-2.795144548677584
2,31,32.0,0,14,26,-3.771241983212832
2,31,32.0,0,15,27,-4.363427308342665
2,31,32.0,0,16,27,-4.143634664187772
2,31,32.0,0,17,27,-4.2262156418071015
2,31,32.0,0,18,27,-4.729890345582675
2,31,32.0,0,19,25,-3.7879564067159635
2,31,32.0,0,19,26,-4.261367311330204
2,31,32.0,0,20,24,-3.54476466123149
2,31,32.0,0,21,24,-3.1094592977569206
2,31,32.0,0,22,24,-3.571103724941736
2,31,32.0,0,23,23,-4.611813303808859
2,32,33.0,0,12,18,-0.22345559843180496
2,32,33.0,0,12,24,-2.8223720399421666
2,32,33.0,0,12,25,-3.352096516553047
2,32,33.0,0,13,19,-1.1605332081244626
2,32,33.0,0,13,23,-2.817538174606426
2,32,33.0,0,13,26,-3.8259936460705433
2,32,33.0,0,14,19,-1.7253069481097683
2,32,33.0,0,14,20,-2.030272787510512
2,32,33.0,0,14,21,-2.3788921205881763
2,32,33.0,0,14,22,-2.872002532245503
2,32,33.0,0,14,26,-3.8857361939030284
2,32,33.0,0,15,27,-4.483932929381808
2,32,33.0,0,16,27,-4.246365821100113
2,32,33.0,0,17,27,-4.318514154591327
2,32,33.0,0,18,27,-4.8153937796286925
2,32,33.0,0,19,25,-3.8496941683073516
2,32,33.0,0,19,26,-4.328632134523318
2,32,33.0,0,20,24,-3.589907990921361
2,32,33.0,0,21,24,-3.1409149668871166
2,32,33.0,0,22,24,-3.5953123017417035
2,32,33.0,0,23,23,-4.630699986273882
2,33,34.0,0,12,18,-0.24233376721847577
2,33,34.0,0,12,24,-2.8802808220509064
2,33,34.0,0,12,25,-3.4162447933659337
2,33,34.0,0,13,19,-1.186910580533329
2,33,34.0,0,13,23,-2.8723821406513537
2,33,34.0,0,13,26,-3.889686796828812
2,33,34.0,0,14,19,-1.7487690873887232
2,33,34.0,0,14,20,-2.059550994237682
2,33,34.0,0,14,21,-2.4136732276645034
2,33,34.0,0,14,22,-2.9162040397031035
2,33,34.0,0,14,26,-3.945399852843849
2,33,34.0,0,15,27,-4.54986537745603
2,33,34.0,0,16,27,-4.300786465910647
2,33,34.0,0,17,27,-4.368540955714252
2,33,34.0,0,18,27,-4.864916483065343
2,33,34.0,0,19,25,-3.8877203391369477
2,33,34.0,0,19,26,-4.369148690531787
2,33,34.0,0,20,24,-3.61932007860198
2,33,34.0,0,21,24,-3.1618092145533794
2,33,34.0,0,22,24,-3.612073318620652
2,33,34.0,0,23,23,-4.644165998148402
2,34,35.0,0,12,18,-0.2776698172551946
2,34,35.0,0,12,24,-3.0040494666598363
2,34,35.0,0,12,25,-3.554808338672075
2,34,35.0,0,13,19,-1.2320214624677703
2,34,35.0,0,13,23,-2.9792448651079724
2,34,35.0,0,13,26,-4.029075000832307
2,34,35.0,0,14,19,-1.7888370361493031
2,34,35.0,0,14,20,-2.113134499868252
2,34,35.0,0,14,21,-2.480481168693231
2,34,35.0,0,14,22,-3.000112251993812
2,34,35.0,0,14,26,-4.07401026306448
2,34,35.0,0,15,27,-4.684384702423586
2,34,35.0,0,16,27,-4.415793261363547
2,34,35.0,0,17,27,-4.470992849913728
2,34,35.0,0,18,27,-4.958624994933302
2,34,35.0,0,19,25,-3.9542721945334307
2,34,35.0,0,19,26,-4.44174136371511
2,34,35.0,0,20,24,-3.6674473294601384
2,34,35.0,0,21,24,-3.195130297703777
2,34,35.0,0,22,24,-3.6377359296903897
2,34,35.0,0,23,23,-4.664235921751423
2,35,36.0,0,12,18,-0.31652756849855734
2,35,36.0,0,12,24,-3.1384498556535902
2,35,36.0,0,12,25,-3.7050889737103034
2,35,36.0,0,13,19,-1.2809083410708055
2,35,36.0,0,13,23,-3.095085302659726
2,35,36.0,0,13,26,-4.1802053957694625
2,35,36.0,0,14,19,-1.8322421628285568
2,35,36.0,0,14,20,-2.171379209837596
2,35,36.0,0,14,21,-2.553265246602095
2,35,36.0,0,14,22,-3.091329887997489
2,35,36.0,0,14,26,-4.213728599351384
2,35,36.0,0,15,27,-4.830453908648593
2,35,36.0,0,16,27,-4.541128314655026
2,35,36.0,0,17,27,-4.582704600182467
2,35,36.0,0,18,27,-5.0605264690812675
2,35,36.0,0,19,25,-4.026493415695612
2,35,36.0,0,19,26,-4.520549797740628
2,35,36.0,0,20,24,-3.719506024447675
2,35,36.0,0,21,24,-3.2311144782013344
2,35,36.0,0,22,24,-3.6654052653114384
2,35,36.0,0,23,23,-4.6858618410819055
2,36,37.0,0,12,18,-0.3387552996744958
2,36,37.0,0,12,24,-3.207181080634939
2,36,37.0,0,12,25,-3.781472347952217
2,36,37.0,0,13,19,-1.310400783322315
2,36,37.0,0,13,23,-3.1580841603888814
2,36,37.0,0,13,26,-4.2558927664634325
2,36,37.0,0,14,19,-1.8583258179477227
2,36,37.0,0,14,20,-2.2044012484096953
2,36,37.0,0,14,21,-2.593179328383499
2,36,37.0,0,14,22,-3.142136577837462
2,36,37.0,0,14,26,-4.284031919379032
2,36,37.0,0,15,27,-4.907725342353132
2,36,37.0,0,16,27,-4.605671295214279
2,36,37.0,0,17,27,-4.641603923042936
2,36,37.0,0,18,27,-5.11779410809126
2,36,37.0,0,19,25,-4.069680892368723
2,36,37.0,0,19,26,-4.566566091831618
2,36,37.0,0,20,24,-3.752454039823057
2,36,37.0,0,21,24,-3.254326495640967
2,36,37.0,0,22,24,-3.684063667775799
2,36,37.0,0,23,23,-4.700923000346986
2,37,38.0,0,12,18,-0.3558192942883167
2,37,38.0,0,12,24,-3.259207027188495
2,37,38.0,0,12,25,-3.839517795368323
2,37,38.0,0,13,19,-1.3337564625029543
2,37,38.0,0,13,23,-3.206388718349956
2,37,38.0,0,13,26,-4.312818976944357
2,37,38.0,0,14,19,-1.8788698773189196
2,37,38.0,0,14,20,-2.2296843735492615
2,37,38.0,0,14,21,-2.623419892844481
2,37,38.0,0,14,22,-3.1813049827378563
2,37,38.0,0,14,26,-4.336243388339
2,37,38.0,0,15,27,-4.966793714294965
2,37,38.0,0,16,27,-4.654081809608755
2,37,38.0,0,17,27,-4.686072445776773
2,37,38.0,0,18,27,-5.162390643302842
2,37,38.0,0,19,25,-4.104115071694807
2,37,38.0,0,19,26,-4.602753850243502
2,37,38.0,0,20,24,-3.779376589673298
2,37,38.0,0,21,24,-3.2733961333701203
2,37,38.0,0,22,24,-3.6997851534998354
2,37,38.0,0,23,23,-4.71385740016321
2,38,39.0,0,12,18,-0.38629794275585994
2,38,39.0,0,12,24,-3.364851843020375
2,38,39.0,0,12,25,-3.9581332065092454
2,38,39.0,0,13,19,-1.3723270621675994
2,38,39.0,0,13,23,-3.296970568496249
2,38,39.0,0,13,26,-4.431358846202244
2,38,39.0,0,14,19,-1.9129332570395619
2,38,39.0,0,14,20,-2.274827386250905
2,38,39.0,0,14,21,-2.6798644179410473
2,38,39.0,0,14,22,-3.2528471963622394
2,38,39.0,0,14,26,-4.444621388106043
2,38,39.0,0,15,27,-5.081737973064662
2,38,39.0,0,16,27,-4.751970324063564
2,38,39.0,0,17,27,-4.773388509447045
2,38,39.0,0,18,27,-5.243031637418113
2,38,39.0,0,19,25,-4.1617846991267555
2,38,39.0,0,19,26,-4.665089104781401
2,38,39.0,0,20,24,-3.821490250421064
2,38,39.0,0,21,24,-3.3025276462341893
2,38,39.0,0,22,24,-3.72269058606312
2,38,39.0,0,23,23,-4.732116419209213
2,39,40.0,0,12,18,-0.3945746415164493
2,39,40.0,0,12,24,-3.384442119930128
2,39,40.0,0,12,25,-3.979900854344578
2,39,40.0,0,13,19,-1.3850794347391044
2,39,40.0,0,13,23,-3.3179645535666964
2,39,40.0,0,13,26,-4.451098318561691
2,39,40.0,0,14,19,-1.9239824545102735
2,39,40.0,0,14,20,-2.2866692431196896
2,39,40.0,0,14,21,-2.6930457473076927
2,39,40.0,0,14,22,-3.2711054170744234
2,39,40.0,0,14,26,-4.462124998096215
2,39,40.0,0,15,27,-5.10631225095068
2,39,40.0,0,16,27,-4.770224611276433
2,39,40.0,0,17,27,-4.79141616392522
2,39,40.0,0,18,27,-5.264802567423544
2,39,40.0,0,19,25,-4.180911527697333
2,39,40.0,0,19,26,-4.684006773904812
2,39,40.0,0,20,24,-3.8380479849162583
2,39,40.0,0,21,24,-3.3145251955970068
2,39,40.0,0,22,24,-3.7334155517612437
2,39,40.0,0,23,23,-4.7414469043598615
2,40,41.0,0,12,18,-0.4029053185034783
2,40,41.0,0,12,24,-3.409013801493103
2,40,41.0,0,12,25,-4.007815648215882
2,40,41.0,0,13,19,-1.3976843008856008
2,40,41.0,0,13,23,-3.341277995622619
2,40,41.0,0,13,26,-4.477075768465738
2,40,41.0,0,14,19,-1.9348628432959245
2,40,41.0,0,14,20,-2.2987797599401745
2,40,41.0,0,14,21,-2.7071554725448266
2,40,41.0,0,14,22,-3.290715991243843
2,40,41.0,0,14,26,-4.484405513022722
2,40,41.0,0,15,27,-5.135214400192837
2,40,41.0,0,16,27,-4.7924178776725626
2,40,41.0,0,17,27,-4.812356909766123
2,40,41.0,0,18,27,-5.288311540480919
2,40,41.0,0,19,25,-4.200442587699456
2,40,41.0,0,19,26,-4.703494528155673
2,40,41.0,0,20,24,-3.854456871504766
2,40,41.0,0,21,24,-3.32624791533442
2,40,41.0,0,22,24,-3.743888966973021
2,40,41.0,0,23,23,-4.75059261630232
2,41,42.0,0,12,18,-0.4059870692172183
2,41,42.0,0,12,24,-3.4166134081794155
2,41,42.0,0,12,25,-4.016908485414177
2,41,42.0,0,13,19,-1.4040359618167528
2,41,42.0,0,13,23,-3.3496541954260692
2,41,42.0,0,13,26,-4.48382864330506
2,41,42.0,0,14,19,-1.9401709648293703
2,41,42.0,0,14,20,-2.303251807418235
2,41,42.0,0,14,21,-2.7117791840672254
2,41,42.0,0,14,22,-3.2986932819864307
2,41,42.0,0,14,26,-4.488492594585324
2,41,42.0,0,15,27,-5.145684373719746
2,41,42.0,0,16,27,-4.798635438176376
2,41,42.0,0,17,27,-4.819074528705386
2,41,42.0,0,18,27,-5.299140942825389
2,41,42.0,0,19,25,-4.211118508566983
2,41,42.0,0,19,26,-4.713113364624206
2,41,42.0,0,20,24,-3.864648976881824
2,41,42.0,0,21,24,-3.3336624517984745
2,41,42.0,0,22,24,-3.75123133350861
2,41,42.0,0,23,23,-4.757428459790674
2,42,43.0,0,12,18,-0.4110640185511443
2,42,43.0,0,12,24,-3.4349366445694045
2,42,43.0,0,12,25,-4.038316009964944
2,42,43.0,0,13,19,-1.41248668883037
2,42,43.0,0,13,23,-3.365494701746144
2,42,43.0,0,13,26,-4.503102951634133
2,42,43.0,0,14,19,-1.9473744559225565
2,42,43.0,0,14,20,-2.310917344016218
2,42,43.0,0,14,21,-2.721002185900957
2,42,43.0,0,14,22,-3.312306130734328
2,42,43.0,0,14,26,-4.503652496216404
2,42,43.0,0,15,27,-5.166882555511108
2,42,43.0,0,16,27,-4.814670554173148
2,42,43.0,0,17,27,-4.834067601107023
2,42,43.0,0,18,27,-5.3163961031152525
2,42,43.0,0,19,25,-4.225456656223955
2,42,43.0,0,19,26,-4.726960635377353
2,42,43.0,0,20,24,-3.8769094764626217
2,42,43.0,0,21,24,-3.3423119962449377
2,42,43.0,0,22,24,-3.7593791644085783
2,42,43.0,0,23,23,-4.764844503604323
2,43,44.0,0,12,18,-0.4037756251621687
2,43,44.0,0,12,24,-3.4079631361189797
2,43,44.0,0,12,25,-4.008931133861779
2,43,44.0,0,13,19,-1.4065266235434777
2,43,44.0,0,13,23,-3.3438997938778527
2,43,44.0,0,13,26,-4.470614953462984
2,43,44.0,0,14,19,-1.941785275177672
2,43,44.0,0,14,20,-2.300422085358548
2,43,44.0,0,14,21,-2.706925919725279
2,43,44.0,0,14,22,-3.297143812635241
2,43,44.0,0,14,26,-4.47093197219607
2,43,44.0,0,15,27,-5.140131752076911
2,43,44.0,0,16,27,-4.788710214105521
2,43,44.0,0,17,27,-4.812317177465303
2,43,44.0,0,18,27,-5.301939983026131
2,43,44.0,0,19,25,-4.21860510852467
2,43,44.0,0,19,26,-4.717071501207855
2,43,44.0,0,20,24,-3.8748290946888844
2,43,44.0,0,21,24,-3.341240791742905
2,43,44.0,0,22,24,-3.7605184787206127
2,43,44.0,0,23,23,-4.767080968847459
2,44,45.0,0,12,18,-0.4131890960499547
2,44,45.0,0,12,24,-3.4484027392338703
2,44,45.0,0,12,25,-4.055679332152607
2,44,45.0,0,13,19,-1.4196312350726998
2,44,45.0,0,13,23,-3.375508410501226
2,44,45.0,0,13,26,-4.51572996685843
2,44,45.0,0,14,19,-1.953248663245077
2,44,45.0,0,14,20,-2.315106497988779
2,44,45.0,0,14,21,-2.7260551186502937
2,44,45.0,0,14,22,-3.3227589369570154
2,44,45.0,0,14,26,-4.509136040115692
2,44,45.0,0,15,27,-5.1836953480567445
2,44,45.0,0,16,27,-4.825176674447732
2,44,45.0,0,17,27,-4.844657179476997
2,44,45.0,0,18,27,-5.332794921163995
2,44,45.0,0,19,25,-4.240849109227426
2,44,45.0,0,19,26,-4.740062386242272
2,44,45.0,0,20,24,-3.8916482822784957
2,44,45.0,0,21,24,-3.3526649222680476
2,44,45.0,0,22,24,-3.7704641163065915
2,44,45.0,0,23,23,-4.775773194872606
2,45,46.0,0,12,18,-0.4126890981472755
2,45,46.0,0,12,24,-3.4493266435308954
2,45,46.0,0,12,25,-4.057811193840479
2,45,46.0,0,13,19,-1.4211432838548674
2,45,46.0,0,13,23,-3.375414135483169
2,45,46.0,0,13,26,-4.5153791788185345
2,45,46.0,0,14,19,-1.9544940580610444
2,45,46.0,0,14,20,-2.3150477625582084
2,45,46.0,0,14,21,-2.725965694770693
2,45,46.0,0,14,22,-3.324394978581836
2,45,46.0,0,14,26,-4.505867321408601
2,45,46.0,0,15,27,-5.186059355698575
2,45,46.0,0,16,27,-4.825587298763196
2,45,46.0,0,17,27,-4.845813080735184
2,45,46.0,0,18,27,-5.337141788080018
2,45,46.0,0,19,25,-4.245794205758216
2,45,46.0,0,19,26,-4.74361878156229
2,45,46.0,0,20,24,-3.896970204999583
2,45,46.0,0,21,24,-3.3563715093967446
2,45,46.0,0,22,24,-3.7748658718995536
2,45,46.0,0,23,23,-4.780376249655937
2,46,47.0,0,12,18,-0.3951741519388534
2,46,47.0,0,12,24,-3.3875314457400236
2,46,47.0,0,12,25,-3.9897104252414977
2,46,47.0,0,13,19,-1.4029479746685283
2,46,47.0,0,13,23,-3.323829464430588
2,46,47.0,0,13,26,-4.4435536840050815
2,46,47.0,0,14,19,-1.9382558155112548
2,46,47.0,0,14,20,-2.290001546369851
2,46,47.0,0,14,21,-2.6936359819439843
2,46,47.0,0,14,22,-3.2862789247277107
2,46,47.0,0,14,26,-4.436406087838293
2,46,47.0,0,15,27,-5.1221298936950745
2,46,47.0,0,16,27,-4.767601437341511
2,46,47.0,0,17,27,-4.795872054757808
2,46,47.0,0,18,27,-5.29758712542349
2,46,47.0,0,19,25,-4.2215419698343055
2,46,47.0,0,19,26,-4.71447887033176
2,46,47.0,0,20,24,-3.882660600894134
2,46,47.0,0,21,24,-3.3468316376641383
2,46,47.0,0,22,24,-3.7697249659769163
2,46,47.0,0,23,23,-4.777916223970578
2,47,48.0,0,12,18,-0.3762933937502879
2,47,48.0,0,12,24,-3.32639005001289
2,47,48.0,0,12,25,-3.9229062714611302
2,47,48.0,0,13,19,-1.3830947602923231
2,47,48.0,0,13,23,-3.270984326010307
2,47,48.0,0,13,26,-4.373179900392785
2,47,48.0,0,14,19,-1.9206055114985006
2,47,48.0,0,14,20,-2.2635517800655407
2,47,48.0,0,14,21,-2.6600712175822423
2,47,48.0,0,14,22,-3.2466910085540803
2,47,48.0,0,14,26,-4.367404821916551
2,47,48.0,0,15,27,-5.05792294643868
2,47,48.0,0,16,27,-4.709603551111172
2,47,48.0,0,17,27,-4.74535129045131
2,47,48.0,0,18,27,-5.256583619762637
2,47,48.0,0,19,25,-4.195435776671431
2,47,48.0,0,19,26,-4.683514381159213
2,47,48.0,0,20,24,-3.8665830028440666
2,47,48.0,0,21,24,-3.3359110707129815
2,47,48.0,0,22,24,-3.7634378922456477
2,47,48.0,0,23,23,-4.774545690920757
2,48,49.0,0,12,18,-0.3713817098702066
2,48,49.0,0,12,24,-3.321947719659107
2,48,49.0,0,12,25,-3.9200753382455673
2,48,49.0,0,13,19,-1.379192788230867
2,48,49.0,0,13,23,-3.2628622373236453
2,48,49.0,0,13,26,-4.368082128927284
2,48,49.0,0,14,19,-1.9172813875694388
2,48,49.0,0,14,20,-2.258321179508826
2,48,49.0,0,14,21,-2.654495859733146
2,48,49.0,0,14,22,-3.2413798535375093
2,48,49.0,0,14,26,-4.358198593369167
2,48,49.0,0,15,27,-5.0528370492395425
2,48,49.0,0,16,27,-4.7042235930365734
2,48,49.0,0,17,27,-4.740411488936758
2,48,49.0,0,18,27,-5.253649055099018
2,48,49.0,0,19,25,-4.193685378554235
2,48,49.0,0,19,26,-4.680150366541611
2,48,49.0,0,20,24,-3.866263175866955
2,48,49.0,0,21,24,-3.335396965978184
2,48,49.0,0,22,24,-3.76442956935454
2,48,49.0,0,23,23,-4.776476651214683
2,49,50.0,0,12,18,-0.36413231780843347
2,49,50.0,0,12,24,-3.3069766563233713
2,49,50.0,0,12,25,-3.905202500828665
2,49,50.0,0,13,19,-1.372394377980271
2,49,50.0,0,13,23,-3.2464980787522393
2,49,50.0,0,13,26,-4.3507801647234885
2,49,50.0,0,14,19,-1.9115309156433398
2,49,50.0,0,14,20,-2.2496469204265424
2,49,50.0,0,14,21,-2.644377424097172
2,49,50.0,0,14,22,-3.2300941546356086
2,49,50.0,0,14,26,-4.338220800295261
2,49,50.0,0,15,27,-5.037028837617157
2,49,50.0,0,16,27,-4.689737713494537
2,49,50.0,0,17,27,-4.727757247905174
2,49,50.0,0,18,27,-5.2441030230655485
2,49,50.0,0,19,25,-4.1876302346254874
2,49,50.0,0,19,26,-4.672026421515326
2,49,50.0,0,20,24,-3.8630395356357496
2,49,50.0,0,21,24,-3.332923289755108
2,49,50.0,0,22,24,-3.7639451582541383
2,49,50.0,0,23,23,-4.777285845335783
2,50,51.0,0,12,18,-0.36025055765503566
2,50,51.0,0,12,24,-3.3041148072833835
2,50,51.0,0,12,25,-3.9039651372453363
2,50,51.0,0,13,19,-1.3692449074771247
2,50,51.0,0,13,23,-3.2399524471206007
2,50,51.0,0,13,26,-4.3474856714259715
2,50,51.0,0,14,19,-1.9091758160943186
2,50,51.0,0,14,20,-2.245975099122262
2,50,51.0,0,14,21,-2.6407383755001774
2,50,51.0,0,14,22,-3.226503313120247
2,50,51.0,0,14,26,-4.331270993239883
2,50,51.0,0,15,27,-5.03413062227159
2,50,51.0,0,16,27,-4.686814960509906
2,50,51.0,0,17,27,-4.725261698277336
2,50,51.0,0,18,27,-5.243084217480728
2,50,51.0,0,19,25,-4.187098569865896
2,50,51.0,0,19,26,-4.670222856474027
2,50,51.0,0,20,24,-3.8634111778258813
2,50,51.0,0,21,24,-3.3328362581757602
2,50,51.0,0,22,24,-3.76508371312741
2,50,51.0,0,23,23,-4.779254228462307
2,51,52.0,0,12,18,-0.36017275159213114
2,51,52.0,0,12,24,-3.3140576142211557
2,51,52.0,0,12,25,-3.9170918008915976
2,51,52.0,0,13,19,-1.370222423686286
2,51,52.0,0,13,23,-3.2440576961359966
2,51,52.0,0,13,26,-4.358942368245408
2,51,52.0,0,14,19,-1.9106426528928395
2,51,52.0,0,14,20,-2.2478088426779834
2,51,52.0,0,14,21,-2.6441246341558724
2,51,52.0,0,14,22,-3.2312809356435253
2,51,52.0,0,14,26,-4.338129226835036
2,51,52.0,0,15,27,-5.045012754347454
2,51,52.0,0,16,27,-4.69613896718414
2,51,52.0,0,17,27,-4.733588542553122
2,51,52.0,0,18,27,-5.251313051299988
2,51,52.0,0,19,25,-4.19269551816123
2,51,52.0,0,19,26,-4.675392706820546
2,51,52.0,0,20,24,-3.867874109593032
2,51,52.0,0,21,24,-3.335503650368807
2,51,52.0,0,22,24,-3.7681308513533303
2,51,52.0,0,23,23,-4.782601301978858
2,52,53.0,0,12,18,-0.365510617135655
2,52,53.0,0,12,24,-3.3421993554016467
2,52,53.0,0,12,25,-3.95061089574304
2,52,53.0,0,13,19,-1.3771797758765842
2,52,53.0,0,13,23,-3.2634000119523137
2,52,53.0,0,13,26,-4.391289657993212
2,52,53.0,0,14,19,-1.917577148162401
2,52,53.0,0,14,20,-2.257424149702402
2,52,53.0,0,14,21,-2.6574028208485885
2,52,53.0,0,14,22,-3.2479716786212975
2,52,53.0,0,14,26,-4.3645106926824155
2,52,53.0,0,15,27,-5.075459527558451
2,52,53.0,0,16,27,-4.7227282754033695
2,52,53.0,0,17,27,-4.757163293495438
2,52,53.0,0,18,27,-5.272695174969073
2,52,53.0,0,19,25,-4.2070983447180765
2,52,53.0,0,19,26,-4.690518716646082
2,52,53.0,0,20,24,-3.878292247615839
2,52,53.0,0,21,24,-3.3422060567091663
2,52,53.0,0,22,24,-3.7740253387788805
2,52,53.0,0,23,23,-4.788029347162084
3,1,54.0,0,12,18,-1.8946846256824301
3,1,54.0,0,12,24,-2.7967780819485597
3,1,54.0,0,12,25,-3.5795250891094668
3,1,54.0,0,13,19,-1.602963343169165
3,1,54.0,0,13,23,-2.285636158494327
3,1,54.0,0,13,26,-3.903346526060659
3,1,54.0,0,14,19,-1.9249208583323991
3,1,54.0,0,14,20,-1.8052768381382407
3,1,54.0,0,14,21,-1.9022049532813128
3,1,54.0,0,14,22,-2.179183559354996
3,1,54.0,0,14,26,-3.3813248150983384
3,1,54.0,0,15,27,-4.353412934173008
3,1,54.0,0,16,27,-3.8080417469283248
3,1,54.0,0,17,27,-3.7405217642479727
3,1,54.0,0,18,27,-4.168475648407082
3,1,54.0,0,19,25,-2.8406713082301707
3,1,54.0,0,19,26,-3.455150421652533
3,1,54.0,0,20,24,-2.5322372719812876
3,1,54.0,0,21,24,-2.2095556002404706
3,1,54.0,0,22,24,-2.5965303843967256
3,1,54.0,0,23,23,-2.77382304650601
4,1,55.0,0,12,18,-1.909080953898993
4,1,55.0,0,12,24,-2.851056984865238
4,1,55.0,0,12,25,-3.64051173785208
4,1,55.0,0,13,19,-1.6195574341438714
4,1,55.0,0,13,23,-2.3297280219492507
4,1,55.0,0,13,26,-3.9654939689242497
4,1,55.0,0,14,19,-1.9397486901928076
4,1,55.0,0,14,20,-1.8266346510587965
4,1,55.0,0,14,21,-1.9299428437642945
4,1,55.0,0,14,22,-2.213299801756577
4,1,55.0,0,14,26,-3.439015911196009
4,1,55.0,0,15,27,-4.411258823484445
4,1,55.0,0,16,27,-3.859173506006556
4,1,55.0,0,17,27,-3.785146797126231
4,1,55.0,0,18,27,-4.206472410565993
4,1,55.0,0,19,25,-2.865642460755552
4,1,55.0,0,19,26,-3.4832352489565324
4,1,55.0,0,20,24,-2.5488823927383635
4,1,55.0,0,21,24,-2.2207015106599215
4,1,55.0,0,22,24,-2.604506027599239
4,1,55.0,0,23,23,-2.7797055726845876
4,2,56.0,0,12,18,-1.9222755558839069
4,2,56.0,0,12,24,-2.896551373645366
4,2,56.0,0,12,25,-3.691283154284946
4,2,56.0,0,13,19,-1.6346796198307771
4,2,56.0,0,13,23,-2.367837427928123
4,2,56.0,0,13,26,-4.017186310180989
4,2,56.0,0,14,19,-1.9532900679833816
4,2,56.0,0,14,20,-1.8457722557670024
4,2,56.0,0,14,21,-1.9544055779494869
4,2,56.0,0,14,22,-2.243209006637926
4,2,56.0,0,14,26,-3.487581873844732
4,2,56.0,0,15,27,-4.460468841160036
4,2,56.0,0,16,27,-3.9026257172820635
4,2,56.0,0,17,27,-3.8235005467152234
4,2,56.0,0,18,27,-4.239711159208952
4,2,56.0,0,19,25,-2.8880531917933183
4,2,56.0,0,19,26,-3.508301001329457
4,2,56.0,0,20,24,-2.564139873544164
4,2,56.0,0,21,24,-2.2310305942128466
4,2,56.0,0,22,24,-2.61197168722698
4,2,56.0,0,23,23,-2.7852461431966624
4,3,57.0,0,12,18,-1.9349143054535745
4,3,57.0,0,12,24,-2.937519387446713
4,3,57.0,0,12,25,-3.736888251744915
4,3,57.0,0,13,19,-1.6490817939325737
4,3,57.0,0,13,23,-2.4029032419780947
4,3,57.0,0,13,26,-4.063595818974704
4,3,57.0,0,14,19,-1.9661864442467802
4,3,57.0,0,14,20,-1.8637203382789806
4,3,57.0,0,14,21,-1.9770716684943466
4,3,57.0,0,14,22,-2.270887444453109
4,3,57.0,0,14,26,-3.5313839146707267
4,3,57.0,0,15,27,-4.505208720732668
4,3,57.0,0,16,27,-3.9419190228176717
4,3,57.0,0,17,27,-3.8584232540383425
4,3,57.0,0,18,27,-4.270422165196095
4,3,57.0,0,19,25,-2.909146622253573
4,3,57.0,0,19,26,-3.5317909940754646
4,3,57.0,0,20,24,-2.5787434883048945
4,3,57.0,0,21,24,-2.2409999401501963
4,3,57.0,0,22,24,-2.6192439025784893
4,3,57.0,0,23,23,-2.7906743649429977
4,4,58.0,0,12,18,-1.9567880531504969
4,4,58.0,0,12,24,-3.0118289472759443
4,4,58.0,0,12,25,-3.8199477901752346
4,4,58.0,0,13,19,-1.6740160278758793
4,4,58.0,0,13,23,-2.4653660233196604
4,4,58.0,0,13,26,-4.148137257094817
4,4,58.0,0,14,19,-1.9884545419018096
4,4,58.0,0,14,20,-1.8950088720311555
4,4,58.0,0,14,21,-2.016889884783339
4,4,58.0,0,14,22,-2.3196933221513234
4,4,58.0,0,14,26,-3.610317408732328
4,4,58.0,0,15,27,-4.585209054972296
4,4,58.0,0,16,27,-4.012130491112828
4,4,58.0,0,17,27,-3.9204175735333706
4,4,58.0,0,18,27,-4.324486740947691
4,4,58.0,0,19,25,-2.94582609310217
4,4,58.0,0,19,26,-3.5727248681607335
4,4,58.0,0,20,24,-2.603880574359536
4,4,58.0,0,21,24,-2.2580886357791172
4,4,58.0,0,22,24,-2.6316603191915853
4,4,58.0,0,23,23,-2.799924799479488
4,5,59.0,0,12,18,-1.9786277550806943
4,5,59.0,0,12,24,-3.082216038264278
4,5,59.0,0,12,25,-3.898377191154566
4,5,59.0,0,13,19,-1.6987802173917714
4,5,59.0,0,13,23,-2.525601314771336
4,5,59.0,0,13,26,-4.227895619853598
4,5,59.0,0,14,19,-2.0105591632253095
4,5,59.0,0,14,20,-1.9256738488458467
4,5,59.0,0,14,21,-2.0555387240279686
4,5,59.0,0,14,22,-2.3670274649091994
4,5,59.0,0,14,26,-3.6851810061712627
4,5,59.0,0,15,27,-4.661592556492678
4,5,59.0,0,16,27,-4.078923254072407
4,5,59.0,0,17,27,-3.9797384692850244
4,5,59.0,0,18,27,-4.376856971306864
4,5,59.0,0,19,25,-2.981906812394115
4,5,59.0,0,19,26,-3.6128418870998473
4,5,59.0,0,20,24,-2.6289520520277136
4,5,59.0,0,21,24,-2.275247462541266
4,5,59.0,0,22,24,-2.644227789178224
4,5,59.0,0,23,23,-2.809335211543239
4,6,60.0,0,12,18,-1.9974459536800353
4,6,60.0,0,12,24,-3.1386634229669994
4,6,60.0,0,12,25,-3.961077703427577
4,6,60.0,0,13,19,-1.719946805776793
4,6,60.0,0,13,23,-2.5751173643933214
4,6,60.0,0,13,26,-4.291573623680421
4,6,60.0,0,14,19,-2.029419638079098
4,6,60.0,0,14,20,-1.951349477420564
4,6,60.0,0,14,21,-2.0874611524118194
4,6,60.0,0,14,22,-2.406165314128785
4,6,60.0,0,14,26,-3.745290223854113
4,6,60.0,0,15,27,-4.723569726641642
4,6,60.0,0,16,27,-4.1327073956305185
4,6,60.0,0,17,27,-4.027864765800189
4,6,60.0,0,18,27,-4.420127534629188
4,6,60.0,0,19,25,-3.012357115327916
4,6,60.0,0,19,26,-3.6465139600614975
4,6,60.0,0,20,24,-2.650538173607025
4,6,60.0,0,21,24,-2.290155662976119
4,6,60.0,0,22,24,-2.655281904284898
4,6,60.0,0,23,23,-2.8176761998359936
4,7,61.0,0,12,18,-2.014773378059431
4,7,61.0,0,12,24,-3.188621665699486
4,7,61.0,0,12,25,-4.016548125912152
4,7,61.0,0,13,19,-1.7392964757757667
4,7,61.0,0,13,23,-2.619479284238082
4,7,61.0,0,13,26,-4.347831831237244
4,7,61.0,0,14,19,-2.0466017848810765
4,7,61.0,0,14,20,-1.9744398062745887
4,7,61.0,0,14,21,-2.115941647144979
4,7,61.0,0,14,22,-2.441231410600068
4,7,61.0,0,14,26,-3.7983881902967767
4,7,61.0,0,15,27,-4.778693011482289
4,7,61.0,0,16,27,-4.1801860470560825
4,7,61.0,0,17,27,-4.070474560319155
4,7,61.0,0,18,27,-4.458910982715167
4,7,61.0,0,19,25,-3.0399869516716223
4,7,61.0,0,19,26,-3.676941324930226
4,7,61.0,0,20,24,-2.6703854199417876
4,7,61.0,0,21,24,-2.3039390037117897
4,7,61.0,0,22,24,-2.665605718646116
4,7,61.0,0,23,23,-2.8255164967730266
4,8,62.0,0,12,18,-2.026251910900797
4,8,62.0,0,12,24,-3.2162909805106494
4,8,62.0,0,12,25,-4.047040685396496
4,8,62.0,0,13,19,-1.7518355032521242
4,8,62.0,0,13,23,-2.6456823658773487
4,8,62.0,0,13,26,-4.378578751713746
4,8,62.0,0,14,19,-2.057645033868994
4,8,62.0,0,14,20,-1.9885800714895083
4,8,62.0,0,14,21,-2.132798794791327
4,8,62.0,0,14,22,-2.4621814167638973
4,8,62.0,0,14,26,-3.8277648721632147
4,8,62.0,0,15,27,-4.810211314810317
4,8,62.0,0,16,27,-4.206651592324931
4,8,62.0,0,17,27,-4.094682804731349
4,8,62.0,0,18,27,-4.4821154229462365
4,8,62.0,0,19,25,-3.057403372751523
4,8,62.0,0,19,26,-3.695831856437465
4,8,62.0,0,20,24,-2.6835114563677536
4,8,62.0,0,21,24,-2.3132327872665925
4,8,62.0,0,22,24,-2.6727824670084033
4,8,62.0,0,23,23,-2.8310684946264786
4,9,63.0,0,12,18,-2.031500521794989
4,9,63.0,0,12,24,-3.221957096969163
4,9,63.0,0,12,25,-4.052982443212414
4,9,63.0,0,13,19,-1.7571652567193325
4,9,63.0,0,13,23,-2.65348489171501
4,9,63.0,0,13,26,-4.384257363942254
4,9,63.0,0,14,19,-2.062183461997563
4,9,63.0,0,14,20,-1.9934141176699995
4,9,63.0,0,14,21,-2.1377457432844693
4,9,63.0,0,14,22,-2.4687064679115593
4,9,63.0,0,14,26,-3.8336336096059256
4,9,63.0,0,15,27,-4.8181497158284685
4,9,63.0,0,16,27,-4.212219982372318
4,9,63.0,0,17,27,-4.100440107860777
4,9,63.0,0,18,27,-4.489441694069654
4,9,63.0,0,19,25,-3.064173946548223
4,9,63.0,0,19,26,-3.70275058498207
4,9,63.0,0,20,24,-2.689482225265465
4,9,63.0,0,21,24,-2.3176934167145546
4,9,63.0,0,22,24,-2.6765324037860516
4,9,63.0,0,23,23,-2.8341106993896794
4,10,64.0,0,12,18,-2.041914974107904
4,10,64.0,0,12,24,-3.2498339675143484
4,10,64.0,0,12,25,-4.084089429315128
4,10,64.0,0,13,19,-1.768416116346721
4,10,64.0,0,13,23,-2.6784229764327563
4,10,64.0,0,13,26,-4.415517706676468
4,10,64.0,0,14,19,-2.071927828174161
4,10,64.0,0,14,20,-2.0059961416069996
4,10,64.0,0,14,21,-2.1530538423376413
4,10,64.0,0,14,22,-2.4881671429381242
4,10,64.0,0,14,26,-3.8626188353587168
4,10,64.0,0,15,27,-4.848922286259807
4,10,64.0,0,16,27,-4.238009314956287
4,10,64.0,0,17,27,-4.12354794988903
4,10,64.0,0,18,27,-4.511197640890543
4,10,64.0,0,19,25,-3.0800658059096406
4,10,64.0,0,19,26,-3.719954737218302
4,10,64.0,0,20,24,-2.70132704879601
4,10,64.0,0,21,24,-2.3260142622347004
4,10,64.0,0,22,24,-2.6830330504880244
4,10,64.0,0,23,23,-2.83918385532829
4,11,65.0,0,12,18,-2.0629094485098136
4,11,65.0,0,12,24,-3.3177714007102566
4,11,65.0,0,12,25,-4.160145736022258
4,11,65.0,0,13,19,-1.7917762051769515
4,11,65.0,0,13,23,-2.7356853441318947
4,11,65.0,0,13,26,-4.492481377962491
4,11,65.0,0,14,19,-2.0924308919506274
4,11,65.0,0,14,20,-2.0341649441397465
4,11,65.0,0,14,21,-2.18868401780378
4,11,65.0,0,14,22,-2.532623339819466
4,11,65.0,0,14,26,-3.933754494580427
4,11,65.0,0,15,27,-4.921822057090338
4,11,65.0,0,16,27,-4.301136081476017
4,11,65.0,0,17,27,-4.179240977817699
4,11,65.0,0,18,27,-4.5606720774806035
4,11,65.0,0,19,25,-3.114149559572226
4,11,65.0,0,19,26,-3.757572111364297
4,11,65.0,0,20,24,-2.7252378520157876
4,11,65.0,0,21,24,-2.342402774560675
4,11,65.0,0,22,24,-2.695316985141531
4,11,65.0,0,23,23,-2.848536247048294
4,12,66.0,0,12,18,-2.077340337118372
4,12,66.0,0,12,24,-3.35787970915797
4,12,66.0,0,12,25,-4.204659005638177
4,12,66.0,0,13,19,-1.807489958634605
4,12,66.0,0,13,23,-2.771083339944454
4,12,66.0,0,13,26,-4.537205093754693
4,12,66.0,0,14,19,-2.10610517040179
4,12,66.0,0,14,20,-2.052245105934176
4,12,66.0,0,14,21,-2.2110054666856485
4,12,66.0,0,14,22,-2.5606034610873962
4,12,66.0,0,14,26,-3.9755892313457935
4,12,66.0,0,15,27,-4.965882602499704
4,12,66.0,0,16,27,-4.338837714389172
4,12,66.0,0,17,27,-4.213060321816442
4,12,66.0,0,18,27,-4.591892746464794
4,12,66.0,0,19,25,-3.136609218519368
4,12,66.0,0,19,26,-3.782002497331277
4,12,66.0,0,20,24,-2.741619987327475
4,12,66.0,0,21,24,-2.353805055349021
4,12,66.0,0,22,24,-2.7041093866853885
4,12,66.0,0,23,23,-2.855350969726679
4,13,67.0,0,12,18,-2.086626844266135
4,13,67.0,0,12,24,-3.378507615933813
4,13,67.0,0,12,25,-4.227370101839881
4,13,67.0,0,13,19,-1.8172323335397778
4,13,67.0,0,13,23,-2.7905729178572756
4,13,67.0,0,13,26,-4.559667721736815
4,13,67.0,0,14,19,-2.1144178603810317
4,13,67.0,0,14,20,-2.062570564410805
4,13,67.0,0,14,21,-2.2232887787475306
4,13,67.0,0,14,22,-2.576304539796425
4,13,67.0,0,14,26,-3.9967268503668265
4,13,67.0,0,15,27,-4.989372484831023
4,13,67.0,0,16,27,-4.358296035379567
4,13,67.0,0,17,27,-4.230940835164375
4,13,67.0,0,18,27,-4.609563428985467
4,13,67.0,0,19,25,-3.1501653443500004
4,13,67.0,0,19,26,-3.796387057368065
4,13,67.0,0,20,24,-2.7520959864971033
4,13,67.0,0,21,24,-2.3612419782350287
4,13,67.0,0,22,24,-2.710101921333475
4,13,67.0,0,23,23,-2.8601213263394385
4,14,68.0,0,12,18,-2.0976550708998403
4,14,68.0,0,12,24,-3.4071268651145488
4,14,68.0,0,12,25,-4.259234710412812
4,14,68.0,0,13,19,-1.8289476886677818
4,14,68.0,0,13,23,-2.816033280815901
4,14,68.0,0,13,26,-4.591416017264663
4,14,68.0,0,14,19,-2.1244471375051646
4,14,68.0,0,14,20,-2.0754963697253572
4,14,68.0,0,14,21,-2.2391134011015055
4,14,68.0,0,14,22,-2.5964635288615625
4,14,68.0,0,14,26,-4.02608024565555
4,14,68.0,0,15,27,-5.020981908845329
4,14,68.0,0,16,27,-4.384903410782215
4,14,68.0,0,17,27,-4.2549007784600406
4,14,68.0,0,18,27,-4.632240236928823
4,14,68.0,0,19,25,-3.1668267265789183
4,14,68.0,0,19,26,-3.8142689279383717
4,14,68.0,0,20,24,-2.7645395886933315
4,14,68.0,0,21,24,-2.3699521756248174
4,14,68.0,0,22,24,-2.7170092167930235
4,14,68.0,0,23,23,-2.865574043610362
4,15,69.0,0,12,18,-2.12297665756455
4,15,69.0,0,12,24,-3.4899911758009523
4,15,69.0,0,12,25,-4.352072941026023
4,15,69.0,0,13,19,-1.8570446652254518
4,15,69.0,0,13,23,-2.885285807783049
4,15,69.0,0,13,26,-4.685219898405876
4,15,69.0,0,14,19,-2.1490598463686084
4,15,69.0,0,14,20,-2.109529583964502
4,15,69.0,0,14,21,-2.282413792252626
4,15,69.0,0,14,22,-2.650406475449543
4,15,69.0,0,14,26,-4.11255209415134
4,15,69.0,0,15,27,-5.109651312693899
4,15,69.0,0,16,27,-4.46194765053778
4,15,69.0,0,17,27,-4.322850596989326
4,15,69.0,0,18,27,-4.692355616194135
4,15,69.0,0,19,25,-3.2080669407070417
4,15,69.0,0,19,26,-3.8597555986201257
4,15,69.0,0,20,24,-2.7933001904049135
4,15,69.0,0,21,24,-2.3895797574611777
4,15,69.0,0,22,24,-2.7317307418949213
4,15,69.0,0,23,23,-2.876801414662282
4,16,70.0,0,12,18,-2.1457569523658293
4,16,70.0,0,12,24,-3.559204684516004
4,16,70.0,0,12,25,-4.429245554690539
4,16,70.0,0,13,19,-1.8820995689494353
4,16,70.0,0,13,23,-2.944450754947354
4,16,70.0,0,13,26,-4.762961573655787
4,16,70.0,0,14,19,-2.1709711585953144
4,16,70.0,0,14,20,-2.139334787604625
4,16,70.0,0,14,21,-2.319901181828385
4,16,70.0,0,14,22,-2.6970328148778435
4,16,70.0,0,14,26,-4.1847513177652615
4,16,70.0,0,15,27,-5.1845967943399955
4,16,70.0,0,16,27,-4.5268561939651875
4,16,70.0,0,17,27,-4.380615729508804
4,16,70.0,0,18,27,-4.744328403789808
4,16,70.0,0,19,25,-3.2444744593882007
4,16,70.0,0,19,26,-3.89966686058132
4,16,70.0,0,20,24,-2.8191353590692074
4,16,70.0,0,21,24,-2.4073365241459257
4,16,70.0,0,22,24,-2.745201109382297
4,16,70.0,0,23,23,-2.887149823211459
4,17,71.0,0,12,18,-2.1650381910504564
4,17,71.0,0,12,24,-3.6132968076120733
4,17,71.0,0,12,25,-4.489402964964512
4,17,71.0,0,13,19,-1.903032727437278
4,17,71.0,0,13,23,-2.991742912427185
4,17,71.0,0,13,26,-4.823309509675994
4,17,71.0,0,14,19,-2.189192012986979
4,17,71.0,0,14,20,-2.1636145266373603
4,17,71.0,0,14,21,-2.350052686526638
4,17,71.0,0,14,22,-2.7346353852988585
4,17,71.0,0,14,26,-4.240952011154604
4,17,71.0,0,15,27,-5.2438723709642545
4,17,71.0,0,16,27,-4.5777550183507
4,17,71.0,0,17,27,-4.426301547703417
4,17,71.0,0,18,27,-4.786314123032156
4,17,71.0,0,19,25,-3.2745742672276066
4,17,71.0,0,19,26,-3.932399957604531
4,17,71.0,0,20,24,-2.8409483205973842
4,17,71.0,0,21,24,-2.422445125045563
4,17,71.0,0,22,24,-2.756847176669602
4,17,71.0,0,23,23,-2.896188968237709
4,18,72.0,0,12,18,-2.1855788446734152
4,18,72.0,0,12,24,-3.6718564394966506
4,18,72.0,0,12,25,-4.554684581164622
4,18,72.0,0,13,19,-1.9253356153346246
4,18,72.0,0,13,23,-3.0425963723793075
4,18,72.0,0,13,26,-4.888828712574053
4,18,72.0,0,14,19,-2.2086029393518416
4,18,72.0,0,14,20,-2.1895448697173094
4,18,72.0,0,14,21,-2.3823294331290867
4,18,72.0,0,14,22,-2.7749307903511777
4,18,72.0,0,14,26,-4.301712974585655
4,18,72.0,0,15,27,-5.307818060704221
4,18,72.0,0,16,27,-4.632616159871304
4,18,72.0,0,17,27,-4.475418721312138
4,18,72.0,0,18,27,-4.831321014556721
4,18,72.0,0,19,25,-3.3067094342258656
4,18,72.0,0,19,26,-3.967376306226811
4,18,72.0,0,20,24,-2.864177784780715
4,18,72.0,0,21,24,-2.438512162137215
4,18,72.0,0,22,24,-2.7692241642408852
4,18,72.0,0,23,23,-2.9057938538190022
4,19,73.0,0,12,18,-2.203873191981778
4,19,73.0,0,12,24,-3.7213130004981565
4,19,73.0,0,12,25,-4.609767275990436
4,19,73.0,0,13,19,-1.9449766121103167
4,19,73.0,0,13,23,-3.0860919283495036
4,19,73.0,0,13,26,-4.943892669306592
4,19,73.0,0,14,19,-2.2256120708974336
4,19,73.0,0,14,20,-2.211920976519238
4,19,73.0,0,14,21,-2.4099551983482
4,19,73.0,0,14,22,-2.8095648437046776
4,19,73.0,0,14,26,-4.352736731276906
4,19,73.0,0,15,27,-5.362191908532424
4,19,73.0,0,16,27,-4.678918504450934
4,19,73.0,0,17,27,-4.51708266188092
4,19,73.0,0,18,27,-4.87010307898862
4,19,73.0,0,19,25,-3.3348335924803933
4,19,73.0,0,19,26,-3.997791268843443
4,19,73.0,0,20,24,-2.8848174168527194
4,19,73.0,0,21,24,-2.452856681928388
4,19,73.0,0,22,24,-2.7804200191316752
4,19,73.0,0,23,23,-2.9145559327252712
4,20,74.0,0,12,18,-2.221976671732399
4,20,74.0,0,12,24,-3.7702379160783153
4,20,74.0,0,12,25,-4.664338371906609
4,20,74.0,0,13,19,-1.9643338759162319
4,20,74.0,0,13,23,-3.128957518249365
4,20,74.0,0,13,26,-4.998374557881675
4,20,74.0,0,14,19,-2.2423350187722946
4,20,74.0,0,14,20,-2.233872255535019
4,20,74.0,0,14,21,-2.437071053586024
4,20,74.0,0,14,22,-2.8436552467495204
4,20,74.0,0,14,26,-4.403022435829371
4,20,74.0,0,15,27,-5.415888952223668
4,20,74.0,0,16,27,-4.724548361071555
4,20,74.0,0,17,27,-4.5581002445842955
4,20,74.0,0,18,27,-4.908345663384864
4,20,74.0,0,19,25,-3.362576150964415
4,20,74.0,0,19,26,-4.027747953970945
4,20,74.0,0,20,24,-2.905217834114886
4,20,74.0,0,21,24,-2.4670319343701053
4,20,74.0,0,22,24,-2.7915300959386258
4,20,74.0,0,23,23,-2.923276584458872
4,21,75.0,0,12,18,-2.231993988497649
4,21,75.0,0,12,24,-3.7887936124079147
4,21,75.0,0,12,25,-4.684844658689315
4,21,75.0,0,13,19,-1.9743422234778762
4,21,75.0,0,13,23,-3.1470074373387433
4,21,75.0,0,13,26,-5.018088723118495
4,21,75.0,0,14,19,-2.2506921692064665
4,21,75.0,0,14,20,-2.2437401311302096
4,21,75.0,0,14,21,-2.448546593449805
4,21,75.0,0,14,22,-2.858587282445484
4,21,75.0,0,14,26,-4.421096937326581
4,21,75.0,0,15,27,-5.43748978360793
4,21,75.0,0,16,27,-4.7418019983077215
4,21,75.0,0,17,27,-4.574310257104969
4,21,75.0,0,18,27,-4.92544935353439
4,21,75.0,0,19,25,-3.37638531775724
4,21,75.0,0,19,26,-4.042017081722378
4,21,75.0,0,20,24,-2.9163569646447556
4,21,75.0,0,21,24,-2.4749862275980874
4,21,75.0,0,22,24,-2.7982269840202463
4,21,75.0,0,23,23,-2.928762506534227
4,22,76.0,0,12,18,-2.2414858375544213
4,22,76.0,0,12,24,-3.8078069049297767
4,22,76.0,0,12,25,-4.706103455455434
4,22,76.0,0,13,19,-1.9837390198110754
4,22,76.0,0,13,23,-3.1646275844491356
4,22,76.0,0,13,26,-5.038530959946684
4,22,76.0,0,14,19,-2.2584638262185592
4,22,76.0,0,14,20,-2.2529658561286396
4,22,76.0,0,14,21,-2.459445467376426
4,22,76.0,0,14,22,-2.872951370063575
4,22,76.0,0,14,26,-4.4393725979158205
4,22,76.0,0,15,27,-5.459096668818717
4,22,76.0,0,16,27,-4.759083468451678
4,22,76.0,0,17,27,-4.5902852424079015
4,22,76.0,0,18,27,-4.942037319499121
4,22,76.0,0,19,25,-3.3895238454448133
4,22,76.0,0,19,26,-4.055574976233274
4,22,76.0,0,20,24,-2.9268807004827906
4,22,76.0,0,21,24,-2.482454435127103
4,22,76.0,0,22,24,-2.8045651000045346
4,22,76.0,0,23,23,-2.9339841868497167
4,23,77.0,0,12,18,-2.249342996180168
4,23,77.0,0,12,24,-3.8223653878505104
4,23,77.0,0,12,25,-4.722469619284823
4,23,77.0,0,13,19,-1.991254429434683
4,23,77.0,0,13,23,-3.1780464641187507
4,23,77.0,0,13,26,-5.053938295053797
4,23,77.0,0,14,19,-2.264536503682322
4,23,77.0,0,14,20,-2.259912434262617
4,23,77.0,0,14,21,-2.467591946647403
4,23,77.0,0,14,22,-2.883985787715062
4,23,77.0,0,14,26,-4.452750345482968
4,23,77.0,0,15,27,-5.475689690206593
4,23,77.0,0,16,27,-4.772057220623509
4,23,77.0,0,17,27,-4.602346579190396
4,23,77.0,0,18,27,-4.955036013790675
4,23,77.0,0,19,25,-3.4000537832766895
4,23,77.0,0,19,26,-4.066231601353593
4,23,77.0,0,20,24,-2.935526617438697
4,23,77.0,0,21,24,-2.4886005286909736
4,23,77.0,0,22,24,-2.809944800570271
4,23,77.0,0,23,23,-2.9384977118299567
4,24,78.0,0,12,18,-2.2554749649596104
4,24,78.0,0,12,24,-3.832011688890958
4,24,78.0,0,12,25,-4.733412861991809
4,24,78.0,0,13,19,-1.9967956326741714
4,24,78.0,0,13,23,-3.1869430186478667
4,24,78.0,0,13,26,-5.063778750342266
4,24,78.0,0,14,19,-2.2688402642706436
4,24,78.0,0,14,20,-2.2644828707953053
4,24,78.0,0,14,21,-2.472849277298778
4,24,78.0,0,14,22,-2.891483099507724
4,24,78.0,0,14,26,-4.460786053824506
4,24,78.0,0,15,27,-5.486834955813293
4,24,78.0,0,16,27,-4.780366603843646
4,24,78.0,0,17,27,-4.6102120876149115
4,24,78.0,0,18,27,-4.964207141406945
4,24,78.0,0,19,25,-3.4078318032450596
4,24,78.0,0,19,26,-4.0738305215471655
4,24,78.0,0,20,24,-2.942196614740105
4,24,78.0,0,21,24,-2.493358788077252
4,24,78.0,0,22,24,-2.814311538212678
4,24,78.0,0,23,23,-2.942258749164729
4,25,79.0,0,12,18,-2.259930974038326
4,25,79.0,0,12,24,-3.836901963780406
4,25,79.0,0,12,25,-4.739107869112814
4,25,79.0,0,13,19,-2.0004305628436683
4,25,79.0,0,13,23,-3.1914716399626
4,25,79.0,0,13,26,-5.068242334957063
4,25,79.0,0,14,19,-2.271447352361669
4,25,79.0,0,14,20,-2.266786060718559
4,25,79.0,0,14,21,-2.4753505993075606
4,25,79.0,0,14,22,-2.8955795119366883
4,25,79.0,0,14,26,-4.4636747392040945
4,25,79.0,0,15,27,-5.4927248787558085
4,25,79.0,0,16,27,-4.784190277682768
4,25,79.0,0,17,27,-4.614051994802139
4,25,79.0,0,18,27,-4.969693292180324
4,25,79.0,0,19,25,-3.412956318321008
4,25,79.0,0,19,26,-4.078489484924475
4,25,79.0,0,20,24,-2.9469523686684838
4,25,79.0,0,21,24,-2.4967704115956977
4,25,79.0,0,22,24,-2.8176872969048503
4,25,79.0,0,23,23,-2.9452793978486227
4,26,80.0,0,12,18,-2.2645602264500013
4,26,80.0,0,12,24,-3.8439892498998063
4,26,80.0,0,12,25,-4.747366818553758
4,26,80.0,0,13,19,-2.004294064508656
4,26,80.0,0,13,23,-3.1972984300483915
4,26,80.0,0,13,26,-5.075299893443599
4,26,80.0,0,14,19,-2.2742725261483727
4,26,80.0,0,14,20,-2.2695880836813416
4,26,80.0,0,14,21,-2.478676428378634
4,26,80.0,0,14,22,-2.900653224992979
4,26,80.0,0,14,26,-4.4687817893766635
4,26,80.0,0,15,27,-5.500707926156537
4,26,80.0,0,16,27,-4.790019782226864
4,26,80.0,0,17,27,-4.619541899041451
4,26,80.0,0,18,27,-4.976331604204347
4,26,80.0,0,19,25,-3.418614341736074
4,26,80.0,0,19,26,-4.083797494956016
4,26,80.0,0,20,24,-2.951912827524964
4,26,80.0,0,21,24,-2.500257045399458
4,26,80.0,0,22,24,-2.8210812836073487
4,26,80.0,0,23,23,-2.9483002184111022
4,27,81.0,0,12,18,-2.267662505794057
4,27,81.0,0,12,24,-3.846312374329699
4,27,81.0,0,12,25,-4.750324948115036
4,27,81.0,0,13,19,-2.0064320662818957
4,27,81.0,0,13,23,-3.198945053614949
4,27,81.0,0,13,26,-5.07694592069052
4,27,81.0,0,14,19,-2.275586934707448
4,27,81.0,0,14,20,-2.2703458106232546
4,27,81.0,0,14,21,-2.4794667848348553
4,27,81.0,0,14,22,-2.902536627603425
4,27,81.0,0,14,26,-4.468816511514888
4,27,81.0,0,15,27,-5.503556746154175
4,27,81.0,0,16,27,-4.7914634592365815
4,27,81.0,0,17,27,-4.6211622536172
4,27,81.0,0,18,27,-4.979490667875751
4,27,81.0,0,19,25,-3.4218324263720774
4,27,81.0,0,19,26,-4.08640435105373
4,27,81.0,0,20,24,-2.9551394667177178
4,27,81.0,0,21,24,-2.502534252181185
4,27,81.0,0,22,24,-2.8235790769908213
4,27,81.0,0,23,23,-2.9506474741145787
4,28,82.0,0,12,18,-2.2723321070612386
4,28,82.0,0,12,24,-3.855695094306782
4,28,82.0,0,12,25,-4.761294189153261
4,28,82.0,0,13,19,-2.0104082773896153
4,28,82.0,0,13,23,-3.205978524539688
4,28,82.0,0,13,26,-5.0867565752587325
4,28,82.0,0,14,19,-2.2785744537760877
4,28,82.0,0,14,20,-2.273661798200024
4,28,82.0,0,14,21,-2.4836967892203745
4,28,82.0,0,14,22,-2.9085761971651465
4,28,82.0,0,14,26,-4.476263375580402
4,28,82.0,0,15,27,-5.513711207758746
4,28,82.0,0,16,27,-4.79948429022474
4,28,82.0,0,17,27,-4.628463627455687
4,28,82.0,0,18,27,-4.987297191849649
4,28,82.0,0,19,25,-3.427941509224567
4,28,82.0,0,19,26,-4.092311530543341
4,28,82.0,0,20,24,-2.9601732857770315
4,28,82.0,0,21,24,-2.505975697082519
4,28,82.0,0,22,24,-2.82687139394751
4,28,82.0,0,23,23,-2.953564983991857
4,29,83.0,0,12,18,-2.2802838068485585
4,29,83.0,0,12,24,-3.8777845102465847
4,29,83.0,0,12,25,-4.786552430611152
4,29,83.0,0,13,19,-2.0181822657085178
4,29,83.0,0,13,23,-3.2232173375123807
4,29,83.0,0,13,26,-5.111127410339208
4,29,83.0,0,14,19,-2.2849945860257534
4,29,83.0,0,14,20,-2.282000926886724
4,29,83.0,0,14,21,-2.494481921703894
4,29,83.0,0,14,22,-2.9225621053168993
4,29,83.0,0,14,26,-4.497144757360104
4,29,83.0,0,15,27,-5.537266870116099
4,29,83.0,0,16,27,-4.81944544995477
4,29,83.0,0,17,27,-4.646207251049361
4,29,83.0,0,18,27,-5.00392308232901
4,29,83.0,0,19,25,-3.439796123653224
4,29,83.0,0,19,26,-4.104708435805975
4,29,83.0,0,20,24,-2.968977534525834
4,29,83.0,0,21,24,-2.511921713302023
4,29,83.0,0,22,24,-2.831926834761557
4,29,83.0,0,23,23,-2.957771354059169
4,30,84.0,0,12,18,-2.290948977097088
4,30,84.0,0,12,24,-3.909393780339144
4,30,84.0,0,12,25,-4.822454753948705
4,30,84.0,0,13,19,-2.029080317073756
4,30,84.0,0,13,23,-3.248368882639255
4,30,84.0,0,13,26,-5.146344082172789
4,30,84.0,0,14,19,-2.294255867188525
4,30,84.0,0,14,20,-2.294404699949723
4,30,84.0,0,14,21,-2.510470045147258
4,30,84.0,0,14,22,-2.942802516754057
4,30,84.0,0,14,26,-4.528160157112779
4,30,84.0,0,15,27,-5.571040214660343
4,30,84.0,0,16,27,-4.848481190666007
4,30,84.0,0,17,27,-4.671984777274986
4,30,84.0,0,18,27,-5.027469859050825
4,30,84.0,0,19,25,-3.4562887910363145
4,30,84.0,0,19,26,-4.122322312909631
4,30,84.0,0,20,24,-2.980903765470657
4,30,84.0,0,21,24,-2.519969636383607
4,30,84.0,0,22,24,-2.838476847248522
4,30,84.0,0,23,23,-2.9630766544477787
4,31,85.0,0,12,18,-2.2932456086042947
4,31,85.0,0,12,24,-3.9082287748177293
4,31,85.0,0,12,25,-4.821479348617061
4,31,85.0,0,13,19,-2.0303562813542797
4,31,85.0,0,13,23,-3.2472634072352093
4,31,85.0,0,13,26,-5.144000422966485
4,31,85.0,0,14,19,-2.2949917942023603
4,31,85.0,0,14,20,-2.2943939239899436
4,31,85.0,0,14,21,-2.5102096394665807
4,31,85.0,0,14,22,-2.942949060886008
4,31,85.0,0,14,26,-4.5246914454995135
4,31,85.0,0,15,27,-5.570535036405062
4,31,85.0,0,16,27,-4.847221935044786
4,31,85.0,0,17,27,-4.671463205223205
4,31,85.0,0,18,27,-5.028765604347171
4,31,85.0,0,19,25,-3.4582976004954276
4,31,85.0,0,19,26,-4.123647650560287
4,31,85.0,0,20,24,-2.9832854668821938
4,31,85.0,0,21,24,-2.5216463511626728
4,31,85.0,0,22,24,-2.8404822292860032
4,31,85.0,0,23,23,-2.965033152947825
4,32,86.0,0,12,18,-2.2972439252002204
4,32,86.0,0,12,24,-3.9152159818554537
4,32,86.0,0,12,25,-4.829879039558961
4,32,86.0,0,13,19,-2.0336297320151573
4,32,86.0,0,13,23,-3.252301803135026
4,32,86.0,0,13,26,-5.151252525388628
4,32,86.0,0,14,19,-2.2975375874811306
4,32,86.0,0,14,20,-2.297121883171144
4,32,86.0,0,14,21,-2.513624855527368
4,32,86.0,0,14,22,-2.9476438795688154
4,32,86.0,0,14,26,-4.5297434514420445
4,32,86.0,0,15,27,-5.578355544681671
4,32,86.0,0,16,27,-4.853275241094394
4,32,86.0,0,17,27,-4.6771546747446
4,32,86.0,0,18,27,-5.035145384705373
4,32,86.0,0,19,25,-3.4634259537812966
4,32,86.0,0,19,26,-4.128551974722399
4,32,86.0,0,20,24,-2.987634059812727
4,32,86.0,0,21,24,-2.5246005813454246
4,32,86.0,0,22,24,-2.8433658888717446
4,32,86.0,0,23,23,-2.967621131130592
4,33,87.0,0,12,18,-2.306182321157088
4,33,87.0,0,12,24,-3.9414752116983607
4,33,87.0,0,12,25,-4.85998528056885
4,33,87.0,0,13,19,-2.042608676879439
4,33,87.0,0,13,23,-3.2728077721607463
4,33,87.0,0,13,26,-5.180639078691257
4,33,87.0,0,14,19,-2.305211698738624
4,33,87.0,0,14,20,-2.3073053763649938
4,33,87.0,0,14,21,-2.5267529089402956
4,33,87.0,0,14,22,-2.9642341218211072
4,33,87.0,0,14,26,-4.555137424742014
4,33,87.0,0,15,27,-5.606412971330371
4,33,87.0,0,16,27,-4.877236330857954
4,33,87.0,0,17,27,-4.698432729581839
4,33,87.0,0,18,27,-5.054720143092112
4,33,87.0,0,19,25,-3.4771429120642665
4,33,87.0,0,19,26,-4.143153606611193
4,33,87.0,0,20,24,-2.997652841081589
4,33,87.0,0,21,24,-2.5313394268858005
4,33,87.0,0,22,24,-2.8489305798659927
4,33,87.0,0,23,23,-2.9721748749878394
4,34,88.0,0,12,18,-2.3152614301000725
4,34,88.0,0,12,24,-3.9672465291141634
4,34,88.0,0,12,25,-4.889458600300628
4,34,88.0,0,13,19,-2.0517487114172113
4,34,88.0,0,13,23,-3.293206959133812
4,34,88.0,0,13,26,-5.209386085899979
4,34,88.0,0,14,19,-2.3130818945167135
4,34,88.0,0,14,20,-2.317680446431126
4,34,88.0,0,14,21,-2.5400149105367547
4,34,88.0,0,14,22,-2.980879156312781
4,34,88.0,0,14,26,-4.580122542437323
4,34,88.0,0,15,27,-5.634173924303667
4,34,88.0,0,16,27,-4.9009538484945665
4,34,88.0,0,17,27,-4.719621127740936
4,34,88.0,0,18,27,-5.074350429679839
4,34,88.0,0,19,25,-3.4910197057205608
4,34,88.0,0,19,26,-4.1579321168396035
4,34,88.0,0,20,24,-3.0078561311389223
4,34,88.0,0,21,24,-2.5382283072510106
4,34,88.0,0,22,24,-2.8546066124220744
4,34,88.0,0,23,23,-2.976811168850439
4,35,89.0,0,12,18,-2.323369515386858
4,35,89.0,0,12,24,-3.988684692096683
4,35,89.0,0,12,25,-4.914052241961826
4,35,89.0,0,13,19,-2.059771849002992
4,35,89.0,0,13,23,-3.3102845332288666
4,35,89.0,0,13,26,-5.233179185887764
4,35,89.0,0,14,19,-2.320000111978537
4,35,89.0,0,14,20,-2.326599449500904
4,35,89.0,0,14,21,-2.5512928515671263
4,35,89.0,0,14,22,-2.995021973781803
4,35,89.0,0,14,26,-4.600605149092559
4,35,89.0,0,15,27,-5.657517646085182
4,35,89.0,0,16,27,-4.920727097982962
4,35,89.0,0,17,27,-4.737438441669667
4,35,89.0,0,18,27,-5.091213589883154
4,35,89.0,0,19,25,-3.5031598602139127
4,35,89.0,0,19,26,-4.170762879677753
4,35,89.0,0,20,24,-3.0169720991120954
4,35,89.0,0,21,24,-2.544411082098037
4,35,89.0,0,22,24,-2.8597835594084238
4,35,89.0,0,23,23,-2.9810803326285367
4,36,90.0,0,12,18,-2.329995983937515
4,36,90.0,0,12,24,-4.004409123910705
4,36,90.0,0,12,25,-4.932269361222353
4,36,90.0,0,13,19,-2.0660973636253104
4,36,90.0,0,13,23,-3.3227697349481957
4,36,90.0,0,13,26,-5.250499634201788
4,36,90.0,0,14,19,-2.3254392756428572
4,36,90.0,0,14,20,-2.3333386053071052
4,36,90.0,0,14,21,-2.559694172732023
4,36,90.0,0,14,22,-3.005608212111042
4,36,90.0,0,14,26,-4.6150866027489315
4,36,90.0,0,15,27,-5.674886468359915
4,36,90.0,0,16,27,-4.9351658759099735
4,36,90.0,0,17,27,-4.750607750941043
4,36,90.0,0,18,27,-5.104156640536814
4,36,90.0,0,19,25,-3.5127344002248435
4,36,90.0,0,19,26,-4.180727343886161
4,36,90.0,0,20,24,-3.0244162504466345
4,36,90.0,0,21,24,-2.549484416952545
4,36,90.0,0,22,24,-2.8641686587046244
4,36,90.0,0,23,23,-2.984764353826588
4,37,91.0,0,12,18,-2.3335370539322042
4,37,91.0,0,12,24,-4.008873582376765
4,37,91.0,0,12,25,-4.937908431424432
4,37,91.0,0,13,19,-2.068891681833641
4,37,91.0,0,13,23,-3.3260256319860844
4,37,91.0,0,13,26,-5.255031966844939
4,37,91.0,0,14,19,-2.3277573039551243
4,37,91.0,0,14,20,-2.335570461442785
4,37,91.0,0,14,21,-2.5622471412487613
4,37,91.0,0,14,22,-3.009013166614281
4,37,91.0,0,14,26,-4.617682899996339
4,37,91.0,0,15,27,-5.680346623698114
4,37,91.0,0,16,27,-4.939047643901262
4,37,91.0,0,17,27,-4.754520110152924
4,37,91.0,0,18,27,-5.109181655358469
4,37,91.0,0,19,25,-3.5170443989810565
4,37,91.0,0,19,26,-4.184805484350036
4,37,91.0,0,20,24,-3.028355176547997
4,37,91.0,0,21,24,-2.552205936975504
4,37,91.0,0,22,24,-2.8668671406174298
4,37,91.0,0,23,23,-2.9872000472348645
4,38,92.0,0,12,18,-2.3360593160156284
4,38,92.0,0,12,24,-4.0106731575369
4,38,92.0,0,12,25,-4.940672742046445
4,38,92.0,0,13,19,-2.070546863513208
4,38,92.0,0,13,23,-3.3268086616556047
4,38,92.0,0,13,26,-5.256666280989407
4,38,92.0,0,14,19,-2.3290806531441817
4,38,92.0,0,14,20,-2.336441345274892
4,38,92.0,0,14,21,-2.5631150778263816
4,38,92.0,0,14,22,-3.0103811705344157
4,38,92.0,0,14,26,-4.6174245771726135
4,38,92.0,0,15,27,-5.682822070532069
4,38,92.0,0,16,27,-4.940291887032885
4,38,92.0,0,17,27,-4.756014027659262
4,38,92.0,0,18,27,-5.112000763527163
4,38,92.0,0,19,25,-3.519739073562917
4,38,92.0,0,19,26,-4.187121802918895
4,38,92.0,0,20,24,-3.0311515715373574
4,38,92.0,0,21,24,-2.5541373858500975
4,38,92.0,0,22,24,-2.868980004155084
4,38,92.0,0,23,23,-2.989192586841451
4,39,93.0,0,12,18,-2.3345366923372097
4,39,93.0,0,12,24,-3.9983114445304295
4,39,93.0,0,12,25,-4.927608456495619
4,39,93.0,0,13,19,-2.0675918172244323
4,39,93.0,0,13,23,-3.3158214887049837
4,39,93.0,0,13,26,-5.242202487810971
4,39,93.0,0,14,19,-2.3263169335104763
4,39,93.0,0,14,20,-2.331494137484725
4,39,93.0,0,14,21,-2.556514554363389
4,39,93.0,0,14,22,-3.0025824122780733
4,39,93.0,0,14,26,-4.602200764559001
4,39,93.0,0,15,27,-5.6702256236522715
4,39,93.0,0,16,27,-4.928271718706355
4,39,93.0,0,17,27,-4.745836066065493
4,39,93.0,0,18,27,-5.104721829799615
4,39,93.0,0,19,25,-3.5156309048045244
4,39,93.0,0,19,26,-4.1818460167849025
4,39,93.0,0,20,24,-3.0293479323379486
4,39,93.0,0,21,24,-2.552958901883997
4,39,93.0,0,22,24,-2.8688460282282193
4,39,93.0,0,23,23,-2.989514853375759
4,40,94.0,0,12,18,-2.3320358354833743
4,40,94.0,0,12,24,-3.9842070181468614
4,40,94.0,0,12,25,-4.912727543296853
4,40,94.0,0,13,19,-2.063572564861886
4,40,94.0,0,13,23,-3.302915353828382
4,40,94.0,0,13,26,-5.225926695535634
4,40,94.0,0,14,19,-2.3226253663768617
4,40,94.0,0,14,20,-2.325373919911627
4,40,94.0,0,14,21,-2.5485565137291672
4,40,94.0,0,14,22,-2.9931463761675445
4,40,94.0,0,14,26,-4.585084135085452
4,40,94.0,0,15,27,-5.65551179384812
4,40,94.0,0,16,27,-4.914463066613905
4,40,94.0,0,17,27,-4.733928005840966
4,40,94.0,0,18,27,-5.095693499322266
4,40,94.0,0,19,25,-3.5100986742396003
4,40,94.0,0,19,26,-4.175050484911409
4,40,94.0,0,20,24,-3.026451451574175
4,40,94.0,0,21,24,-2.5509978016220956
4,40,94.0,0,22,24,-2.868109337213191
4,40,94.0,0,23,23,-2.9893706560604905
4,41,95.0,0,12,18,-2.33148487936063
4,41,95.0,0,12,24,-3.9790512414684542
4,41,95.0,0,12,25,-4.907984454676466
4,41,95.0,0,13,19,-2.0618563592683117
4,41,95.0,0,13,23,-3.2968708258572974
4,41,95.0,0,13,26,-5.220014592029543
4,41,95.0,0,14,19,-2.3210177626543214
4,41,95.0,0,14,20,-2.3224167118551122
4,41,95.0,0,14,21,-2.544844138311902
4,41,95.0,0,14,22,-2.988914492852217
4,41,95.0,0,14,26,-4.5774045090203686
4,41,95.0,0,15,27,-5.650026702137438
4,41,95.0,0,16,27,-4.908929868299765
4,41,95.0,0,17,27,-4.729125519706685
4,41,95.0,0,18,27,-5.092475978425341
4,41,95.0,0,19,25,-3.508158617252235
4,41,95.0,0,19,26,-4.172367080656443
4,41,95.0,0,20,24,-3.025811367442408
4,41,95.0,0,21,24,-2.5505050912581595
4,41,95.0,0,22,24,-2.868376301498273
4,41,95.0,0,23,23,-2.989943422066439
4,42,96.0,0,12,18,-2.332081840089508
4,42,96.0,0,12,24,-3.9787329728416694
4,42,96.0,0,12,25,-4.908667865532806
4,42,96.0,0,13,19,-2.061507617062908
4,42,96.0,0,13,23,-3.294659716693218
4,42,96.0,0,13,26,-5.2196616425875675
4,42,96.0,0,14,19,-2.3206728853815903
4,42,96.0,0,14,20,-2.321351080696317
4,42,96.0,0,14,21,-2.5436280401038402
4,42,96.0,0,14,22,-2.987674389287605
4,42,96.0,0,14,26,-4.574905645475184
4,42,96.0,0,15,27,-5.649639982406512
4,42,96.0,0,16,27,-4.908021568111366
4,42,96.0,0,17,27,-4.728358562703164
4,42,96.0,0,18,27,-5.092592209958184
4,42,96.0,0,19,25,-3.508323797959406
4,42,96.0,0,19,26,-4.172096734304219
4,42,96.0,0,20,24,-3.0265125148869743
4,42,96.0,0,21,24,-2.5508941991942606
4,42,96.0,0,22,24,-2.8692409373663033
4,42,96.0,0,23,23,-2.9909392646878814
4,43,97.0,0,12,18,-2.3320130334360485
4,43,97.0,0,12,24,-3.975952373391607
4,43,97.0,0,12,25,-4.9065670456744215
4,43,97.0,0,13,19,-2.0604340568543833
4,43,97.0,0,13,23,-3.2904931725413746
4,43,97.0,0,13,26,-5.216509718110217
4,43,97.0,0,14,19,-2.3197292307963124
4,43,97.0,0,14,20,-2.3194414805697505
4,43,97.0,0,14,21,-2.541306128036055
4,43,97.0,0,14,22,-2.9849873862476244
4,43,97.0,0,14,26,-4.569913734105654
4,43,97.0,0,15,27,-5.646741599320507
4,43,97.0,0,16,27,-4.904972054219002
4,43,97.0,0,17,27,-4.725760805569109
4,43,97.0,0,18,27,-5.091114535538168
4,43,97.0,0,19,25,-3.5074180774431056
4,43,97.0,0,19,26,-4.170657597960812
4,43,97.0,0,20,24,-3.026482262625393
4,43,97.0,0,21,24,-2.5507902958510087
4,43,97.0,0,22,24,-2.869729279981474
4,43,97.0,0,23,23,-2.9916433744499393
4,44,98.0,0,12,18,-2.333510173172762
4,44,98.0,0,12,24,-3.979360032749298
4,44,98.0,0,12,25,-4.911444573624038
4,44,98.0,0,13,19,-2.0612016564903968
4,44,98.0,0,13,23,-3.2913294894976843
4,44,98.0,0,13,26,-5.220514747966064
4,44,98.0,0,14,19,-2.3204720546502458
4,44,98.0,0,14,20,-2.3199959496827915
4,44,98.0,0,14,21,-2.5421838394454284
4,44,98.0,0,14,22,-2.986168736976367
4,44,98.0,0,14,26,-4.571541230998264
4,44,98.0,0,15,27,-5.650402404688663
4,44,98.0,0,16,27,-4.9077541321203455
4,44,98.0,0,17,27,-4.7282572022008935
4,44,98.0,0,18,27,-5.093926661325185
4,44,98.0,0,19,25,-3.5092875165299944
4,44,98.0,0,19,26,-4.17237861653652
4,44,98.0,0,20,24,-3.0282713625351008
4,44,98.0,0,21,24,-2.551901405907387
4,44,98.0,0,22,24,-2.871060462632375
4,44,98.0,0,23,23,-2.9929541810719975
4,45,99.0,0,12,18,-2.336574295283043
4,45,99.0,0,12,24,-3.9884409910314673
4,45,99.0,0,12,25,-4.922681660580679
4,45,99.0,0,13,19,-2.063800138399394
4,45,99.0,0,13,23,-3.296894004284354
4,45,99.0,0,13,26,-5.23104307171036
4,45,99.0,0,14,19,-2.322894523067788
4,45,99.0,0,14,20,-2.3229542987792655
4,45,99.0,0,14,21,-2.5461319031201555
4,45,99.0,0,14,22,-2.991046524102032
4,45,99.0,0,14,26,-4.579273682848111
4,45,99.0,0,15,27,-5.660163211704003
4,45,99.0,0,16,27,-4.915942068066613
4,45,99.0,0,17,27,-4.7355215587632244
4,45,99.0,0,18,27,-5.1008257645762285
4,45,99.0,0,19,25,-3.5138687287369947
4,45,99.0,0,19,26,-4.177173143326769
4,45,99.0,0,20,24,-3.0318803507137204
4,45,99.0,0,21,24,-2.5542434000577856
4,45,99.0,0,22,24,-2.8732559681792296
4,45,99.0,0,23,23,-2.9948920114492594
4,46,100.0,0,12,18,-2.332828807366795
4,46,100.0,0,12,24,-3.9712732397800323
4,46,100.0,0,12,25,-4.904400837754935
4,46,100.0,0,13,19,-2.058596377154913
4,46,100.0,0,13,23,-3.281381079049652
4,46,100.0,0,13,26,-5.211545764617995
4,46,100.0,0,14,19,-2.3184046171686177
4,46,100.0,0,14,20,-2.315871736985514
4,46,100.0,0,14,21,-2.5369611944563104
4,46,100.0,0,14,22,-2.9797314323604667
4,46,100.0,0,14,26,-4.559433497552163
4,46,100.0,0,15,27,-5.6424338099386375
4,46,100.0,0,16,27,-4.899837708637364
4,46,100.0,0,17,27,-4.721655134269469
4,46,100.0,0,18,27,-5.089792758938131
4,46,100.0,0,19,25,-3.506720304266196
4,46,100.0,0,19,26,-4.168799910240367
4,46,100.0,0,20,24,-3.0277335956702345
4,46,100.0,0,21,24,-2.551407189300818
4,46,100.0,0,22,24,-2.871745767339803
4,46,100.0,0,23,23,-2.9940904961180124
4,47,101.0,0,12,18,-2.326020232779392
4,47,101.0,0,12,24,-3.944253482569394
4,47,101.0,0,12,25,-4.87522541167354
4,47,101.0,0,13,19,-2.049934739232114
4,47,101.0,0,13,23,-3.2574762922387492
4,47,101.0,0,13,26,-5.181021880652338
4,47,101.0,0,14,19,-2.31085545320429
4,47,101.0,0,14,20,-2.30449589196904
4,47,101.0,0,14,21,-2.522333061461211
4,47,101.0,0,14,22,-2.961753292738578
4,47,101.0,0,14,26,-4.529183564089976
4,47,101.0,0,15,27,-5.614094375120402
4,47,101.0,0,16,27,-4.874349893393173
4,47,101.0,0,17,27,-4.699434900966452
4,47,101.0,0,18,27,-5.071422798910675
4,47,101.0,0,19,25,-3.4945183995660187
4,47,101.0,0,19,26,-4.154826048854119
4,47,101.0,0,20,24,-3.020113330224845
4,47,101.0,0,21,24,-2.546208203745117
4,47,101.0,0,22,24,-2.868507650421762
4,47,101.0,0,23,23,-2.9919930139169892
4,48,102.0,0,12,18,-2.321223379625934
4,48,102.0,0,12,24,-3.9268707093148407
4,48,102.0,0,12,25,-4.857022315980288
4,48,102.0,0,13,19,-2.0436608626506683
4,48,102.0,0,13,23,-3.2409005340303167
4,48,102.0,0,13,26,-5.161742602665839
4,48,102.0,0,14,19,-2.3054608420799596
4,48,102.0,0,14,20,-2.2964054277017283
4,48,102.0,0,14,21,-2.5121299184162353
4,48,102.0,0,14,22,-2.9492442388297064
4,48,102.0,0,14,26,-4.509092072244528
4,48,102.0,0,15,27,-5.5956311717999085
4,48,102.0,0,16,27,-4.8576540731627915
4,48,102.0,0,17,27,-4.684707231134297
4,48,102.0,0,18,27,-5.059150862567122
4,48,102.0,0,19,25,-3.4860478834532103
4,48,102.0,0,19,26,-4.145137853138294
4,48,102.0,0,20,24,-3.014821579902197
4,48,102.0,0,21,24,-2.542522709141359
4,48,102.0,0,22,24,-2.8662983478499378
4,48,102.0,0,23,23,-2.9906266677310747
4,49,103.0,0,12,18,-2.3128468829387927
4,49,103.0,0,12,24,-3.8967763576406185
4,49,103.0,0,12,25,-4.824543008972057
4,49,103.0,0,13,19,-2.0333366513890425
4,49,103.0,0,13,23,-3.2138770124955442
4,49,103.0,0,13,26,-5.12797150842303
4,49,103.0,0,14,19,-2.2964936627328854
4,49,103.0,0,14,20,-2.2832413868253667
4,49,103.0,0,14,21,-2.49539673294025
4,49,103.0,0,14,22,-2.9286615713013333
4,49,103.0,0,14,26,-4.475670898765742
4,49,103.0,0,15,27,-5.563727602807177
4,49,103.0,0,16,27,-4.829199631385535
4,49,103.0,0,17,27,-4.659677851675639
4,49,103.0,0,18,27,-5.0379600726217575
4,49,103.0,0,19,25,-3.471587722653979
4,49,103.0,0,19,26,-4.128777599409673
4,49,103.0,0,20,24,-3.0054687097060295
4,49,103.0,0,21,24,-2.536094648337503
4,49,103.0,0,22,24,-2.862090431416611
4,49,103.0,0,23,23,-2.9877644118978886
4,50,104.0,0,12,18,-2.3039466679765823
4,50,104.0,0,12,24,-3.8663473227158534
4,50,104.0,0,12,25,-4.791782472794978
4,50,104.0,0,13,19,-2.022491979050301
4,50,104.0,0,13,23,-3.1862238876156823
4,50,104.0,0,13,26,-5.0939835170947845
4,50,104.0,0,14,19,-2.287097045982314
4,50,104.0,0,14,20,-2.269613559854463
4,50,104.0,0,14,21,-2.478189643660542
4,50,104.0,0,14,22,-2.9074826040939
4,50,104.0,0,14,26,-4.441939973663722
4,50,104.0,0,15,27,-5.531288532284776
4,50,104.0,0,16,27,-4.800374672167976
4,50,104.0,0,17,27,-4.634201849604892
4,50,104.0,0,18,27,-5.016138744907721
4,50,104.0,0,19,25,-3.456482540990976
4,50,104.0,0,19,26,-4.111778211907321
4,50,104.0,0,20,24,-2.9955487932075187
4,50,104.0,0,21,24,-2.529245885894447
4,50,104.0,0,22,24,-2.8575273983610643
4,50,104.0,0,23,23,-2.984611128321067
4,51,105.0,0,12,18,-2.297446686605781
4,51,105.0,0,12,24,-3.846254333435553
4,51,105.0,0,12,25,-4.770683901546789
4,51,105.0,0,13,19,-2.01448561427722
4,51,105.0,0,13,23,-3.1667044212290136
4,51,105.0,0,13,26,-5.0719440837388845
4,51,105.0,0,14,19,-2.2802728838180073
4,51,105.0,0,14,20,-2.2598345494812406
4,51,105.0,0,14,21,-2.4660760192940216
4,51,105.0,0,14,22,-2.8925176748472268
4,51,105.0,0,14,26,-4.419198680801458
4,51,105.0,0,15,27,-5.509630184552833
4,51,105.0,0,16,27,-4.781192219922474
4,51,105.0,0,17,27,-4.617062686990067
4,51,105.0,0,18,27,-5.001212034514481
4,51,105.0,0,19,25,-3.44572897700408
4,51,105.0,0,19,26,-4.099748070962093
4,51,105.0,0,20,24,-2.9884051998246974
4,51,105.0,0,21,24,-2.524225924179845
4,51,105.0,0,22,24,-2.8542175463567006
4,51,105.0,0,23,23,-2.982353120465376
4,52,106.0,0,12,18,-2.2950973417815064
4,52,106.0,0,12,24,-3.841999883707217
4,52,106.0,0,12,25,-4.767340302610592
4,52,106.0,0,13,19,-2.011310253222284
4,52,106.0,0,13,23,-3.160088856123309
4,52,106.0,0,13,26,-5.068053441573994
4,52,106.0,0,14,19,-2.2778086027644946
4,52,106.0,0,14,20,-2.256392358168682
4,52,106.0,0,14,21,-2.4621829397072617
4,52,106.0,0,14,22,-2.887557183553213
4,52,106.0,0,14,26,-4.413328343654086
4,52,106.0,0,15,27,-5.504745504692295
4,52,106.0,0,16,27,-4.776928330893952
4,52,106.0,0,17,27,-4.612976530769089
4,52,106.0,0,18,27,-4.99734658456498
4,52,106.0,0,19,25,-3.4422143985100746
4,52,106.0,0,19,26,-4.095902088427152
4,52,106.0,0,20,24,-2.9860387766027756
4,52,106.0,0,21,24,-2.5224053273424687
4,52,106.0,0,22,24,-2.8531561368234577
4,52,106.0,0,23,23,-2.9817314097009238
