Iteration,Group,Pname,Category,Subcategory,Mean,Std,CV,N_Params,Is_Reinflation
0,pg0,npfklayer1-gr,Hydraulic Conductivity,K-grid,12.481628032926466,26.778114318113445,214.54023663798444,191,False
1,pg0,npfklayer1-gr,Hydraulic Conductivity,K-grid,11.369440384661461,24.73533376116077,217.5598175837332,191,False
2,pg0,npfklayer1-gr,Hydraulic Conductivity,K-grid,10.304561224091694,22.842725825342633,221.67587079726562,191,False
3,pg0,npfklayer1-gr,Hydraulic Conductivity,K-grid,9.276575294352481,21.30011723336651,229.61186167845673,191,False
4,pg0,npfklayer1-gr,Hydraulic Conductivity,K-grid,10.966532544947732,23.670641111747667,215.8443520295091,191,True
5,pg0,npfklayer1-gr,Hydraulic Conductivity,K-grid,10.016279188002333,22.365768981933822,223.29418501756538,191,False
6,pg0,npfklayer1-gr,Hydraulic Conductivity,K-grid,8.82814726299116,20.672724944556293,234.16832919427245,191,False
7,pg0,npfklayer1-gr,Hydraulic Conductivity,K-grid,7.176337375016735,18.01516465096384,251.03564268983143,191,False
7,pg0,npfklayer1-gr,Hydraulic Conductivity,K-grid,7.176337375016735,18.01516465096384,251.03564268983143,191,False
8,pg0,npfklayer1-gr,Hydraulic Conductivity,K-grid,6.961923725371123,17.686191157565823,254.041725466089,191,False
9,pg0,npfklayer1-gr,Hydraulic Conductivity,K-grid,6.764989042044461,17.255826277228053,255.07545052893587,191,False
10,pg0,npfklayer1-gr,Hydraulic Conductivity,K-grid,8.843512062002581,20.741248006552205,234.5363229125898,191,True
11,pg0,npfklayer1-gr,Hydraulic Conductivity,K-grid,8.209869482653666,20.256041614973547,246.72793712216497,191,False
12,pg0,npfklayer1-gr,Hydraulic Conductivity,K-grid,7.412803919923825,18.987401519373577,256.1433126315406,191,False
13,pg0,npfklayer1-gr,Hydraulic Conductivity,K-grid,7.502775711746862,19.001871242918746,253.26455132022815,191,False
14,pg0,npfklayer1-gr,Hydraulic Conductivity,K-grid,7.620827630047753,19.04160977450512,249.86275374379255,191,False
15,pg0,npfklayer1-gr,Hydraulic Conductivity,K-grid,7.71731637919054,19.2736491637664,249.74548426882026,191,False
16,pg0,npfklayer1-gr,Hydraulic Conductivity,K-grid,7.806879386565883,19.43271400617851,248.91782034724943,191,False
0,pg1,npfklayer1-pp,Hydraulic Conductivity,K-pilot,11.73469665813738,25.62141257482437,218.33894237953987,74,False
1,pg1,npfklayer1-pp,Hydraulic Conductivity,K-pilot,11.042892742458829,24.197077572288464,219.11901289462946,74,False
2,pg1,npfklayer1-pp,Hydraulic Conductivity,K-pilot,12.228599474067936,25.24758474073167,206.4634203963577,74,False
3,pg1,npfklayer1-pp,Hydraulic Conductivity,K-pilot,12.988801738474423,25.346657185003174,195.14238261042408,74,False
4,pg1,npfklayer1-pp,Hydraulic Conductivity,K-pilot,16.176216305665694,29.984605086107702,185.3622906588214,74,True
5,pg1,npfklayer1-pp,Hydraulic Conductivity,K-pilot,15.445337467378907,28.375147260910335,183.7133524653614,74,False
6,pg1,npfklayer1-pp,Hydraulic Conductivity,K-pilot,15.563324795592589,27.8710553031244,179.08162728196268,74,False
7,pg1,npfklayer1-pp,Hydraulic Conductivity,K-pilot,13.554706757359503,25.16693736843542,185.66936060620475,74,False
7,pg1,npfklayer1-pp,Hydraulic Conductivity,K-pilot,13.554706757359503,25.16693736843542,185.66936060620475,74,False
8,pg1,npfklayer1-pp,Hydraulic Conductivity,K-pilot,14.183612437320344,25.666361377406073,180.9578588729059,74,False
9,pg1,npfklayer1-pp,Hydraulic Conductivity,K-pilot,13.894924748094924,24.800242763059735,178.48418190577098,74,False
10,pg1,npfklayer1-pp,Hydraulic Conductivity,K-pilot,19.334053191342075,32.537190766274826,168.28954820940086,74,True
11,pg1,npfklayer1-pp,Hydraulic Conductivity,K-pilot,18.585016870946685,30.741516697854905,165.41021679626266,74,False
12,pg1,npfklayer1-pp,Hydraulic Conductivity,K-pilot,16.873396586816884,28.450815184206487,168.61344447054006,74,False
13,pg1,npfklayer1-pp,Hydraulic Conductivity,K-pilot,16.277144902768477,27.195602476696447,167.07845656685726,74,False
14,pg1,npfklayer1-pp,Hydraulic Conductivity,K-pilot,16.425878553320786,27.460251586102835,167.17676011643988,74,False
15,pg1,npfklayer1-pp,Hydraulic Conductivity,K-pilot,16.253574617923338,27.25292155228309,167.67340226949474,74,False
16,pg1,npfklayer1-pp,Hydraulic Conductivity,K-pilot,17.278706638423394,28.389716492158296,164.30463857188752,74,False
0,pg2,npfklayer1-cn,Hydraulic Conductivity,K-constant,11.456083702061063,25.526988796500262,222.82474063896464,1,False
1,pg2,npfklayer1-cn,Hydraulic Conductivity,K-constant,9.897904229703231,22.02563959222431,222.528315904757,1,False
2,pg2,npfklayer1-cn,Hydraulic Conductivity,K-constant,9.161422070637956,20.635359606500806,225.24188327308298,1,False
3,pg2,npfklayer1-cn,Hydraulic Conductivity,K-constant,6.6422122636842795,15.52252049104523,233.6950382617741,1,False
4,pg2,npfklayer1-cn,Hydraulic Conductivity,K-constant,12.38797239495279,26.505267731714103,213.9596932143076,1,True
5,pg2,npfklayer1-cn,Hydraulic Conductivity,K-constant,10.358966156727357,22.432100677766858,216.54767800548248,1,False
6,pg2,npfklayer1-cn,Hydraulic Conductivity,K-constant,7.2979825566946435,17.63005790834686,241.57440458903693,1,False
7,pg2,npfklayer1-cn,Hydraulic Conductivity,K-constant,6.2310034253319975,15.602100604275927,250.39467224245064,1,False
7,pg2,npfklayer1-cn,Hydraulic Conductivity,K-constant,6.2310034253319975,15.602100604275927,250.39467224245064,1,False
8,pg2,npfklayer1-cn,Hydraulic Conductivity,K-constant,6.314582313578173,15.238738697049776,241.3261549268602,1,False
9,pg2,npfklayer1-cn,Hydraulic Conductivity,K-constant,6.454961458987987,16.032301264200388,248.37175815940412,1,False
10,pg2,npfklayer1-cn,Hydraulic Conductivity,K-constant,14.132998922523399,28.08834912425192,198.743021762269,1,True
11,pg2,npfklayer1-cn,Hydraulic Conductivity,K-constant,11.313838561218317,24.422350802149413,215.86264175506778,1,False
12,pg2,npfklayer1-cn,Hydraulic Conductivity,K-constant,9.238851832054557,20.00720805495665,216.5551349740328,1,False
13,pg2,npfklayer1-cn,Hydraulic Conductivity,K-constant,9.211837100906042,20.019781426264373,217.32669832269727,1,False
14,pg2,npfklayer1-cn,Hydraulic Conductivity,K-constant,9.326185595642727,19.946545674914265,213.87678242467598,1,False
15,pg2,npfklayer1-cn,Hydraulic Conductivity,K-constant,9.541983062505585,20.25337693787802,212.25542746415,1,False
16,pg2,npfklayer1-cn,Hydraulic Conductivity,K-constant,8.761309714721186,18.211014094525385,207.85721184957472,1,False
0,pg3,stosslayer1-gr,Storage,S-grid,184.06263830393175,2615.963970896388,1421.2357244259433,191,False
1,pg3,stosslayer1-gr,Storage,S-grid,173.1645722187461,2469.421166412589,1426.0544953116337,191,False
2,pg3,stosslayer1-gr,Storage,S-grid,144.87803738698582,2112.2836403826896,1457.9736711510925,191,False
3,pg3,stosslayer1-gr,Storage,S-grid,129.43090403029535,2070.2881375938,1599.531543957397,191,False
4,pg3,stosslayer1-gr,Storage,S-grid,149.66117466194427,2182.640251964157,1458.3877594802527,191,True
5,pg3,stosslayer1-gr,Storage,S-grid,173.95668163022162,2734.508781079146,1571.9481168834147,191,False
6,pg3,stosslayer1-gr,Storage,S-grid,344.4615269594316,4946.533592546829,1436.0191793289584,191,False
7,pg3,stosslayer1-gr,Storage,S-grid,134.59231179844892,2343.5711412263986,1741.2370067139352,191,False
7,pg3,stosslayer1-gr,Storage,S-grid,134.59231179844892,2343.5711412263986,1741.2370067139352,191,False
8,pg3,stosslayer1-gr,Storage,S-grid,152.54444929180391,2412.4448105843458,1581.4700710410998,191,False
9,pg3,stosslayer1-gr,Storage,S-grid,207.37513848577692,2948.4751412584606,1421.807436893254,191,False
10,pg3,stosslayer1-gr,Storage,S-grid,230.16861508050482,3040.4753400334,1320.977379548445,191,True
11,pg3,stosslayer1-gr,Storage,S-grid,264.476413958761,3675.380055884064,1389.6815980184738,191,False
12,pg3,stosslayer1-gr,Storage,S-grid,384.03917437488195,5127.726376961052,1335.2091971626814,191,False
13,pg3,stosslayer1-gr,Storage,S-grid,322.28386362708665,4287.622839795014,1330.3870667121596,191,False
14,pg3,stosslayer1-gr,Storage,S-grid,326.96062375800506,4285.81835494374,1310.8056577833738,191,False
15,pg3,stosslayer1-gr,Storage,S-grid,345.64930390710845,4423.761970025403,1279.841133779418,191,False
16,pg3,stosslayer1-gr,Storage,S-grid,358.9954502372936,4437.938167887151,1236.210142761894,191,False
0,pg4,stosslayer1-pp,Storage,S-pilot,437.7471660837592,5001.068987964607,1142.4560512192318,74,False
1,pg4,stosslayer1-pp,Storage,S-pilot,338.960183255627,4159.277114754316,1227.06952622149,74,False
2,pg4,stosslayer1-pp,Storage,S-pilot,300.7543503441931,4178.3187617338335,1389.2795754914366,74,False
3,pg4,stosslayer1-pp,Storage,S-pilot,374.2541123026175,4816.684061895753,1287.0089876263107,74,False
4,pg4,stosslayer1-pp,Storage,S-pilot,471.75527732343477,5206.67643841393,1103.6816520537277,74,True
5,pg4,stosslayer1-pp,Storage,S-pilot,417.5004881920352,4887.4451977063445,1170.6441874765653,74,False
6,pg4,stosslayer1-pp,Storage,S-pilot,476.0064682196668,5648.147345322989,1186.5694528160257,74,False
7,pg4,stosslayer1-pp,Storage,S-pilot,481.6759155983275,5457.650553584358,1133.0544826608118,74,False
7,pg4,stosslayer1-pp,Storage,S-pilot,481.6759155983275,5457.650553584358,1133.0544826608118,74,False
8,pg4,stosslayer1-pp,Storage,S-pilot,520.5549682411701,5656.473419076716,1086.6236544026424,74,False
9,pg4,stosslayer1-pp,Storage,S-pilot,565.9413887905384,5866.198690530126,1036.5382010788533,74,False
10,pg4,stosslayer1-pp,Storage,S-pilot,904.0398018071492,7544.570662052587,834.5396571004076,74,True
11,pg4,stosslayer1-pp,Storage,S-pilot,749.4440138095445,6470.324926837579,863.3500044850418,74,False
12,pg4,stosslayer1-pp,Storage,S-pilot,1337.3564004537054,9577.363408263787,716.1414418037417,74,False
13,pg4,stosslayer1-pp,Storage,S-pilot,969.3009718041019,7398.174031702676,763.2483869208238,74,False
14,pg4,stosslayer1-pp,Storage,S-pilot,882.7839590264933,6789.754445406417,769.1297939865091,74,False
15,pg4,stosslayer1-pp,Storage,S-pilot,950.1015088981683,7208.719136465942,758.7314691064838,74,False
16,pg4,stosslayer1-pp,Storage,S-pilot,1099.4304648802727,8511.551959360639,774.1782887822325,74,False
0,pg5,stosslayer1-cn,Storage,S-constant,76.817242248255,436.33973730170123,568.0231736145322,1,False
1,pg5,stosslayer1-cn,Storage,S-constant,31.771096734816272,154.11966280672496,485.0939333102509,1,False
2,pg5,stosslayer1-cn,Storage,S-constant,18.982442065876093,98.8493675075882,520.7410467238323,1,False
3,pg5,stosslayer1-cn,Storage,S-constant,24.751578043498252,142.01036130545066,573.7426561485601,1,False
4,pg5,stosslayer1-cn,Storage,S-constant,27.290980075154287,155.01908358197946,568.0231459445051,1,True
5,pg5,stosslayer1-cn,Storage,S-constant,16.305499372392315,80.49772888624496,493.6845357986387,1,False
6,pg5,stosslayer1-cn,Storage,S-constant,46.58851236273432,539.1289242410643,1157.2142936083703,1,False
7,pg5,stosslayer1-cn,Storage,S-constant,10.384534303871709,64.13978530874488,617.6471994977317,1,False
7,pg5,stosslayer1-cn,Storage,S-constant,10.384534303871709,64.13978530874488,617.6471994977317,1,False
8,pg5,stosslayer1-cn,Storage,S-constant,18.91716663776952,121.34546303796668,641.4568595895937,1,False
9,pg5,stosslayer1-cn,Storage,S-constant,24.18408372460167,213.8398209331159,884.2171709634948,1,False
10,pg5,stosslayer1-cn,Storage,S-constant,26.28367543769768,149.29735965874525,568.0231442997264,1,True
11,pg5,stosslayer1-cn,Storage,S-constant,183.35829951987515,2314.681760073454,1262.3817771731428,1,False
12,pg5,stosslayer1-cn,Storage,S-constant,112.79171813038599,1410.76341357964,1250.7686175582617,1,False
13,pg5,stosslayer1-cn,Storage,S-constant,138.76099003697288,1752.500052866881,1262.9630650515878,1,False
14,pg5,stosslayer1-cn,Storage,S-constant,143.79417666088182,1773.4477117949523,1233.3237360351368,1,False
15,pg5,stosslayer1-cn,Storage,S-constant,162.66051864375405,1982.8187728849507,1218.9920390132042,1,False
16,pg5,stosslayer1-cn,Storage,S-constant,244.6415937228079,3031.065477265892,1238.9820680698526,1,False
0,pg6,ghbaw-cond-gr,GHB Conductance,GHB-Awanui-cond,256093.02975295615,4184605.760039533,1634.017827067091,419,False
1,pg6,ghbaw-cond-gr,GHB Conductance,GHB-Awanui-cond,196915.28078347415,3480753.9475602736,1767.6403444726425,419,False
2,pg6,ghbaw-cond-gr,GHB Conductance,GHB-Awanui-cond,181474.4163415536,3324964.6185415783,1832.1946892412932,419,False
3,pg6,ghbaw-cond-gr,GHB Conductance,GHB-Awanui-cond,189941.53267190207,3469814.1824565297,1826.780132626474,419,False
4,pg6,ghbaw-cond-gr,GHB Conductance,GHB-Awanui-cond,218565.04565036923,3544450.614720353,1621.6914301979855,419,True
5,pg6,ghbaw-cond-gr,GHB Conductance,GHB-Awanui-cond,407852.40785903676,5634094.504781624,1381.405232926539,419,False
6,pg6,ghbaw-cond-gr,GHB Conductance,GHB-Awanui-cond,547956.604106933,6881124.128954062,1255.7790301969278,419,False
7,pg6,ghbaw-cond-gr,GHB Conductance,GHB-Awanui-cond,141591.5050426632,2801542.1038371124,1978.6088882895726,419,False
7,pg6,ghbaw-cond-gr,GHB Conductance,GHB-Awanui-cond,141591.5050426632,2801542.1038371124,1978.6088882895726,419,False
8,pg6,ghbaw-cond-gr,GHB Conductance,GHB-Awanui-cond,120235.40932771876,2448098.950280827,2036.088173998879,419,False
9,pg6,ghbaw-cond-gr,GHB Conductance,GHB-Awanui-cond,218288.32793227443,3856655.878768236,1766.7714601601567,419,False
10,pg6,ghbaw-cond-gr,GHB Conductance,GHB-Awanui-cond,254523.76146515203,3988073.853309268,1566.8768331695792,419,True
11,pg6,ghbaw-cond-gr,GHB Conductance,GHB-Awanui-cond,551562.1266931881,6717887.964086885,1217.9748461633908,419,False
12,pg6,ghbaw-cond-gr,GHB Conductance,GHB-Awanui-cond,471568.2240552648,6029334.980572046,1278.5710896129945,419,False
13,pg6,ghbaw-cond-gr,GHB Conductance,GHB-Awanui-cond,368938.32281379215,5004763.81178096,1356.531295965946,419,False
14,pg6,ghbaw-cond-gr,GHB Conductance,GHB-Awanui-cond,375334.3354648082,4964680.377452869,1322.7354676477137,419,False
15,pg6,ghbaw-cond-gr,GHB Conductance,GHB-Awanui-cond,383430.3261571092,5030147.545721089,1311.8804649948331,419,False
16,pg6,ghbaw-cond-gr,GHB Conductance,GHB-Awanui-cond,412538.8737722752,5234966.3423280725,1268.963163267328,419,False
0,pg7,ghbaw-cond-cn,GHB Conductance,GHB-Awanui-cond,530523.2490208109,6602723.113231203,1244.5680986493762,1,False
1,pg7,ghbaw-cond-cn,GHB Conductance,GHB-Awanui-cond,486331.04276163154,5308452.688657465,1091.5307109563496,1,False
2,pg7,ghbaw-cond-cn,GHB Conductance,GHB-Awanui-cond,470981.01800239115,4816350.969071484,1022.6210367244635,1,False
3,pg7,ghbaw-cond-cn,GHB Conductance,GHB-Awanui-cond,520161.0662687664,5438694.868400062,1045.5789987153512,1,False
4,pg7,ghbaw-cond-cn,GHB Conductance,GHB-Awanui-cond,536277.7144393626,6628668.186890491,1236.0513980746446,1,True
5,pg7,ghbaw-cond-cn,GHB Conductance,GHB-Awanui-cond,2688288.9730509957,15869094.25596258,590.3046292658192,1,False
6,pg7,ghbaw-cond-cn,GHB Conductance,GHB-Awanui-cond,2205516.3311308087,14336620.16683908,650.0346410714824,1,False
7,pg7,ghbaw-cond-cn,GHB Conductance,GHB-Awanui-cond,1065747.0059761254,9727664.943317797,912.7555497477713,1,False
7,pg7,ghbaw-cond-cn,GHB Conductance,GHB-Awanui-cond,1065747.0059761254,9727664.943317797,912.7555497477713,1,False
8,pg7,ghbaw-cond-cn,GHB Conductance,GHB-Awanui-cond,477279.97237360786,4862556.520670024,1018.80590054671,1,False
9,pg7,ghbaw-cond-cn,GHB Conductance,GHB-Awanui-cond,369107.16459979827,4372375.3370606955,1184.5815406486113,1,False
10,pg7,ghbaw-cond-cn,GHB Conductance,GHB-Awanui-cond,661037.2675791676,7421021.670705871,1122.632873314833,1,True
11,pg7,ghbaw-cond-cn,GHB Conductance,GHB-Awanui-cond,2695238.577786167,15743983.515531918,584.1406265587002,1,False
12,pg7,ghbaw-cond-cn,GHB Conductance,GHB-Awanui-cond,1072225.929797149,9396230.777355896,876.3293738973035,1,False
13,pg7,ghbaw-cond-cn,GHB Conductance,GHB-Awanui-cond,809761.9358631618,7367791.127150998,909.8712597916,1,False
14,pg7,ghbaw-cond-cn,GHB Conductance,GHB-Awanui-cond,862856.5930316995,7154556.939969921,829.1710346480575,1,False
15,pg7,ghbaw-cond-cn,GHB Conductance,GHB-Awanui-cond,901361.3335181816,7244341.70656685,803.7111685599859,1,False
16,pg7,ghbaw-cond-cn,GHB Conductance,GHB-Awanui-cond,722793.6304491056,5539719.709776818,766.431727730463,1,False
0,pg8,ghbpw-cond-gr,GHB Conductance,GHB-Poukawa-cond,310839.87867549126,4760155.950177499,1531.38521687141,25,False
1,pg8,ghbpw-cond-gr,GHB Conductance,GHB-Poukawa-cond,282692.8167425228,4303578.005501417,1522.3513830636612,25,False
2,pg8,ghbpw-cond-gr,GHB Conductance,GHB-Poukawa-cond,216755.22257642177,3543106.528072155,1634.6118381636484,25,False
3,pg8,ghbpw-cond-gr,GHB Conductance,GHB-Poukawa-cond,111303.35490382534,2362316.25479292,2122.41244375261,25,False
4,pg8,ghbpw-cond-gr,GHB Conductance,GHB-Poukawa-cond,186719.34558399703,3109426.869700329,1665.2944342617843,25,True
5,pg8,ghbpw-cond-gr,GHB Conductance,GHB-Poukawa-cond,403284.07965586614,5698144.286987328,1412.9355891880773,25,False
6,pg8,ghbpw-cond-gr,GHB Conductance,GHB-Poukawa-cond,921277.0023704306,9126488.190489022,990.6345395583214,25,False
7,pg8,ghbpw-cond-gr,GHB Conductance,GHB-Poukawa-cond,168514.27768064156,3422099.661758132,2030.7476071810931,25,False
7,pg8,ghbpw-cond-gr,GHB Conductance,GHB-Poukawa-cond,168514.27768064156,3422099.661758132,2030.7476071810931,25,False
8,pg8,ghbpw-cond-gr,GHB Conductance,GHB-Poukawa-cond,83564.66259528986,1881897.5357381238,2252.02553004049,25,False
9,pg8,ghbpw-cond-gr,GHB Conductance,GHB-Poukawa-cond,132819.42272503494,2961261.78166619,2229.5397170914116,25,False
10,pg8,ghbpw-cond-gr,GHB Conductance,GHB-Poukawa-cond,154536.3844314768,3079902.4604132767,1992.9950294514238,25,True
11,pg8,ghbpw-cond-gr,GHB Conductance,GHB-Poukawa-cond,369656.81349552935,5506477.453925315,1489.6188174797192,25,False
12,pg8,ghbpw-cond-gr,GHB Conductance,GHB-Poukawa-cond,520663.82382229407,6711523.564686016,1289.032050549512,25,False
13,pg8,ghbpw-cond-gr,GHB Conductance,GHB-Poukawa-cond,391604.9021859057,5319592.000059979,1358.4079183806082,25,False
14,pg8,ghbpw-cond-gr,GHB Conductance,GHB-Poukawa-cond,396564.47542144876,5144986.672981568,1297.3897037836623,25,False
15,pg8,ghbpw-cond-gr,GHB Conductance,GHB-Poukawa-cond,373872.95540298015,4877407.044140977,1304.5626792887033,25,False
16,pg8,ghbpw-cond-gr,GHB Conductance,GHB-Poukawa-cond,329072.45849117276,4337634.436466628,1318.1396147082855,25,False
0,pg9,ghbpw-cond-cn,GHB Conductance,GHB-Poukawa-cond,7805.273292859813,59383.52922154072,760.8129400909534,1,False
1,pg9,ghbpw-cond-cn,GHB Conductance,GHB-Poukawa-cond,8027.197963267127,69473.39820354825,865.4750826061859,1,False
2,pg9,ghbpw-cond-cn,GHB Conductance,GHB-Poukawa-cond,3358.220907326778,26935.026993324987,802.0623936489603,1,False
3,pg9,ghbpw-cond-cn,GHB Conductance,GHB-Poukawa-cond,5800.530917256109,49857.22075010647,859.5285752513668,1,False
4,pg9,ghbpw-cond-cn,GHB Conductance,GHB-Poukawa-cond,4985.761068754122,37932.31537309837,760.8129400909534,1,True
5,pg9,ghbpw-cond-cn,GHB Conductance,GHB-Poukawa-cond,5190.7628516161085,45900.85630122991,884.2795869000064,1,False
6,pg9,ghbpw-cond-cn,GHB Conductance,GHB-Poukawa-cond,1253.130252649289,11699.785018793704,933.6447663009295,1,False
7,pg9,ghbpw-cond-cn,GHB Conductance,GHB-Poukawa-cond,1408.3542144778492,11993.588732418677,851.6031413919068,1,False
7,pg9,ghbpw-cond-cn,GHB Conductance,GHB-Poukawa-cond,1408.3542144778492,11993.588732418677,851.6031413919068,1,False
8,pg9,ghbpw-cond-cn,GHB Conductance,GHB-Poukawa-cond,429.50380451653064,2396.6805167680586,558.011475466643,1,False
9,pg9,ghbpw-cond-cn,GHB Conductance,GHB-Poukawa-cond,148.74328393745927,928.0700335656031,623.9407985343529,1,False
10,pg9,ghbpw-cond-cn,GHB Conductance,GHB-Poukawa-cond,686.2432070846558,5221.027119994875,760.8129400909032,1,True
11,pg9,ghbpw-cond-cn,GHB Conductance,GHB-Poukawa-cond,798.6787031782096,8832.736810377102,1105.918659810095,1,False
12,pg9,ghbpw-cond-cn,GHB Conductance,GHB-Poukawa-cond,119.48188522330616,748.127801051094,626.1432849447241,1,False
13,pg9,ghbpw-cond-cn,GHB Conductance,GHB-Poukawa-cond,85.53999339384896,528.1451411914185,617.4248094218307,1,False
14,pg9,ghbpw-cond-cn,GHB Conductance,GHB-Poukawa-cond,63.17698180339106,377.699500338968,597.8435334476437,1,False
15,pg9,ghbpw-cond-cn,GHB Conductance,GHB-Poukawa-cond,64.80911019974782,379.84132047795396,586.0924788309036,1,False
16,pg9,ghbpw-cond-cn,GHB Conductance,GHB-Poukawa-cond,55.66304169843891,339.69465388917064,610.2696574317775,1,False
0,pg10,ghbspring-cond-gr,GHB Conductance,GHB-Spring-cond,160137.1586839501,3326586.492807841,2077.3357789950915,12,False
1,pg10,ghbspring-cond-gr,GHB Conductance,GHB-Spring-cond,141253.24638472547,3137338.8751756893,2221.0738198757235,12,False
2,pg10,ghbspring-cond-gr,GHB Conductance,GHB-Spring-cond,224537.19845765817,3943443.856826489,1756.254145822577,12,False
3,pg10,ghbspring-cond-gr,GHB Conductance,GHB-Spring-cond,210038.85058780469,3729160.6371799377,1775.4623141117402,12,False
4,pg10,ghbspring-cond-gr,GHB Conductance,GHB-Spring-cond,231623.079835044,3813885.0490060644,1646.5911133390573,12,True
5,pg10,ghbspring-cond-gr,GHB Conductance,GHB-Spring-cond,675378.4802244243,7492992.054300437,1109.4508151652328,12,False
6,pg10,ghbspring-cond-gr,GHB Conductance,GHB-Spring-cond,1455846.6195326548,11446367.212654606,786.2344191401862,12,False
7,pg10,ghbspring-cond-gr,GHB Conductance,GHB-Spring-cond,291612.1470089012,4494147.543292549,1541.1386629087747,12,False
7,pg10,ghbspring-cond-gr,GHB Conductance,GHB-Spring-cond,291612.1470089012,4494147.543292549,1541.1386629087747,12,False
8,pg10,ghbspring-cond-gr,GHB Conductance,GHB-Spring-cond,63225.09457162051,1026436.2972205518,1623.4634430761016,12,False
9,pg10,ghbspring-cond-gr,GHB Conductance,GHB-Spring-cond,111824.74613259808,2882610.346501979,2577.792882340976,12,False
10,pg10,ghbspring-cond-gr,GHB Conductance,GHB-Spring-cond,80193.6934411485,2271730.454115047,2832.804372306651,12,True
11,pg10,ghbspring-cond-gr,GHB Conductance,GHB-Spring-cond,467473.7406052757,6384813.282142022,1365.8121788563121,12,False
12,pg10,ghbspring-cond-gr,GHB Conductance,GHB-Spring-cond,648137.6078935394,7872537.192371348,1214.6397765680126,12,False
13,pg10,ghbspring-cond-gr,GHB Conductance,GHB-Spring-cond,367431.84120078984,5649702.556778087,1537.6192053237717,12,False
14,pg10,ghbspring-cond-gr,GHB Conductance,GHB-Spring-cond,369199.1566753285,5524230.59944507,1496.2738943369377,12,False
15,pg10,ghbspring-cond-gr,GHB Conductance,GHB-Spring-cond,366679.02566585096,5387074.876880888,1469.1527193568054,12,False
16,pg10,ghbspring-cond-gr,GHB Conductance,GHB-Spring-cond,281295.06213166047,4081978.379380558,1451.1375878578287,12,False
0,pg11,ghbspring-cond-cn,GHB Conductance,GHB-Spring-cond,254869.9688308812,3928730.3558204225,1541.4646040261139,1,False
1,pg11,ghbspring-cond-cn,GHB Conductance,GHB-Spring-cond,270054.24094738136,4095956.3851130228,1516.716186623819,1,False
2,pg11,ghbspring-cond-cn,GHB Conductance,GHB-Spring-cond,437794.7368568454,6446485.616304852,1472.490432979506,1,False
3,pg11,ghbspring-cond-cn,GHB Conductance,GHB-Spring-cond,403824.09305479,5870922.650290238,1453.831693368945,1,False
4,pg11,ghbspring-cond-cn,GHB Conductance,GHB-Spring-cond,431579.0641917137,6322585.485924239,1464.9889233541817,1,True
5,pg11,ghbspring-cond-cn,GHB Conductance,GHB-Spring-cond,438814.61410705437,6354042.791038891,1448.001635945685,1,False
6,pg11,ghbspring-cond-cn,GHB Conductance,GHB-Spring-cond,482144.50345778203,6448620.669372502,1337.487127432774,1,False
7,pg11,ghbspring-cond-cn,GHB Conductance,GHB-Spring-cond,404484.55228232226,5849858.8621922815,1446.2502533617637,1,False
7,pg11,ghbspring-cond-cn,GHB Conductance,GHB-Spring-cond,404484.55228232226,5849858.8621922815,1446.2502533617637,1,False
8,pg11,ghbspring-cond-cn,GHB Conductance,GHB-Spring-cond,75495.85409916658,1092838.4535235667,1447.5476389578735,1,False
9,pg11,ghbspring-cond-cn,GHB Conductance,GHB-Spring-cond,49513.28908879522,696063.9491065918,1405.8123827288014,1,False
10,pg11,ghbspring-cond-cn,GHB Conductance,GHB-Spring-cond,437523.14305851195,6327430.61785393,1446.1933541668068,1,True
11,pg11,ghbspring-cond-cn,GHB Conductance,GHB-Spring-cond,486511.26241682324,6457757.99400689,1327.3604318894766,1,False
12,pg11,ghbspring-cond-cn,GHB Conductance,GHB-Spring-cond,482384.5170044385,6486594.459365439,1344.6937517079873,1,False
13,pg11,ghbspring-cond-cn,GHB Conductance,GHB-Spring-cond,310357.5015283692,4174032.526941762,1344.9111126319017,1,False
14,pg11,ghbspring-cond-cn,GHB Conductance,GHB-Spring-cond,240567.39898861348,3165202.8513600514,1315.7239362719579,1,False
15,pg11,ghbspring-cond-cn,GHB Conductance,GHB-Spring-cond,196394.0616793364,2521600.99779388,1283.9497163162903,1,False
16,pg11,ghbspring-cond-cn,GHB Conductance,GHB-Spring-cond,64409.20696521057,814112.9499163829,1263.9698395232701,1,False
0,pg12,ghbconf-cond-gr,GHB Conductance,GHB-Confined-cond,198745.3682613727,3418824.28181343,1720.203248871334,1423,False
1,pg12,ghbconf-cond-gr,GHB Conductance,GHB-Confined-cond,195704.02742584932,3572470.873203943,1825.4457612312162,1423,False
2,pg12,ghbconf-cond-gr,GHB Conductance,GHB-Confined-cond,174235.52170831247,3262721.6742696688,1872.592708008065,1423,False
3,pg12,ghbconf-cond-gr,GHB Conductance,GHB-Confined-cond,34981.2773931585,1169665.8942960075,3343.691201296057,1423,False
4,pg12,ghbconf-cond-gr,GHB Conductance,GHB-Confined-cond,94332.70772824957,1766154.525106111,1872.2610297522558,1423,True
5,pg12,ghbconf-cond-gr,GHB Conductance,GHB-Confined-cond,90330.55567672744,1969039.3964941949,2179.815436474165,1423,False
6,pg12,ghbconf-cond-gr,GHB Conductance,GHB-Confined-cond,64762.087393301284,1675262.756710434,2586.795491220865,1423,False
7,pg12,ghbconf-cond-gr,GHB Conductance,GHB-Confined-cond,54687.96578801639,1579591.2745116132,2888.370872367947,1423,False
7,pg12,ghbconf-cond-gr,GHB Conductance,GHB-Confined-cond,54687.96578801639,1579591.2745116132,2888.370872367947,1423,False
8,pg12,ghbconf-cond-gr,GHB Conductance,GHB-Confined-cond,65982.32655125315,1884054.0550907645,2855.3919717081912,1423,False
9,pg12,ghbconf-cond-gr,GHB Conductance,GHB-Confined-cond,46355.25529066071,1389709.567461894,2997.954727566524,1423,False
10,pg12,ghbconf-cond-gr,GHB Conductance,GHB-Confined-cond,36673.84885455912,946002.02184696,2579.5002471614252,1423,True
11,pg12,ghbconf-cond-gr,GHB Conductance,GHB-Confined-cond,45488.47341317269,1389486.6287894119,3054.5905908265545,1423,False
12,pg12,ghbconf-cond-gr,GHB Conductance,GHB-Confined-cond,19170.735956029825,653526.4329972471,3408.9793657175255,1423,False
13,pg12,ghbconf-cond-gr,GHB Conductance,GHB-Confined-cond,20567.942991285454,708357.2989557452,3443.9870786100146,1423,False
14,pg12,ghbconf-cond-gr,GHB Conductance,GHB-Confined-cond,21589.4637570281,745200.9165154422,3451.6879386263313,1423,False
15,pg12,ghbconf-cond-gr,GHB Conductance,GHB-Confined-cond,22613.41586422638,771787.2063924536,3412.961628735593,1423,False
16,pg12,ghbconf-cond-gr,GHB Conductance,GHB-Confined-cond,22693.046499536053,836884.962466071,3687.847563715963,1423,False
0,pg13,ghbconf-cond-cn,GHB Conductance,GHB-Confined-cond,34287.544379031664,290955.61421482876,848.5752464465227,1,False
1,pg13,ghbconf-cond-cn,GHB Conductance,GHB-Confined-cond,10252.190001890525,137704.29122583327,1343.1695198824866,1,False
2,pg13,ghbconf-cond-cn,GHB Conductance,GHB-Confined-cond,21080.31735910684,235244.73577214163,1115.944944114014,1,False
3,pg13,ghbconf-cond-cn,GHB Conductance,GHB-Confined-cond,191485.32115592944,2659663.5226957067,1388.9647032160244,1,False
4,pg13,ghbconf-cond-cn,GHB Conductance,GHB-Confined-cond,53452.281800561286,453582.8320204026,848.5752464465226,1,True
5,pg13,ghbconf-cond-cn,GHB Conductance,GHB-Confined-cond,87411.97444513813,1007845.9980281006,1152.9839068681022,1,False
6,pg13,ghbconf-cond-cn,GHB Conductance,GHB-Confined-cond,1252183.5380030372,11000829.400793621,878.5317061696541,1,False
7,pg13,ghbconf-cond-cn,GHB Conductance,GHB-Confined-cond,26875.29263120483,368907.8384070852,1372.6653825482344,1,False
7,pg13,ghbconf-cond-cn,GHB Conductance,GHB-Confined-cond,26875.29263120483,368907.8384070852,1372.6653825482344,1,False
8,pg13,ghbconf-cond-cn,GHB Conductance,GHB-Confined-cond,1221.7000925022444,9383.065292152432,768.0334437017484,1,False
9,pg13,ghbconf-cond-cn,GHB Conductance,GHB-Confined-cond,1075.1487417397755,9607.224654121392,893.5716781452259,1,False
10,pg13,ghbconf-cond-cn,GHB Conductance,GHB-Confined-cond,21650.843195166835,183723.69600113708,848.5752464465223,1,True
11,pg13,ghbconf-cond-cn,GHB Conductance,GHB-Confined-cond,59119.81063791299,822643.7124395045,1391.4857026148027,1,False
12,pg13,ghbconf-cond-cn,GHB Conductance,GHB-Confined-cond,462523.64681380225,6454344.645323052,1395.4626298104436,1,False
13,pg13,ghbconf-cond-cn,GHB Conductance,GHB-Confined-cond,435469.34830822254,6509515.767899036,1494.8275448520526,1,False
14,pg13,ghbconf-cond-cn,GHB Conductance,GHB-Confined-cond,432181.14511743665,6302787.967447786,1458.367177433233,1,False
15,pg13,ghbconf-cond-cn,GHB Conductance,GHB-Confined-cond,454216.12194668356,6522931.978749434,1436.0855248363696,1,False
16,pg13,ghbconf-cond-cn,GHB Conductance,GHB-Confined-cond,482871.2241973474,6772265.970761616,1402.499389359723,1,False
0,pg14,ghbaw-head-hg,GHB Head,GHB-Awanui-head,-0.004564111609773793,0.1650443891247711,-3616.1339431607603,419,False
1,pg14,ghbaw-head-hg,GHB Head,GHB-Awanui-head,-0.0034189337320720842,0.16167970168830598,-4728.9510227014,419,False
2,pg14,ghbaw-head-hg,GHB Head,GHB-Awanui-head,-0.006251417428869125,0.15931714425273175,-2548.4963380785157,419,False
3,pg14,ghbaw-head-hg,GHB Head,GHB-Awanui-head,-0.004897574930230881,0.1572194765180572,-3210.149487404485,419,False
4,pg14,ghbaw-head-hg,GHB Head,GHB-Awanui-head,-0.004890001075347596,0.16573907145802216,-3389.3463192386093,419,True
5,pg14,ghbaw-head-hg,GHB Head,GHB-Awanui-head,-0.00466308438808493,0.16533616089909084,-3545.6394767711317,419,False
6,pg14,ghbaw-head-hg,GHB Head,GHB-Awanui-head,-0.0040991744654315584,0.16539980145308344,-4034.9539364060774,419,False
7,pg14,ghbaw-head-hg,GHB Head,GHB-Awanui-head,-0.009448962474214537,0.15715042172110893,-1663.1500246715962,419,False
7,pg14,ghbaw-head-hg,GHB Head,GHB-Awanui-head,-0.009448962474214537,0.15715042172110893,-1663.1500246715962,419,False
8,pg14,ghbaw-head-hg,GHB Head,GHB-Awanui-head,-0.011032073974486393,0.15678320888273498,-1421.1580637088155,419,False
9,pg14,ghbaw-head-hg,GHB Head,GHB-Awanui-head,-0.01387609958636513,0.15908139492199644,-1146.4417211181756,419,False
10,pg14,ghbaw-head-hg,GHB Head,GHB-Awanui-head,-0.013826051599766895,0.17099670953811977,-1236.7718166262503,419,True
11,pg14,ghbaw-head-hg,GHB Head,GHB-Awanui-head,-0.010256556026196533,0.1717415724008612,-1674.4565326042352,419,False
12,pg14,ghbaw-head-hg,GHB Head,GHB-Awanui-head,-0.007332605177291493,0.17262085796274376,-2354.1545438357584,419,False
13,pg14,ghbaw-head-hg,GHB Head,GHB-Awanui-head,-0.008173504682150312,0.17079739020562928,-2089.646936627133,419,False
14,pg14,ghbaw-head-hg,GHB Head,GHB-Awanui-head,-0.00966019209465122,0.1708924385441783,-1769.0376844452214,419,False
15,pg14,ghbaw-head-hg,GHB Head,GHB-Awanui-head,-0.010626778954888632,0.17165885932141167,-1615.3423351526808,419,False
16,pg14,ghbaw-head-hg,GHB Head,GHB-Awanui-head,-0.011140010940539517,0.17269710983808562,-1550.241833332722,419,False
0,pg15,ghbaw-head-cn,GHB Head,GHB-Awanui-head,-0.016882640972256807,0.15692328730493574,-929.4949028579551,1,False
1,pg15,ghbaw-head-cn,GHB Head,GHB-Awanui-head,-0.01757121369112298,0.15564125166625695,-885.7740529607655,1,False
2,pg15,ghbaw-head-cn,GHB Head,GHB-Awanui-head,-0.02899049592785836,0.15247059319192266,-525.9330284357306,1,False
3,pg15,ghbaw-head-cn,GHB Head,GHB-Awanui-head,-0.040996874683783956,0.14957753398529167,-364.85106520682194,1,False
4,pg15,ghbaw-head-cn,GHB Head,GHB-Awanui-head,-0.040996874683783956,0.1569232873049357,-382.7689025451632,1,True
5,pg15,ghbaw-head-cn,GHB Head,GHB-Awanui-head,-0.0400415848015639,0.1539806294766267,-384.55178594882364,1,False
6,pg15,ghbaw-head-cn,GHB Head,GHB-Awanui-head,-0.04846540973001494,0.14946296873702472,-308.3910144774065,1,False
7,pg15,ghbaw-head-cn,GHB Head,GHB-Awanui-head,-0.01566953635878249,0.14770233190465787,-942.6081826720635,1,False
7,pg15,ghbaw-head-cn,GHB Head,GHB-Awanui-head,-0.01566953635878249,0.14770233190465787,-942.6081826720635,1,False
8,pg15,ghbaw-head-cn,GHB Head,GHB-Awanui-head,0.00789574248098444,0.14734482613422395,1866.1300883239169,1,False
9,pg15,ghbaw-head-cn,GHB Head,GHB-Awanui-head,0.02923328874242121,0.1442843558437066,493.561833275131,1,False
10,pg15,ghbaw-head-cn,GHB Head,GHB-Awanui-head,0.029233288742421194,0.1569232873049357,536.7965564449826,1,True
11,pg15,ghbaw-head-cn,GHB Head,GHB-Awanui-head,0.02348617110545978,0.15986449926420807,680.6750174235285,1,False
12,pg15,ghbaw-head-cn,GHB Head,GHB-Awanui-head,0.05193612993004919,0.1557482877258751,299.8842769679731,1,False
13,pg15,ghbaw-head-cn,GHB Head,GHB-Awanui-head,0.052439198273177536,0.15272861240081345,291.24894626570523,1,False
14,pg15,ghbaw-head-cn,GHB Head,GHB-Awanui-head,0.057073897886598494,0.15232595390338347,266.89250172827445,1,False
15,pg15,ghbaw-head-cn,GHB Head,GHB-Awanui-head,0.06388449266995164,0.15019902222983475,235.11029978090681,1,False
16,pg15,ghbaw-head-cn,GHB Head,GHB-Awanui-head,0.06985671048360773,0.15188971466957474,217.43038516710075,1,False
0,pg16,ghbpw-head-hg,GHB Head,GHB-Poukawa-head,0.00027873530686351984,0.16794606739743367,60252.88625515493,25,False
1,pg16,ghbpw-head-hg,GHB Head,GHB-Poukawa-head,0.0028264144880164074,0.16471277684609012,5827.622860852458,25,False
2,pg16,ghbpw-head-hg,GHB Head,GHB-Poukawa-head,-0.0012480999154910234,0.1618682591752447,-12969.174756458742,25,False
3,pg16,ghbpw-head-hg,GHB Head,GHB-Poukawa-head,-0.005061820902473673,0.15920156325404852,-3145.144135310041,25,False
4,pg16,ghbpw-head-hg,GHB Head,GHB-Poukawa-head,-0.0050156436725550205,0.16817744932428239,-3353.058157710216,25,True
5,pg16,ghbpw-head-hg,GHB Head,GHB-Poukawa-head,-0.003364090571754522,0.16955383744050717,-5040.109171379335,25,False
6,pg16,ghbpw-head-hg,GHB Head,GHB-Poukawa-head,-0.007378720336827985,0.1683107160862893,-2281.0285307363183,25,False
7,pg16,ghbpw-head-hg,GHB Head,GHB-Poukawa-head,0.007729277760890117,0.1578019326778918,2041.6129107995605,25,False
7,pg16,ghbpw-head-hg,GHB Head,GHB-Poukawa-head,0.007729277760890117,0.1578019326778918,2041.6129107995605,25,False
8,pg16,ghbpw-head-hg,GHB Head,GHB-Poukawa-head,0.01864070239992127,0.15679903229285785,841.1648280674237,25,False
9,pg16,ghbpw-head-hg,GHB Head,GHB-Poukawa-head,0.027623062695847876,0.15777295223950996,571.1638639665593,25,False
10,pg16,ghbpw-head-hg,GHB Head,GHB-Poukawa-head,0.027559799472541554,0.16983038880354057,616.2250526269119,25,True
11,pg16,ghbpw-head-hg,GHB Head,GHB-Poukawa-head,0.029233347955692844,0.17054606922049168,583.3956120215094,25,False
12,pg16,ghbpw-head-hg,GHB Head,GHB-Poukawa-head,0.03372886164885444,0.16824502830817203,498.81620690239413,25,False
13,pg16,ghbpw-head-hg,GHB Head,GHB-Poukawa-head,0.03557865312440182,0.16701700410933146,469.43037310982953,25,False
14,pg16,ghbpw-head-hg,GHB Head,GHB-Poukawa-head,0.03670726222855106,0.16760195324719512,456.59072094140987,25,False
15,pg16,ghbpw-head-hg,GHB Head,GHB-Poukawa-head,0.03593949077676412,0.16853194820929993,468.9324878199457,25,False
16,pg16,ghbpw-head-hg,GHB Head,GHB-Poukawa-head,0.04019247633405727,0.16811510150121797,418.27505253455837,25,False
0,pg17,ghbpw-head-cn,GHB Head,GHB-Poukawa-head,0.008056178837484218,0.1678598743054351,2083.616534484162,1,False
1,pg17,ghbpw-head-cn,GHB Head,GHB-Poukawa-head,0.013214372386367907,0.16527384823232816,1250.7128102642732,1,False
2,pg17,ghbpw-head-cn,GHB Head,GHB-Poukawa-head,0.042209460776020204,0.15882489361302599,376.27794976062967,1,False
3,pg17,ghbpw-head-cn,GHB Head,GHB-Poukawa-head,0.05461577357048385,0.16074532301195413,294.3203263513348,1,False
4,pg17,ghbpw-head-cn,GHB Head,GHB-Poukawa-head,0.054615773570483854,0.1678598743054351,307.3468767933959,1,True
5,pg17,ghbpw-head-cn,GHB Head,GHB-Poukawa-head,0.0587218965686441,0.16385624848679245,279.03773219458185,1,False
6,pg17,ghbpw-head-cn,GHB Head,GHB-Poukawa-head,0.06693331311016801,0.1613947937628536,241.1277527786619,1,False
7,pg17,ghbpw-head-cn,GHB Head,GHB-Poukawa-head,0.10601611864314334,0.1540753533456981,145.33200735665966,1,False
7,pg17,ghbpw-head-cn,GHB Head,GHB-Poukawa-head,0.10601611864314334,0.1540753533456981,145.33200735665966,1,False
8,pg17,ghbpw-head-cn,GHB Head,GHB-Poukawa-head,0.11845148846787132,0.15299449620726563,129.16215590550703,1,False
9,pg17,ghbpw-head-cn,GHB Head,GHB-Poukawa-head,0.13494304759019055,0.1517213216256651,112.43359649504035,1,False
10,pg17,ghbpw-head-cn,GHB Head,GHB-Poukawa-head,0.13481089540047925,0.16756534120258754,124.29658649236437,1,True
11,pg17,ghbpw-head-cn,GHB Head,GHB-Poukawa-head,0.15900989436161647,0.16081961476782256,101.13811811112237,1,False
12,pg17,ghbpw-head-cn,GHB Head,GHB-Poukawa-head,0.17964937373051063,0.15860545328081563,88.28611532970737,1,False
13,pg17,ghbpw-head-cn,GHB Head,GHB-Poukawa-head,0.17353254827105866,0.15699386712771335,90.46940685875724,1,False
14,pg17,ghbpw-head-cn,GHB Head,GHB-Poukawa-head,0.18306133793679288,0.1534493559269613,83.82401093339766,1,False
15,pg17,ghbpw-head-cn,GHB Head,GHB-Poukawa-head,0.1804101135554565,0.15364130693116995,85.16224722841935,1,False
16,pg17,ghbpw-head-cn,GHB Head,GHB-Poukawa-head,0.1806805953209651,0.15210692727923936,84.18553581198533,1,False
0,pg18,ghbspring-head-hg,GHB Head,GHB-Spring-head,-0.010970929515922255,0.1627019124955717,-1483.027598157843,12,False
1,pg18,ghbspring-head-hg,GHB Head,GHB-Spring-head,-0.006982094902980312,0.1603833019479584,-2297.0656253827015,12,False
2,pg18,ghbspring-head-hg,GHB Head,GHB-Spring-head,0.009387356831735064,0.1587600565844215,1691.2114818914145,12,False
3,pg18,ghbspring-head-hg,GHB Head,GHB-Spring-head,0.031828290073266034,0.15500532678330342,487.0048828463428,12,False
4,pg18,ghbspring-head-hg,GHB Head,GHB-Spring-head,0.031752177515485674,0.16268587518209082,512.3613179056719,12,True
5,pg18,ghbspring-head-hg,GHB Head,GHB-Spring-head,0.04603506953261611,0.1618113044461838,351.4957315998829,12,False
6,pg18,ghbspring-head-hg,GHB Head,GHB-Spring-head,0.06016684295312716,0.16151779921706522,268.44984926813476,12,False
7,pg18,ghbspring-head-hg,GHB Head,GHB-Spring-head,0.08974683429525897,0.1491225078664422,166.15907294940638,12,False
7,pg18,ghbspring-head-hg,GHB Head,GHB-Spring-head,0.08974683429525897,0.1491225078664422,166.15907294940638,12,False
8,pg18,ghbspring-head-hg,GHB Head,GHB-Spring-head,0.0990585391197578,0.14723343654902035,148.63275580010423,12,False
9,pg18,ghbspring-head-hg,GHB Head,GHB-Spring-head,0.11145373630439566,0.14293080244413692,128.24227090402155,12,False
10,pg18,ghbspring-head-hg,GHB Head,GHB-Spring-head,0.11102381815367157,0.16261094248987287,146.4649164423421,12,True
11,pg18,ghbspring-head-hg,GHB Head,GHB-Spring-head,0.13422114823135342,0.1603793825070479,119.48890664428397,12,False
12,pg18,ghbspring-head-hg,GHB Head,GHB-Spring-head,0.13860190079026116,0.154097779209484,111.18013413298851,12,False
13,pg18,ghbspring-head-hg,GHB Head,GHB-Spring-head,0.13392534841222214,0.15345625289379233,114.58342629914546,12,False
14,pg18,ghbspring-head-hg,GHB Head,GHB-Spring-head,0.13753865815555383,0.153681173216375,111.7367111743698,12,False
15,pg18,ghbspring-head-hg,GHB Head,GHB-Spring-head,0.13926993619534908,0.15434463025914563,110.82408341356013,12,False
16,pg18,ghbspring-head-hg,GHB Head,GHB-Spring-head,0.14144845390301133,0.15540629039974277,109.8677900758831,12,False
0,pg19,ghbspring-head-cn,GHB Head,GHB-Spring-head,0.00041018765227195965,0.15829804912550524,38591.61733628969,1,False
1,pg19,ghbspring-head-cn,GHB Head,GHB-Spring-head,0.003523717012249139,0.15481104783944807,4393.401833952448,1,False
2,pg19,ghbspring-head-cn,GHB Head,GHB-Spring-head,0.02190680447764242,0.15066301774630153,687.7452980422806,1,False
3,pg19,ghbspring-head-cn,GHB Head,GHB-Spring-head,-0.00267549970227131,0.14612356242558083,-5461.542840073287,1,False
4,pg19,ghbspring-head-cn,GHB Head,GHB-Spring-head,-0.0026754997022713123,0.15829804912550524,-5916.578835389937,1,True
5,pg19,ghbspring-head-cn,GHB Head,GHB-Spring-head,-0.0008151044922676426,0.15794582736342105,-19377.371718810125,1,False
6,pg19,ghbspring-head-cn,GHB Head,GHB-Spring-head,0.009952872129268662,0.15138838966396848,1521.0522922200198,1,False
7,pg19,ghbspring-head-cn,GHB Head,GHB-Spring-head,0.06347463628633779,0.12524345027097272,197.31259223919332,1,False
7,pg19,ghbspring-head-cn,GHB Head,GHB-Spring-head,0.06347463628633779,0.12524345027097272,197.31259223919332,1,False
8,pg19,ghbspring-head-cn,GHB Head,GHB-Spring-head,0.09210569784060561,0.1214292484838277,131.83684759000278,1,False
9,pg19,ghbspring-head-cn,GHB Head,GHB-Spring-head,0.08954324868306549,0.11463301923404226,128.0197233403726,1,False
10,pg19,ghbspring-head-cn,GHB Head,GHB-Spring-head,0.08898459644609821,0.15674358641765113,176.14687561413783,1,True
11,pg19,ghbspring-head-cn,GHB Head,GHB-Spring-head,0.10576173469574074,0.16722641121741222,158.11617661008995,1,False
12,pg19,ghbspring-head-cn,GHB Head,GHB-Spring-head,0.1225916789160703,0.1597692287194579,130.32632404752397,1,False
13,pg19,ghbspring-head-cn,GHB Head,GHB-Spring-head,0.11248205242980974,0.15268479261938353,135.74147103571107,1,False
14,pg19,ghbspring-head-cn,GHB Head,GHB-Spring-head,0.12742265304825187,0.14762787040250233,115.85684873991693,1,False
15,pg19,ghbspring-head-cn,GHB Head,GHB-Spring-head,0.12843421576712527,0.14898080707678038,115.99775510515815,1,False
16,pg19,ghbspring-head-cn,GHB Head,GHB-Spring-head,0.1255164346807906,0.150598141554905,119.98280698292729,1,False
0,pg20,ghbconf-head-hg,GHB Head,GHB-Confined-head,-0.014129916180721694,0.1702693284949169,-1205.0271658881159,1423,False
1,pg20,ghbconf-head-hg,GHB Head,GHB-Confined-head,-0.02091091904386751,0.1661751346308623,-794.6811628998968,1423,False
2,pg20,ghbconf-head-hg,GHB Head,GHB-Confined-head,-0.05067269467953229,0.16251021401140137,-320.70568782489175,1423,False
3,pg20,ghbconf-head-hg,GHB Head,GHB-Confined-head,-0.05623621595400982,0.15976286786242025,-284.09249298188,1423,False
4,pg20,ghbconf-head-hg,GHB Head,GHB-Confined-head,-0.0561351337403852,0.17018350231864782,-303.1675369399058,1423,True
5,pg20,ghbconf-head-hg,GHB Head,GHB-Confined-head,-0.06116864133128013,0.1659403002456848,-271.28328606642935,1423,False
6,pg20,ghbconf-head-hg,GHB Head,GHB-Confined-head,-0.07981029490654104,0.16239148828357974,-203.47185594758471,1423,False
7,pg20,ghbconf-head-hg,GHB Head,GHB-Confined-head,-0.09140676454071159,0.15668545861697572,-171.41560518443873,1423,False
7,pg20,ghbconf-head-hg,GHB Head,GHB-Confined-head,-0.09140676454071159,0.15668545861697572,-171.41560518443873,1423,False
8,pg20,ghbconf-head-hg,GHB Head,GHB-Confined-head,-0.08834646179447272,0.15337630761470636,-173.60775349613618,1423,False
9,pg20,ghbconf-head-hg,GHB Head,GHB-Confined-head,-0.09908794804157395,0.1534094279075243,-154.82148025021053,1423,False
10,pg20,ghbconf-head-hg,GHB Head,GHB-Confined-head,-0.09857337741330431,0.1726050086735151,-175.10306860016226,1423,True
11,pg20,ghbconf-head-hg,GHB Head,GHB-Confined-head,-0.11606221291215628,0.1688019630136948,-145.44093101296934,1423,False
12,pg20,ghbconf-head-hg,GHB Head,GHB-Confined-head,-0.11838913337525013,0.17003533755289105,-143.6241086535716,1423,False
13,pg20,ghbconf-head-hg,GHB Head,GHB-Confined-head,-0.11726578771304105,0.1695859018790245,-144.61669101137582,1423,False
14,pg20,ghbconf-head-hg,GHB Head,GHB-Confined-head,-0.11911247262574745,0.1679705175615377,-141.01841214337202,1423,False
15,pg20,ghbconf-head-hg,GHB Head,GHB-Confined-head,-0.12072991128753745,0.16814671881998888,-139.27511171570464,1423,False
16,pg20,ghbconf-head-hg,GHB Head,GHB-Confined-head,-0.12230195431592455,0.16863950814927742,-137.88782778863526,1423,False
0,pg21,ghbconf-head-cn,GHB Head,GHB-Confined-head,0.00037319511014972663,0.17207440679142721,46108.430178088514,1,False
1,pg21,ghbconf-head-cn,GHB Head,GHB-Confined-head,-0.00885706130123928,0.16522674299386486,-1865.4804045529904,1,False
2,pg21,ghbconf-head-cn,GHB Head,GHB-Confined-head,-0.00886775233668374,0.16227445651673908,-1829.9389783975926,1,False
3,pg21,ghbconf-head-cn,GHB Head,GHB-Confined-head,0.0022235061467692947,0.1616563803539635,7270.33656231833,1,False
4,pg21,ghbconf-head-cn,GHB Head,GHB-Confined-head,0.002216104902622831,0.17205295519844074,7763.755000713665,1,True
5,pg21,ghbconf-head-cn,GHB Head,GHB-Confined-head,0.0011627371433289005,0.16593784194353464,14271.31169719554,1,False
6,pg21,ghbconf-head-cn,GHB Head,GHB-Confined-head,0.007741220979340021,0.16843605805489473,2175.833224557488,1,False
7,pg21,ghbconf-head-cn,GHB Head,GHB-Confined-head,-0.003191919563961984,0.15555740863227124,-4873.475208729412,1,False
7,pg21,ghbconf-head-cn,GHB Head,GHB-Confined-head,-0.003191919563961984,0.15555740863227124,-4873.475208729412,1,False
8,pg21,ghbconf-head-cn,GHB Head,GHB-Confined-head,-0.021952621038102388,0.154303265483674,-702.8922205501351,1,False
9,pg21,ghbconf-head-cn,GHB Head,GHB-Confined-head,-0.057861818350748224,0.15612256602166447,-269.8196677388823,1,False
10,pg21,ghbconf-head-cn,GHB Head,GHB-Confined-head,-0.05762596734401151,0.17142759693475232,-297.48324381502476,1,True
11,pg21,ghbconf-head-cn,GHB Head,GHB-Confined-head,-0.08274061074766771,0.17494266246945878,-211.43506301032477,1,False
12,pg21,ghbconf-head-cn,GHB Head,GHB-Confined-head,-0.0915859241125253,0.17521300035544826,-191.30996608187974,1,False
13,pg21,ghbconf-head-cn,GHB Head,GHB-Confined-head,-0.08951757832563557,0.17073407929527273,-190.72687452982495,1,False
14,pg21,ghbconf-head-cn,GHB Head,GHB-Confined-head,-0.09677676898259954,0.17291507659789546,-178.6741574612659,1,False
15,pg21,ghbconf-head-cn,GHB Head,GHB-Confined-head,-0.09909953163477003,0.1737079448139962,-175.28634288020095,1,False
16,pg21,ghbconf-head-cn,GHB Head,GHB-Confined-head,-0.09101416996360615,0.17452421025212678,-191.75498751668428,1,False
